rank,player,market,line,game,n_books,team,pos,opp,home,implied_total,proj,base_avg,opp_adj,n_games,last5,hit_last5,pick,odds,book,p_model,p_fair,edge,ev,flags,note,longshot
1,Bam Knight,anytime_td,0.5,Detroit Lions @ Arizona Cardinals,1,ARI,RB,DET,true,24.5,0.3,8.1,1.065,12,"0, 0, 0, 1, 1",2/5,over,1600,fanduel,0.121,0.054,0.066,1.049,only 1 game this season; huge gap vs market: check news/role,"",true
2,DJ Giddens,anytime_td,0.5,Indianapolis Colts @ Pittsburgh Steelers,2,IND,RB,PIT,false,21.0,0.1,5.6,1.065,5,"0, 0, 0, 0, 0",0/5,over,2500,fanduel,0.065,0.04,0.025,0.699,only 0 games this season,"",true
3,Alec Ingold,anytime_td,0.5,Denver Broncos @ Los Angeles Chargers,3,LAC,FB,DEN,true,19.0,0.1,1.5,1.0,12,"0, 0, 0, 0, 0",0/5,over,2500,draftkings,0.062,0.052,0.01,0.603,"","",true
4,Jaleel McLaughlin,anytime_td,0.5,Cleveland Browns @ New York Jets,3,CLE,RB,NYJ,false,18.5,0.1,3.7,1.2,10,"1, 0, 0, 0, 0",1/5,over,2200,fanduel,0.069,0.049,0.021,0.595,only 2 games this season,"",true
5,Devin Singletary,anytime_td,0.5,New York Giants @ Washington Commanders,2,NYG,RB,WAS,false,19.0,0.3,9.1,0.833,12,"0, 1, 1, 1, 0",3/5,over,1100,draftkings,0.133,0.077,0.056,0.594,only 2 games this season,"",true
6,Kevin Austin,anytime_td,0.5,Minnesota Vikings @ New Orleans Saints,3,NO,WR,MIN,true,19.5,0.2,3.7,0.92,6,"0, 0, 1, 0, 0",1/5,over,1850,betmgm,0.081,0.051,0.029,0.571,only 1 game this season,"",true
7,Andrew Beck,anytime_td,0.5,Cleveland Browns @ New York Jets,2,NYJ,FB,CLE,true,21.0,0.1,0.6,1.0,12,"0, 0, 1, 0, 0",1/5,over,4000,draftkings,0.037,0.027,0.01,0.525,only 2 games this season,"",true
8,Michael Burton,anytime_td,0.5,Cleveland Browns @ New York Jets,2,CLE,FB,NYJ,false,18.5,0.1,1.0,1.0,1,0,0/1,over,3500,fanduel,0.042,0.031,0.011,0.518,only 1 game this season,"",true
9,Luke McCaffrey,anytime_td,0.5,New York Giants @ Washington Commanders,2,WAS,WR,NYG,true,22.5,0.1,1.2,1.133,10,"0, 0, 0, 0, 1",1/5,over,1900,draftkings,0.074,0.065,0.009,0.485,only 1 game this season,"",true
10,Connor Heyward,anytime_td,0.5,Las Vegas Raiders @ New England Patriots,3,LV,FB,NE,false,21.0,0.2,1.6,1.0,12,"0, 0, 0, 0, 1",1/5,over,1300,fanduel,0.104,0.083,0.021,0.46,"","",true
11,Jahdae Walker,anytime_td,0.5,Chicago Bears @ Green Bay Packers,2,CHI,WR,GB,false,24.0,0.2,1.7,0.92,7,"1, 1, 0, 1, 0",3/5,over,1500,draftkings,0.089,0.065,0.025,0.43,only 1 game this season,"",true
12,Tyrone Tracy Jr.,anytime_td,0.5,New York Giants @ Washington Commanders,3,NYG,RB,WAS,false,19.0,0.1,7.0,0.833,12,"0, 0, 0, 0, 1",1/5,over,1100,fanduel,0.118,0.114,0.004,0.42,"","",true
13,Theo Johnson,anytime_td,0.5,New York Giants @ Washington Commanders,3,NYG,TE,WAS,false,19.0,0.2,3.2,1.2,12,"1, 0, 0, 0, 0",1/5,over,950,draftkings,0.134,0.112,0.022,0.412,"","",true
14,Erick All,anytime_td,0.5,Cincinnati Bengals @ Miami Dolphins,3,CIN,TE,MIA,false,24.5,0.2,3.0,0.994,1,0,0/1,over,1300,betmgm,0.1,0.074,0.026,0.403,only 1 game this season,"",true
15,Ian Thomas,anytime_td,0.5,Las Vegas Raiders @ New England Patriots,3,LV,TE,NE,false,21.0,0.1,1.6,0.8,11,"1, 0, 0, 0, 0",1/5,over,2500,betmgm,0.054,0.039,0.015,0.4,only 2 games this season,"",true
16,Kirk Cousins,anytime_td,0.5,Las Vegas Raiders @ New England Patriots,3,LV,QB,NE,false,21.0,0.1,2.4,1.133,12,"0, 0, 0, 0, 0",0/5,over,2000,fanduel,0.066,0.051,0.015,0.376,"","",true
17,Jalen Tolbert,anytime_td,0.5,Cincinnati Bengals @ Miami Dolphins,3,MIA,WR,CIN,true,18.0,0.1,2.2,1.027,12,"0, 0, 0, 0, 0",0/5,over,2500,betmgm,0.052,0.041,0.011,0.356,only 1 game this season,"",true
18,Elijah Moore,anytime_td,0.5,Philadelphia Eagles @ Jacksonville Jaguars,3,BUF,WR,LA,false,25.8,0.1,2.6,1.2,9,"0, 0, 0, 0, 0",0/5,over,1500,draftkings,0.084,0.077,0.007,0.352,only 0 games this season,"",true
19,Kene Nwangwu,anytime_td,0.5,Cleveland Browns @ New York Jets,3,NYJ,RB,CLE,true,21.0,0.0,1.8,0.8,11,"0, 0, 0, 0, 0",0/5,over,3500,betmgm,0.037,0.033,0.004,0.341,only 1 game this season,"",true
20,Ray Davis,anytime_td,0.5,Buffalo Bills @ Los Angeles Rams,3,BUF,RB,LA,false,25.8,0.1,3.4,0.8,12,"0, 0, 0, 1, 0",1/5,over,1900,fanduel,0.067,0.056,0.01,0.334,"","",true
21,Isaac TeSlaa,anytime_td,0.5,Detroit Lions @ Arizona Cardinals,3,DET,WR,ARI,false,30.0,0.4,4.0,1.2,12,"0, 0, 0, 0, 0",0/5,over,450,draftkings,0.242,0.198,0.044,0.33,"","",true
22,Nicholas Singleton,anytime_td,0.5,Houston Texans @ Tennessee Titans,3,TEN,RB,HOU,true,15.0,0.1,3.5,0.949,2,"0, 0",0/2,over,1900,fanduel,0.066,0.059,0.007,0.329,only 2 games this season,"",true
23,Chris Moore,anytime_td,0.5,Baltimore Ravens @ Atlanta Falcons,3,BAL,WR,ATL,false,20.2,0.1,2.1,0.92,12,"1, 0, 0, 0, 0",1/5,over,1800,fanduel,0.07,0.054,0.015,0.324,"","",true
24,Josiah Deguara,anytime_td,0.5,Philadelphia Eagles @ Jacksonville Jaguars,2,ARI,TE,DET,true,24.5,0.1,0.9,1.2,7,"1, 0, 0, 0, 0",1/5,over,3500,draftkings,0.037,0.026,0.011,0.322,only 0 games this season,"",true
25,Nate Adkins,anytime_td,0.5,Denver Broncos @ Los Angeles Chargers,3,DEN,TE,LAC,false,22.5,0.2,2.0,0.8,9,"1, 1, 0, 0, 0",2/5,over,1200,draftkings,0.101,0.076,0.024,0.31,"","",true
26,Mark Redman,anytime_td,0.5,Chicago Bears @ Green Bay Packers,2,GB,TE,CHI,true,21.5,0.1,2.0,0.8,1,0,0/1,over,1900,fanduel,0.065,0.048,0.018,0.302,only 1 game this season,"",true
27,Kylen Granson,anytime_td,0.5,Houston Texans @ Tennessee Titans,2,PHI,TE,JAX,false,17.0,0.0,1.1,0.994,12,"0, 0, 0, 0, 0",0/5,over,4000,draftkings,0.032,0.025,0.007,0.297,only 0 games this season,"",true
28,Sam Roush,anytime_td,0.5,Chicago Bears @ Green Bay Packers,3,CHI,TE,GB,false,24.0,0.1,1.6,0.994,3,"0, 0, 0",0/3,over,1800,draftkings,0.067,0.06,0.007,0.279,"","",true
29,Jeremy Ruckert,anytime_td,0.5,Cleveland Browns @ New York Jets,3,NYJ,TE,CLE,true,21.0,0.2,2.7,1.191,12,"1, 0, 0, 0, 0",1/5,over,1200,betmgm,0.098,0.08,0.018,0.276,"","",true
30,Josh Whyle,anytime_td,0.5,Chicago Bears @ Green Bay Packers,2,GB,TE,CHI,true,21.5,0.1,1.0,0.8,6,"0, 0, 0, 0, 0",0/5,over,3000,draftkings,0.041,0.03,0.011,0.273,only 0 games this season,"",true
31,Jared Wayne,anytime_td,0.5,Houston Texans @ Tennessee Titans,3,HOU,WR,TEN,false,22.5,0.1,3.9,0.92,4,"0, 0, 0, 0",0/4,over,1400,draftkings,0.085,0.062,0.023,0.272,"","",true
32,Adam Prentice,anytime_td,0.5,Denver Broncos @ Los Angeles Chargers,3,DEN,FB,LAC,false,22.5,0.1,0.8,1.0,12,"0, 0, 0, 0, 0",0/5,over,2200,fanduel,0.055,0.052,0.003,0.27,"","",true
33,Kenny Gainwell,anytime_td,0.5,Tampa Bay Buccaneers @ Dallas Cowboys,3,TB,RB,DAL,false,20.0,0.3,8.7,1.182,12,"1, 0, 0, 0, 1",2/5,over,550,draftkings,0.195,0.164,0.03,0.266,"","",true
34,Cade Stover,anytime_td,0.5,Houston Texans @ Tennessee Titans,3,HOU,TE,TEN,false,22.5,0.1,2.1,0.994,8,"0, 0, 0, 0, 0",0/5,over,1700,draftkings,0.07,0.061,0.009,0.265,only 2 games this season,"",true
35,Brock Purdy,anytime_td,0.5,San Francisco 49ers @ Seattle Seahawks,3,SF,QB,SEA,false,21.2,0.3,4.8,0.8,12,"0, 0, 1, 0, 0",1/5,over,600,draftkings,0.181,0.155,0.025,0.264,"","",true
36,Jelani Woods,anytime_td,0.5,Cleveland Browns @ New York Jets,3,NYJ,TE,CLE,true,21.0,0.1,1.1,1.191,4,"0, 0, 0, 0",0/4,over,1850,betmgm,0.065,0.068,-0.003,0.262,only 2 games this season,"",true
37,Tory Horton,anytime_td,0.5,San Francisco 49ers @ Seattle Seahawks,3,SEA,WR,SF,true,24.2,0.3,2.4,0.92,10,"1, 0, 2, 0, 0",2/5,over,625,betmgm,0.173,0.141,0.031,0.253,only 2 games this season,"",true
38,Xavier Hutchinson,rec_yds,16.5,Houston Texans @ Tennessee Titans,1,HOU,WR,TEN,false,22.5,40.1,38.5,1.042,12,"46, 51, 37, 32, 84",5/5,over,105,betmgm,0.604,0.455,0.148,0.238,line far from history: new role?,"",false
39,Kaelon Black,anytime_td,0.5,San Francisco 49ers @ Seattle Seahawks,3,SF,RB,SEA,false,21.2,0.2,7.7,0.949,4,"0, 0, 0, 0",0/4,over,800,fanduel,0.137,0.127,0.011,0.235,"","",true
40,KaVontae Turpin,rec_yds,0.5,Tampa Bay Buccaneers @ Dallas Cowboys,1,DAL,WR,TB,true,28.5,10.8,11.6,0.88,12,"0, 9, 0, 8, 0",2/5,over,-103,draftkings,0.625,0.48,0.145,0.232,role change (26 last season -> 4 this season); line far from history: new role?; fringe player line,"",false
41,DJ Herman,anytime_td,0.5,Cincinnati Bengals @ Miami Dolphins,3,MIA,RB,CIN,true,18.0,0.0,1.4,0.833,2,"0, 0",0/2,over,2700,fanduel,0.044,0.046,-0.003,0.23,only 2 games this season,"",true
42,Kendre Miller,anytime_td,0.5,Minnesota Vikings @ New Orleans Saints,3,NO,RB,MIN,true,19.5,0.2,7.9,0.8,10,"0, 0, 1, 0, 0",1/5,over,380,fanduel,0.256,0.28,-0.024,0.229,"","",false
43,Kirk Cousins,rush_yds,0.5,Las Vegas Raiders @ New England Patriots,2,LV,QB,NE,false,21.0,-0.0,-0.0,0.9,12,"0, 3, 1, -6, 0",2/5,under,-118,draftkings,0.664,0.52,0.144,0.226,role change (1 last season -> -0 this season); line far from history: new role?; fringe player line,"",false
44,Elijah Sarratt,anytime_td,0.5,Baltimore Ravens @ Atlanta Falcons,2,BAL,WR,ATL,false,20.2,0.1,2.0,0.92,1,0,0/1,over,2000,fanduel,0.058,0.046,0.012,0.224,only 1 game this season,"",true
45,Kevin Coleman Jr.,rec_yds,18.5,Cincinnati Bengals @ Miami Dolphins,1,MIA,WR,CIN,true,18.0,1.9,2.2,0.944,3,"3, 3, 0",0/3,under,-114,fanduel,0.65,0.5,0.15,0.22,line far from history: new role?,"",false
46,Matthew Stafford,rush_yds,0.5,Buffalo Bills @ Los Angeles Rams,1,LA,QB,BUF,true,28.8,5.9,4.7,1.158,12,"10, 13, -1, -1, 3",3/5,over,-115,draftkings,0.653,0.506,0.146,0.22,role change (0 last season -> 5 this season); line far from history: new role?; fringe player line,"",false
47,Aaron Rodgers,rush_yds,0.5,Indianapolis Colts @ Pittsburgh Steelers,2,PIT,QB,IND,true,23.5,5.4,4.5,1.2,12,"0, 10, 5, -3, 20",3/5,over,-114,fanduel,0.649,0.506,0.143,0.219,line far from history: new role?; fringe player line,"",false
48,Ty Johnson,anytime_td,0.5,Buffalo Bills @ Los Angeles Rams,3,BUF,RB,LA,false,25.8,0.3,5.6,0.8,12,"0, 0, 2, 0, 1",2/5,over,650,fanduel,0.163,0.137,0.026,0.219,only 2 games this season,"",true
49,Emanuel Wilson,receptions,1.5,San Francisco 49ers @ Seattle Seahawks,3,SEA,RB,SF,true,24.2,1.0,0.8,1.2,12,"3, 0, 0, 0, 1",1/5,under,140,fanduel,0.508,0.411,0.096,0.218,"","",false
50,Kevin Coleman Jr.,receptions,1.5,Cincinnati Bengals @ Miami Dolphins,1,MIA,WR,CIN,true,18.0,0.7,0.7,0.942,3,"1, 1, 0",0/3,under,118,fanduel,0.557,0.428,0.129,0.215,line far from history: new role?,"",false
51,Will Shipley,rush_yds,35.5,Philadelphia Eagles @ Jacksonville Jaguars,2,PHI,RB,JAX,false,17.0,7.4,9.7,0.807,12,"23, 0, 24, 4, 2",0/5,under,-113,draftkings,0.644,0.501,0.143,0.213,role change (4 last season -> 13 this season); line far from history: new role?,"",false
52,Jordan Love,rush_yds,6.5,Chicago Bears @ Green Bay Packers,2,GB,QB,CHI,true,21.5,1.9,2.0,0.99,12,"-8, 0, 0, 0, 7",1/5,under,-108,draftkings,0.63,0.496,0.134,0.213,role change (13 last season -> -2 this season); line far from history: new role?; fringe player line,"",false
53,Tutu Atwell,anytime_td,0.5,Buffalo Bills @ Los Angeles Rams,3,LA,WR,BUF,true,28.8,0.1,1.8,1.2,10,"0, 0, 0, 0, 0",0/5,over,1600,fanduel,0.071,0.06,0.011,0.213,only 2 games this season,"",true
54,Tyson Bagent,rush_yds,10.5,Chicago Bears @ Green Bay Packers,2,CHI,QB,GB,false,24.0,1.5,1.3,1.068,4,"1, 0, 0, 7",0/4,under,-114,fanduel,0.646,0.5,0.146,0.213,line far from history: new role?; fringe player line; only 2 games this season,"",false
55,Xavier Hutchinson,rec_yds,14.5,Houston Texans @ Tennessee Titans,1,HOU,WR,TEN,false,22.5,40.1,38.5,1.042,12,"46, 51, 37, 32, 84",5/5,over,-113,draftkings,0.643,0.502,0.141,0.212,line far from history: new role?; fringe player line,"",false
56,Tyson Bagent,rush_yds,11.5,Chicago Bears @ Green Bay Packers,1,CHI,QB,GB,false,24.0,1.5,1.3,1.068,4,"1, 0, 0, 7",0/4,under,-120,draftkings,0.659,0.517,0.142,0.208,line far from history: new role?; fringe player line; only 2 games this season,"",false
57,Austin Hooper,anytime_td,0.5,Baltimore Ravens @ Atlanta Falcons,3,ATL,TE,BAL,true,23.2,0.2,2.1,0.994,12,"0, 1, 0, 0, 1",2/5,over,950,betmgm,0.115,0.102,0.013,0.208,"","",true
58,Braelon Allen,rush_yds,73.5,Cleveland Browns @ New York Jets,1,NYJ,RB,CLE,true,21.0,29.7,28.9,1.047,8,"59, 14, 7, 40, 26",0/5,under,-113,draftkings,0.639,0.502,0.137,0.204,line far from history: new role?,"",false
59,Xavier Hutchinson,receptions,1.5,Houston Texans @ Tennessee Titans,2,HOU,WR,TEN,false,22.5,2.8,2.7,1.038,12,"3, 3, 3, 3, 5",5/5,over,127,draftkings,0.53,0.429,0.102,0.204,line far from history: new role?,"",false
60,David Martin-Robinson,anytime_td,0.5,Houston Texans @ Tennessee Titans,3,TEN,TE,HOU,true,15.0,0.1,0.8,0.8,11,"0, 0, 0, 0, 0",0/5,over,3500,draftkings,0.033,0.027,0.007,0.202,only 0 games this season,"",true
61,Xavier Hutchinson,anytime_td,0.5,Houston Texans @ Tennessee Titans,3,HOU,WR,TEN,false,22.5,0.2,6.0,0.92,12,"0, 0, 0, 0, 0",0/5,over,650,draftkings,0.16,0.136,0.024,0.202,"","",true
62,Xavier Hutchinson,rec_yds,15.5,Houston Texans @ Tennessee Titans,1,HOU,WR,TEN,false,22.5,40.1,38.5,1.042,12,"46, 51, 37, 32, 84",5/5,over,-114,fanduel,0.639,0.5,0.139,0.199,line far from history: new role?,"",false
63,Ollie Gordon II,rec_yds,10.5,Cincinnati Bengals @ Miami Dolphins,2,MIA,RB,CIN,true,18.0,3.1,2.9,1.13,12,"0, 14, 0, 2, 0",1/5,under,-114,fanduel,0.636,0.503,0.133,0.194,role change (2 last season -> 5 this season); line far from history: new role?; fringe player line,"",false
64,Matthew Stafford,rush_yds,1.5,Buffalo Bills @ Los Angeles Rams,1,LA,QB,BUF,true,28.8,5.9,4.7,1.158,12,"10, 13, -1, -1, 3",3/5,over,102,fanduel,0.591,0.465,0.126,0.194,role change (0 last season -> 5 this season); line far from history: new role?; fringe player line,"",false
65,Braelon Allen,rush_yds,71.5,Cleveland Browns @ New York Jets,1,NYJ,RB,CLE,true,21.0,29.7,28.9,1.047,8,"59, 14, 7, 40, 26",0/5,under,-114,fanduel,0.636,0.5,0.136,0.194,line far from history: new role?,"",false
66,Braelon Allen,rush_yds,72.5,Cleveland Browns @ New York Jets,1,NYJ,RB,CLE,true,21.0,29.7,28.9,1.047,8,"59, 14, 7, 40, 26",0/5,under,-115,betmgm,0.637,0.5,0.137,0.19,line far from history: new role?,"",false
67,Dare Ogunbowale,anytime_td,0.5,Houston Texans @ Tennessee Titans,3,HOU,RB,TEN,false,22.5,0.1,2.3,0.949,12,"0, 0, 0, 1, 0",1/5,over,2200,betmgm,0.052,0.043,0.009,0.19,only 0 games this season,"",true
68,Will Shipley,rec_yds,13.5,Philadelphia Eagles @ Jacksonville Jaguars,2,PHI,RB,JAX,false,17.0,6.2,5.5,1.2,12,"0, 11, 5, 8, 11",0/5,under,-111,betmgm,0.625,0.495,0.13,0.189,line far from history: new role?; fringe player line,"",false
69,Ollie Gordon II,rec_yds,11.5,Cincinnati Bengals @ Miami Dolphins,1,MIA,RB,CIN,true,18.0,3.1,2.9,1.13,12,"0, 14, 0, 2, 0",1/5,under,-115,betmgm,0.636,0.5,0.136,0.189,role change (2 last season -> 5 this season); line far from history: new role?; fringe player line,"",false
70,Dareke Young,anytime_td,0.5,Las Vegas Raiders @ New England Patriots,3,LV,WR,NE,false,21.0,0.0,0.7,1.133,12,"0, 0, 0, 0, 0",0/5,over,2800,betmgm,0.041,0.046,-0.005,0.189,"","",true
71,Zach Ertz,anytime_td,0.5,Philadelphia Eagles @ Jacksonville Jaguars,2,PHI,TE,JAX,false,17.0,0.2,4.7,0.994,12,"0, 0, 0, 0, 0",0/5,over,750,draftkings,0.139,0.112,0.027,0.186,only 2 games this season,"",true
72,Chris Rodriguez Jr.,anytime_td,0.5,Philadelphia Eagles @ Jacksonville Jaguars,3,JAX,RB,PHI,true,24.5,0.4,8.5,0.949,12,"1, 1, 0, 0, 1",3/5,over,330,draftkings,0.275,0.245,0.031,0.184,"","",false
73,Will Shipley,rush_yds,36.5,Philadelphia Eagles @ Jacksonville Jaguars,1,PHI,RB,JAX,false,17.0,7.4,9.7,0.807,12,"23, 0, 24, 4, 2",0/5,under,-125,betmgm,0.658,0.52,0.137,0.184,role change (4 last season -> 13 this season); line far from history: new role?,"",false
74,Will Shipley,receptions,2.5,Philadelphia Eagles @ Jacksonville Jaguars,3,PHI,RB,JAX,false,17.0,1.0,0.9,1.194,12,"0, 1, 2, 1, 2",0/5,under,-117,draftkings,0.637,0.519,0.118,0.181,line far from history: new role?,"",false
75,Ollie Gordon II,receptions,1.5,Cincinnati Bengals @ Miami Dolphins,3,MIA,RB,CIN,true,18.0,1.2,1.1,1.057,12,"2, 3, 0, 1, 0",2/5,under,134,fanduel,0.503,0.428,0.075,0.178,role change (0 last season -> 2 this season),"",false
76,Kaleb Johnson,rush_yds,36.5,Chicago Bears @ Green Bay Packers,2,GB,RB,CHI,true,21.5,16.6,17.2,0.976,12,"42, 6, 32, 0, 4",1/5,under,-114,fanduel,0.626,0.504,0.122,0.176,role change (7 last season -> 20 this season); line far from history: new role?,"",false
77,Matthew Hibner,anytime_td,0.5,Baltimore Ravens @ Atlanta Falcons,3,BAL,TE,ATL,false,20.2,0.1,1.7,1.191,3,"0, 1, 0",1/3,over,1200,draftkings,0.09,0.081,0.009,0.176,"","",true
78,Dallas Goedert,anytime_td,0.5,Philadelphia Eagles @ Jacksonville Jaguars,3,PHI,TE,JAX,false,17.0,0.4,4.4,0.994,12,"0, 2, 1, 1, 2",4/5,over,330,draftkings,0.273,0.236,0.037,0.175,only 2 games this season,"",false
79,Ted Hurst III,rec_yds,15.5,Tampa Bay Buccaneers @ Dallas Cowboys,1,TB,WR,DAL,false,20.0,32.1,31.6,1.045,4,"25, 40, 27, 36",4/4,over,-114,draftkings,0.624,0.504,0.12,0.172,line far from history: new role?,"",false
80,Jauan Jennings,anytime_td,0.5,Minnesota Vikings @ New Orleans Saints,3,MIN,WR,NO,false,22.0,0.3,3.2,1.133,12,"0, 0, 0, 0, 1",1/5,over,600,fanduel,0.167,0.143,0.024,0.17,"","",true
81,Brenen Thompson,anytime_td,0.5,Denver Broncos @ Los Angeles Chargers,3,LAC,WR,DEN,true,19.0,0.1,3.0,0.92,1,0,0/1,over,1200,draftkings,0.09,0.077,0.013,0.17,only 1 game this season,"",true
82,Chimere Dike,anytime_td,0.5,Houston Texans @ Tennessee Titans,3,TEN,WR,HOU,true,15.0,0.1,2.3,1.2,12,"0, 0, 0, 0, 0",0/5,over,1700,betmgm,0.065,0.053,0.012,0.17,"","",true
83,John Bates,anytime_td,0.5,New York Giants @ Washington Commanders,2,WAS,TE,NYG,true,22.5,0.1,1.7,0.994,12,"0, 0, 1, 0, 0",1/5,over,1500,draftkings,0.073,0.065,0.008,0.164,only 2 games this season,"",true
84,Tyler Huntley,pass_yds,174.5,Baltimore Ravens @ Atlanta Falcons,1,BAL,QB,ATL,false,20.2,111.0,106.2,1.072,4,"107, 65, 186, 68",1/4,under,-113,draftkings,0.618,0.502,0.116,0.164,only 0 games this season,"",false
85,Malik Washington,receptions,4.5,Cincinnati Bengals @ Miami Dolphins,3,MIA,WR,CIN,true,18.0,3.3,3.7,0.942,12,"5, 5, 4, 3, 3",2/5,under,104,fanduel,0.571,0.491,0.079,0.164,"","",false
86,Konata Mumpfield,anytime_td,0.5,Buffalo Bills @ Los Angeles Rams,3,LA,WR,BUF,true,28.8,0.2,3.4,1.2,12,"0, 1, 0, 0, 0",1/5,over,775,betmgm,0.133,0.112,0.021,0.164,"","",true
87,Jared Goff,rush_yds,0.5,Detroit Lions @ Arizona Cardinals,2,DET,QB,ARI,false,30.0,3.3,3.1,0.978,12,"0, 6, 7, 2, 0",3/5,over,-114,fanduel,0.619,0.505,0.113,0.161,line far from history: new role?; fringe player line,"",false
88,Tyler Warren,rec_yds,46.5,Indianapolis Colts @ Pittsburgh Steelers,2,IND,TE,PIT,false,21.0,29.8,34.4,0.881,12,"41, 55, 21, 13, 26",1/5,under,-109,draftkings,0.605,0.497,0.109,0.161,target share up (17% -> 23% last 3),"",false
89,Jalon Daniels,pass_yds,181.5,Tampa Bay Buccaneers @ Dallas Cowboys,1,TB,QB,DAL,false,20.0,145.9,148.0,1.014,1,148,0/1,under,105,betmgm,0.566,0.455,0.111,0.161,only 1 game this season,"",false
90,Jonnu Smith,anytime_td,0.5,Chicago Bears @ Green Bay Packers,3,GB,TE,CHI,true,21.5,0.1,2.7,0.8,12,"0, 0, 0, 0, 0",0/5,over,1050,betmgm,0.101,0.092,0.009,0.16,"","",true
91,Noah Fant,anytime_td,0.5,Minnesota Vikings @ New Orleans Saints,3,NO,TE,MIN,true,19.5,0.3,3.1,0.8,12,"2, 0, 1, 0, 0",2/5,over,600,fanduel,0.166,0.141,0.024,0.159,"","",true
92,Geno Smith,rush_yds,10.5,Cleveland Browns @ New York Jets,3,NYJ,QB,CLE,true,21.0,5.3,6.8,0.8,12,"0, 12, 17, 7, 1",2/5,under,-114,draftkings,0.617,0.504,0.113,0.158,line far from history: new role?; fringe player line,"",false
93,Ted Hurst III,rec_yds,16.5,Tampa Bay Buccaneers @ Dallas Cowboys,1,TB,WR,DAL,false,20.0,32.1,31.6,1.045,4,"25, 40, 27, 36",4/4,over,-113,fanduel,0.614,0.5,0.114,0.157,line far from history: new role?,"",false
94,J. Michael Sturdivant,anytime_td,0.5,Chicago Bears @ Green Bay Packers,2,GB,WR,CHI,true,21.5,0.1,1.4,0.92,3,"0, 0, 0",0/3,over,2500,draftkings,0.044,0.038,0.007,0.156,"","",true
95,Jayden Daniels,pass_yds,198.5,New York Giants @ Washington Commanders,2,WAS,QB,NYG,true,22.5,141.2,146.7,0.962,9,"96, 164, 78, 153, 156",0/5,under,-112,draftkings,0.611,0.5,0.111,0.156,only 2 games this season,"",false
96,Tyler Huntley,pass_yds,173.5,Baltimore Ravens @ Atlanta Falcons,1,BAL,QB,ATL,false,20.2,111.0,106.2,1.072,4,"107, 65, 186, 68",1/4,under,-114,fanduel,0.616,0.5,0.116,0.155,only 0 games this season,"",false
97,Tyler Goodson,rush_yds,13.5,Tampa Bay Buccaneers @ Dallas Cowboys,2,DAL,RB,TB,true,28.5,8.2,8.9,0.872,12,"12, 22, 3, 9, 0",1/5,under,-108,draftkings,0.6,0.496,0.104,0.155,role change (2 last season -> 17 this season); fringe player line; only 2 games this season,"",false
98,Matthew Stafford,anytime_td,0.5,Buffalo Bills @ Los Angeles Rams,3,LA,QB,BUF,true,28.8,0.1,2.1,0.8,12,"0, 0, 0, 0, 0",0/5,over,1800,fanduel,0.061,0.055,0.006,0.155,"","",true
99,David Montgomery,rec_yds,7.5,Houston Texans @ Tennessee Titans,3,HOU,RB,TEN,false,22.5,14.0,14.7,0.95,12,"19, 15, 14, 19, 13",5/5,over,-113,draftkings,0.611,0.504,0.107,0.152,line far from history: new role?; fringe player line,"",false
100,Greg Dortch,anytime_td,0.5,Buffalo Bills @ Los Angeles Rams,2,BUF,WR,LA,false,25.8,0.1,1.3,1.2,12,"0, 0, 0, 0, 0",0/5,over,1600,draftkings,0.068,0.06,0.007,0.152,"","",true
101,Calvin Ridley,anytime_td,0.5,Houston Texans @ Tennessee Titans,3,TEN,WR,HOU,true,15.0,0.1,2.8,1.2,10,"0, 0, 0, 0, 0",0/5,over,1500,fanduel,0.072,0.076,-0.004,0.15,"","",true
102,Tyler Allgeier,rec_yds,11.5,Detroit Lions @ Arizona Cardinals,2,ARI,RB,DET,true,24.5,7.0,8.2,0.84,12,"7, 10, 9, 9, 3",0/5,under,-107,draftkings,0.595,0.49,0.105,0.15,fringe player line,"",false
103,Tyler Warren,rec_yds,48.5,Indianapolis Colts @ Pittsburgh Steelers,1,IND,TE,PIT,false,21.0,29.8,34.4,0.881,12,"41, 55, 21, 13, 26",1/5,under,-114,fanduel,0.612,0.5,0.112,0.15,target share up (17% -> 23% last 3),"",false
104,Jayden Daniels,pass_yds,203.5,New York Giants @ Washington Commanders,1,WAS,QB,NYG,true,22.5,141.2,146.7,0.962,9,"96, 164, 78, 153, 156",0/5,under,-115,betmgm,0.615,0.5,0.115,0.15,only 2 games this season,"",false
105,Carnell Tate,receptions,4.5,Houston Texans @ Tennessee Titans,2,TEN,WR,HOU,true,15.0,6.3,5.9,1.126,4,"9, 6, 3, 4",2/4,over,113,draftkings,0.539,0.448,0.091,0.148,target share up (21% -> 33% last 3),"",false
106,Matthew Golden,receptions,4.5,Chicago Bears @ Green Bay Packers,3,GB,WR,CHI,true,21.5,3.0,3.3,0.898,12,"3, 5, 4, 6, 1",2/5,under,-111,draftkings,0.604,0.511,0.093,0.147,role change (2 last season -> 4 this season); target share down (30% -> 23% last 3),"",false
107,Jaylen Wright,rush_yds,24.5,Cincinnati Bengals @ Miami Dolphins,2,MIA,RB,CIN,true,18.0,16.0,17.9,0.941,12,"7, 11, -1, 23, 56",1/5,under,-108,draftkings,0.595,0.496,0.099,0.146,role change (32 last season -> 6 this season),"",false
108,Caleb Douglas,anytime_td,0.5,Cincinnati Bengals @ Miami Dolphins,2,MIA,WR,CIN,true,18.0,0.2,4.8,1.027,2,"0, 0",0/2,over,550,draftkings,0.176,0.181,-0.005,0.145,only 2 games this season,"",true
109,Woody Marks,rec_yds,8.5,Houston Texans @ Tennessee Titans,2,HOU,RB,TEN,false,22.5,6.1,6.4,0.95,12,"0, 6, 27, -2, 0",1/5,under,-105,draftkings,0.587,0.493,0.094,0.145,role change (13 last season -> 8 this season); fringe player line,"",false
110,David Montgomery,rush_yds,46.5,Houston Texans @ Tennessee Titans,1,HOU,RB,TEN,false,22.5,31.7,30.7,1.035,12,"24, 33, 10, 60, 42",1/5,under,-112,draftkings,0.604,0.5,0.104,0.144,"","",false
111,Mo Alie-Cox,anytime_td,0.5,Indianapolis Colts @ Pittsburgh Steelers,3,IND,TE,PIT,false,21.0,0.1,1.9,0.994,12,"0, 0, 1, 0, 0",1/5,over,1600,draftkings,0.067,0.054,0.013,0.143,only 1 game this season,"",true
112,Rasheen Ali,anytime_td,0.5,Baltimore Ravens @ Atlanta Falcons,3,BAL,RB,ATL,false,20.2,0.0,0.9,0.949,12,"0, 0, 0, 0, 0",0/5,over,3500,draftkings,0.032,0.032,-0.0,0.143,"","",true
113,Ted Hurst III,rec_yds,17.5,Tampa Bay Buccaneers @ Dallas Cowboys,1,TB,WR,DAL,false,20.0,32.1,31.6,1.045,4,"25, 40, 27, 36",4/4,over,-111,betmgm,0.601,0.493,0.108,0.142,line far from history: new role?,"",false
114,Pat Freiermuth,anytime_td,0.5,Indianapolis Colts @ Pittsburgh Steelers,3,PIT,TE,IND,true,23.5,0.4,4.8,0.994,12,"1, 0, 0, 1, 0",2/5,over,360,betmgm,0.248,0.226,0.022,0.142,"","",false
115,Skyy Moore,rec_yds,12.5,Chicago Bears @ Green Bay Packers,1,GB,WR,CHI,true,21.5,7.1,7.6,0.94,12,"-2, 31, 6, 0, 0",1/5,under,-117,draftkings,0.615,0.511,0.105,0.141,role change (5 last season -> 9 this season); line far from history: new role?; fringe player line; target share up (2% -> 10% last 3),"",false
116,Chris Bell,receptions,2.5,Cincinnati Bengals @ Miami Dolphins,1,MIA,WR,CIN,true,18.0,1.2,1.3,0.942,4,"0, 4, 0, 1",1/4,under,-122,fanduel,0.627,0.514,0.113,0.141,line far from history: new role?; target share up (7% -> 14% last 3),"",false
117,Tony Pollard,rec_yds,9.5,Houston Texans @ Tennessee Titans,1,TEN,RB,HOU,true,15.0,5.2,7.1,0.8,12,"2, 22, 1, -1, 17",2/5,under,-119,draftkings,0.619,0.515,0.104,0.14,role change (12 last season -> 6 this season); line far from history: new role?; fringe player line,"",false
118,Jeremiyah Love,rec_yds,11.5,Detroit Lions @ Arizona Cardinals,2,ARI,RB,DET,true,24.5,6.8,7.9,0.84,4,"-8, 19, 16, 9",2/4,under,-114,draftkings,0.607,0.502,0.105,0.139,line far from history: new role?; fringe player line,"",false
119,MarShawn Lloyd,rush_yds,27.5,Chicago Bears @ Green Bay Packers,2,GB,RB,CHI,true,21.5,18.0,18.7,0.976,4,"13, 11, 20, 37",1/4,under,-114,draftkings,0.606,0.502,0.104,0.138,"","",false
120,Kyren Williams,rec_yds,19.5,Buffalo Bills @ Los Angeles Rams,2,LA,RB,BUF,true,28.8,40.7,37.1,1.024,12,"67, 70, 12, 24, 21",4/5,over,-114,fanduel,0.606,0.517,0.089,0.138,role change (17 last season -> 43 this season); line far from history: new role?,"",false
121,Daniel Jones,rush_yds,10.5,Indianapolis Colts @ Pittsburgh Steelers,2,IND,QB,PIT,false,21.0,6.7,7.5,0.912,12,"2, 5, 10, 4, 4",0/5,under,-114,fanduel,0.605,0.508,0.097,0.137,role change (13 last season -> 5 this season); fringe player line,"",false
122,Jeremiyah Love,rec_yds,13.5,Detroit Lions @ Arizona Cardinals,1,ARI,RB,DET,true,24.5,6.8,7.9,0.84,4,"-8, 19, 16, 9",2/4,under,-120,betmgm,0.62,0.509,0.111,0.137,line far from history: new role?; fringe player line,"",false
123,Davis Allen,anytime_td,0.5,Buffalo Bills @ Los Angeles Rams,3,LA,TE,BUF,true,28.8,0.2,2.2,0.8,12,"0, 0, 0, 0, 0",0/5,over,900,betmgm,0.114,0.098,0.016,0.137,"","",true
124,David Montgomery,rush_yds,47.5,Houston Texans @ Tennessee Titans,1,HOU,RB,TEN,false,22.5,31.7,30.7,1.035,12,"24, 33, 10, 60, 42",1/5,under,-115,betmgm,0.607,0.5,0.107,0.136,"","",false
125,Tony Pollard,rec_yds,8.5,Houston Texans @ Tennessee Titans,2,TEN,RB,HOU,true,15.0,5.2,7.1,0.8,12,"2, 22, 1, -1, 17",2/5,under,-114,fanduel,0.605,0.504,0.101,0.136,role change (12 last season -> 6 this season); fringe player line,"",false
126,Jalon Daniels,pass_yds,183.5,Tampa Bay Buccaneers @ Dallas Cowboys,1,TB,QB,DAL,false,20.0,145.9,148.0,1.014,1,148,0/1,under,-112,draftkings,0.6,0.5,0.1,0.136,only 1 game this season,"",false
127,Chris Bell,rec_yds,34.5,Cincinnati Bengals @ Miami Dolphins,1,MIA,WR,CIN,true,18.0,20.3,22.7,0.944,4,"0, 67, 0, 25",1/4,under,-114,fanduel,0.605,0.5,0.105,0.135,line far from history: new role?; target share up (7% -> 14% last 3),"",false
128,Jackson Meeks,anytime_td,0.5,Detroit Lions @ Arizona Cardinals,3,DET,WR,ARI,false,30.0,0.1,1.0,1.2,1,0,0/1,over,2200,betmgm,0.049,0.047,0.002,0.132,only 1 game this season,"",true
129,Skyy Moore,rec_yds,11.5,Chicago Bears @ Green Bay Packers,1,GB,WR,CHI,true,21.5,7.1,7.6,0.94,12,"-2, 31, 6, 0, 0",1/5,under,-114,fanduel,0.603,0.5,0.103,0.132,role change (5 last season -> 9 this season); fringe player line; target share up (2% -> 10% last 3),"",false
130,Sean Tucker,anytime_td,0.5,Tampa Bay Buccaneers @ Dallas Cowboys,3,TB,RB,DAL,false,20.0,0.3,5.4,1.182,12,"1, 0, 0, 1, 1",3/5,over,425,draftkings,0.215,0.193,0.022,0.131,only 1 game this season,"",true
131,Isaiah Davis,rush_yds,11.5,Cleveland Browns @ New York Jets,1,NYJ,RB,CLE,true,21.0,8.6,8.4,1.047,12,"0, 0, 0, 11, 8",0/5,under,-106,draftkings,0.582,0.486,0.096,0.131,role change (15 last season -> 0 this season); fringe player line,"",false
132,Justice Hill,anytime_td,0.5,Baltimore Ravens @ Atlanta Falcons,3,BAL,RB,ATL,false,20.2,0.2,4.5,0.949,12,"0, 0, 0, 0, 0",0/5,over,800,draftkings,0.126,0.117,0.009,0.13,"","",true
133,Michael Penix Jr.,rush_yds,0.5,Baltimore Ravens @ Atlanta Falcons,2,ATL,QB,BAL,true,23.2,3.3,3.2,1.038,11,"-2, -2, 9, -1, 19",2/5,over,-102,fanduel,0.57,0.482,0.088,0.13,role change (8 last season -> -2 this season); line far from history: new role?; fringe player line; only 2 games this season,"",false
134,Bo Melton,anytime_td,0.5,Chicago Bears @ Green Bay Packers,3,GB,WR,CHI,true,21.5,0.1,1.3,0.92,12,"0, 0, 0, 0, 0",0/5,over,1800,draftkings,0.059,0.059,0.001,0.13,"","",true
135,Jalon Daniels,pass_yds,182.5,Tampa Bay Buccaneers @ Dallas Cowboys,1,TB,QB,DAL,false,20.0,145.9,148.0,1.014,1,148,0/1,under,-113,fanduel,0.599,0.5,0.099,0.129,only 1 game this season,"",false
136,Ameer Abdullah,anytime_td,0.5,Philadelphia Eagles @ Jacksonville Jaguars,3,JAX,RB,PHI,true,24.5,0.1,2.8,0.949,12,"0, 0, 0, 0, 0",0/5,over,1450,betmgm,0.073,0.067,0.005,0.128,"","",true
137,Isaiah Bond,anytime_td,0.5,Cleveland Browns @ New York Jets,3,CLE,WR,NYJ,false,18.5,0.0,1.8,0.92,12,"0, 0, 0, 0, 0",0/5,over,2700,fanduel,0.04,0.039,0.001,0.128,only 2 games this season,"",true
138,Omarion Hampton,rush_yds,37.5,Denver Broncos @ Los Angeles Chargers,2,LAC,RB,DEN,true,19.0,62.3,59.3,1.095,12,"45, 56, 94, 43, 29",4/5,over,-114,fanduel,0.6,0.5,0.1,0.127,"","",false
139,Jaylen Wright,rush_yds,25.5,Cincinnati Bengals @ Miami Dolphins,1,MIA,RB,CIN,true,18.0,16.0,17.9,0.941,12,"7, 11, -1, 23, 56",1/5,under,-114,fanduel,0.6,0.5,0.1,0.127,role change (32 last season -> 6 this season),"",false
140,Kyren Williams,receptions,2.5,Buffalo Bills @ Los Angeles Rams,3,LA,RB,BUF,true,28.8,4.8,4.6,1.011,12,"10, 6, 2, 3, 3",4/5,over,-135,betmgm,0.646,0.554,0.092,0.125,role change (2 last season -> 5 this season); line far from history: new role?,"",false
141,Kevin Coleman Jr.,anytime_td,0.5,Cincinnati Bengals @ Miami Dolphins,3,MIA,WR,CIN,true,18.0,0.1,3.4,1.027,3,"0, 0, 0",0/3,over,950,draftkings,0.107,0.102,0.005,0.123,"","",true
142,Jared Goff,anytime_td,0.5,Detroit Lions @ Arizona Cardinals,3,DET,QB,ARI,false,30.0,0.1,1.8,0.8,12,"0, 0, 0, 0, 0",0/5,over,1550,betmgm,0.068,0.066,0.002,0.123,"","",true
143,Omarion Hampton,rush_yds,39.5,Denver Broncos @ Los Angeles Chargers,1,LAC,RB,DEN,true,19.0,62.3,59.3,1.095,12,"45, 56, 94, 43, 29",4/5,over,-110,draftkings,0.588,0.496,0.092,0.122,"","",false
144,David Montgomery,rush_yds,44.5,Houston Texans @ Tennessee Titans,1,HOU,RB,TEN,false,22.5,31.7,30.7,1.035,12,"24, 33, 10, 60, 42",1/5,under,-114,fanduel,0.598,0.5,0.098,0.122,"","",false
145,Tyler Conklin,anytime_td,0.5,Detroit Lions @ Arizona Cardinals,2,LAC,TE,DEN,true,19.0,0.1,1.7,0.994,6,"0, 0, 0, 0, 0",0/5,over,1700,fanduel,0.062,0.057,0.006,0.122,only 0 games this season,"",true
146,Marquez Valdes-Scantling,anytime_td,0.5,Denver Broncos @ Los Angeles Chargers,3,LAC,WR,DEN,true,19.0,0.1,2.7,0.92,11,"0, 0, 0, 0, 0",0/5,over,1200,draftkings,0.086,0.08,0.006,0.12,only 2 games this season,"",true
147,Josh Downs,receptions,4.5,Indianapolis Colts @ Pittsburgh Steelers,2,IND,WR,PIT,false,21.0,3.8,3.9,0.985,12,"3, 5, 7, 2, 4",2/5,under,122,draftkings,0.504,0.433,0.071,0.119,target share up (14% -> 25% last 3),"",false
148,Tyler Goodson,rush_yds,16.5,Tampa Bay Buccaneers @ Dallas Cowboys,1,DAL,RB,TB,true,28.5,8.2,8.9,0.872,12,"12, 22, 3, 9, 0",1/5,under,-135,betmgm,0.642,0.535,0.108,0.118,role change (2 last season -> 17 this season); line far from history: new role?; only 2 games this season,"",false
149,Tanner Hudson,anytime_td,0.5,Cincinnati Bengals @ Miami Dolphins,3,CIN,TE,MIA,false,24.5,0.1,1.7,0.994,12,"0, 0, 0, 0, 0",0/5,over,1000,draftkings,0.102,0.1,0.002,0.118,"","",true
150,Ollie Gordon II,rush_yds,42.5,Cincinnati Bengals @ Miami Dolphins,2,MIA,RB,CIN,true,18.0,30.9,34.6,0.941,12,"100, 41, 7, 9, 0",1/5,under,-111,draftkings,0.587,0.499,0.088,0.116,role change (12 last season -> 49 this season),"",false
151,Konata Mumpfield,rec_yds,7.5,Buffalo Bills @ Los Angeles Rams,3,LA,WR,BUF,true,28.8,27.3,23.4,1.092,12,"7, 93, 12, 0, 0",2/5,over,-111,betmgm,0.587,0.499,0.088,0.115,role change (9 last season -> 28 this season); line far from history: new role?; fringe player line; target share up (4% -> 10% last 3),"",false
152,Jacory Croskey-Merritt,rush_yds,55.5,New York Giants @ Washington Commanders,2,WAS,RB,NYG,true,22.5,42.1,40.6,1.039,12,"15, 36, 43, 63, 29",1/5,under,-109,draftkings,0.582,0.497,0.085,0.115,"","",false
153,Justice Hill,rush_yds,11.5,Baltimore Ravens @ Atlanta Falcons,2,BAL,RB,ATL,false,20.2,10.0,12.7,0.811,12,"3, 33, 6, 18, 0",2/5,under,-106,draftkings,0.572,0.494,0.078,0.112,fringe player line,"",false
154,Darius Slayton,anytime_td,0.5,Indianapolis Colts @ Pittsburgh Steelers,2,NYG,WR,WAS,false,19.0,0.1,5.2,1.2,12,"0, 0, 0, 0, 1",1/5,over,950,fanduel,0.106,0.093,0.013,0.11,only 0 games this season,"",true
155,Kyren Williams,rec_yds,20.5,Buffalo Bills @ Los Angeles Rams,1,LA,RB,BUF,true,28.8,40.7,37.1,1.024,12,"67, 70, 12, 24, 21",4/5,over,-114,draftkings,0.59,0.504,0.086,0.108,role change (17 last season -> 43 this season); line far from history: new role?,"",false
156,Romeo Doubs,receptions,3.5,Las Vegas Raiders @ New England Patriots,3,NE,WR,LV,true,24.5,2.9,3.2,0.915,12,"6, 3, 3, 0, 3",1/5,under,121,draftkings,0.502,0.434,0.068,0.108,target share up (10% -> 19% last 3),"",false
157,Ollie Gordon II,rush_yds,43.5,Cincinnati Bengals @ Miami Dolphins,1,MIA,RB,CIN,true,18.0,30.9,34.6,0.941,12,"100, 41, 7, 9, 0",1/5,under,-114,fanduel,0.59,0.5,0.09,0.107,role change (12 last season -> 49 this season),"",false
158,George Holani,rush_yds,19.5,San Francisco 49ers @ Seattle Seahawks,2,SEA,RB,SF,true,24.2,14.9,14.6,1.0,12,"18, 10, 13, 29, 6",1/5,under,-111,draftkings,0.582,0.499,0.083,0.106,role change (7 last season -> 18 this season),"",false
159,Jacoby Brissett,rush_yds,7.5,Detroit Lions @ Arizona Cardinals,1,ARI,QB,DET,true,24.5,12.8,10.9,1.152,12,"18, 4, 7, 14, 19",3/5,over,-111,draftkings,0.582,0.498,0.084,0.106,line far from history: new role?; fringe player line,"",false
160,Tyjae Spears,rec_yds,11.5,Houston Texans @ Tennessee Titans,1,TEN,RB,HOU,true,15.0,8.7,11.9,0.8,12,"-1, 0, 29, 12, 9",2/5,under,-118,draftkings,0.598,0.513,0.085,0.105,role change (20 last season -> 10 this season); fringe player line; target share down (14% -> 5% last 3),"",false
161,Emanuel Wilson,rush_yds,63.5,San Francisco 49ers @ Seattle Seahawks,1,SEA,RB,SF,true,24.2,47.4,46.5,1.0,12,"81, 14, 92, 3, 44",2/5,under,-112,draftkings,0.584,0.5,0.084,0.105,"","",false
162,Bo Nix,rush_yds,14.5,Denver Broncos @ Los Angeles Chargers,1,DEN,QB,LAC,false,22.5,10.6,12.3,0.858,12,"10, 7, 6, 2, 49",1/5,under,-117,draftkings,0.595,0.511,0.085,0.104,role change (21 last season -> 6 this season); fringe player line,"",false
163,Josh Downs,rec_yds,57.5,Indianapolis Colts @ Pittsburgh Steelers,1,IND,WR,PIT,false,21.0,44.2,45.2,0.993,12,"16, 77, 72, 37, 61",3/5,under,-111,draftkings,0.581,0.498,0.083,0.104,target share up (14% -> 25% last 3),"",false
164,Jaylen Waddle,rec_yds,53.5,Denver Broncos @ Los Angeles Chargers,2,DEN,WR,LAC,false,22.5,44.5,44.8,0.992,12,"35, 10, 138, 2, 0",1/5,under,-105,betmgm,0.565,0.49,0.075,0.104,target share up (11% -> 24% last 3),"",false
165,Charlie Woerner,anytime_td,0.5,Baltimore Ravens @ Atlanta Falcons,3,ATL,TE,BAL,true,23.2,0.1,1.1,0.994,9,"0, 0, 0, 0, 0",0/5,over,2000,betmgm,0.053,0.052,0.0,0.104,only 2 games this season,"",true
166,Greg Dulcich,rec_yds,24.5,Cincinnati Bengals @ Miami Dolphins,2,MIA,TE,CIN,true,18.0,40.0,35.1,1.2,12,"55, 17, 18, 31, 58",3/5,over,-116,draftkings,0.593,0.509,0.084,0.104,"","",false
167,DeMario Douglas,receptions,2.5,Las Vegas Raiders @ New England Patriots,2,NE,WR,LV,true,24.5,1.8,1.9,0.915,12,"2, 1, 1, 5, 2",1/5,under,-106,fanduel,0.568,0.494,0.074,0.103,target share down (23% -> 12% last 3),"",false
168,Davante Adams,receptions,4.5,Buffalo Bills @ Los Angeles Rams,3,LA,WR,BUF,true,28.8,5.6,5.1,1.064,12,"4, 7, 8, 3, 4",2/5,over,108,fanduel,0.53,0.474,0.056,0.103,"","",false
169,Jackson Hawes,anytime_td,0.5,Buffalo Bills @ Los Angeles Rams,3,BUF,TE,LA,false,25.8,0.1,1.3,0.8,12,"0, 0, 0, 0, 1",1/5,over,1050,betmgm,0.096,0.087,0.008,0.101,only 1 game this season,"",true
170,Robert Tonyan,anytime_td,0.5,Indianapolis Colts @ Pittsburgh Steelers,3,PIT,TE,IND,true,23.5,0.0,0.8,0.994,3,"0, 0, 0",0/3,over,3000,draftkings,0.035,0.032,0.004,0.1,only 1 game this season,"",true
171,Tucker Kraft,rec_yds,49.5,Chicago Bears @ Green Bay Packers,2,GB,TE,CHI,true,21.5,38.2,44.6,0.865,12,"42, 26, 15, 65, 20",1/5,under,-111,draftkings,0.579,0.499,0.08,0.1,"","",false
172,Tyler Allgeier,rec_yds,9.5,Detroit Lions @ Arizona Cardinals,1,ARI,RB,DET,true,24.5,7.0,8.2,0.84,12,"7, 10, 9, 9, 3",1/5,under,-114,fanduel,0.585,0.5,0.085,0.099,fringe player line,"",false
173,Tyler Higbee,rec_yds,25.5,Buffalo Bills @ Los Angeles Rams,2,LA,TE,BUF,true,28.8,45.8,44.4,0.963,12,"67, 62, 12, 91, 23",3/5,over,-114,fanduel,0.586,0.503,0.082,0.099,role change (28 last season -> 47 this season); line far from history: new role?,"",false
174,Isaiah Davis,rush_yds,10.5,Cleveland Browns @ New York Jets,1,NYJ,RB,CLE,true,21.0,8.6,8.4,1.047,12,"0, 0, 0, 11, 8",1/5,under,-114,fanduel,0.586,0.5,0.086,0.099,role change (15 last season -> 0 this season); fringe player line,"",false
175,Daniel Jones,rush_yds,9.5,Indianapolis Colts @ Pittsburgh Steelers,1,IND,QB,PIT,false,21.0,6.7,7.5,0.912,12,"2, 5, 10, 4, 4",1/5,under,-120,betmgm,0.599,0.509,0.09,0.098,role change (13 last season -> 5 this season); fringe player line,"",false
176,Josh Downs,rec_yds,58.5,Indianapolis Colts @ Pittsburgh Steelers,1,IND,WR,PIT,false,21.0,44.2,45.2,0.993,12,"16, 77, 72, 37, 61",3/5,under,-114,fanduel,0.585,0.5,0.085,0.098,target share up (14% -> 25% last 3),"",false
177,Ty Johnson,rec_yds,11.5,Buffalo Bills @ Los Angeles Rams,2,BUF,RB,LA,false,25.8,24.2,24.7,0.944,12,"9, 50, 20, 33, 0",3/5,over,-113,draftkings,0.582,0.501,0.081,0.097,role change (15 last season -> 30 this season); line far from history: new role?; fringe player line; only 2 games this season,"",false
178,Quinshon Judkins,rush_yds,58.5,Cleveland Browns @ New York Jets,1,CLE,RB,NYJ,false,18.5,46.8,44.7,1.096,12,"53, 70, 21, 33, 22",1/5,under,-112,draftkings,0.579,0.5,0.079,0.097,"","",false
179,Kayshon Boutte,anytime_td,0.5,Houston Texans @ Tennessee Titans,3,HOU,WR,TEN,false,22.5,0.2,3.2,0.92,12,"0, 0, 0, 0, 0",0/5,over,500,fanduel,0.183,0.167,0.016,0.096,"","",true
180,Isaac TeSlaa,rec_yds,25.5,Detroit Lions @ Arizona Cardinals,2,DET,WR,ARI,false,30.0,50.0,44.3,1.041,12,"95, 66, 26, 0, 18",3/5,over,-112,draftkings,0.579,0.5,0.079,0.096,role change (17 last season -> 47 this season); line far from history: new role?; target share up (3% -> 13% last 3),"",false
181,Jaylin Noel,rec_yds,17.5,Houston Texans @ Tennessee Titans,1,HOU,WR,TEN,false,22.5,39.1,37.5,1.042,12,"85, 17, 31, 53, 13",3/5,over,-115,betmgm,0.586,0.5,0.086,0.096,role change (17 last season -> 46 this season); line far from history: new role?,"",false
182,Justin Herbert,anytime_td,0.5,Denver Broncos @ Los Angeles Chargers,3,LAC,QB,DEN,true,19.0,0.2,5.2,1.133,12,"0, 0, 0, 0, 0",0/5,over,600,fanduel,0.156,0.154,0.002,0.095,"","",true
183,Emanuel Wilson,rush_yds,64.5,San Francisco 49ers @ Seattle Seahawks,1,SEA,RB,SF,true,24.2,47.4,46.5,1.0,12,"81, 14, 92, 3, 44",2/5,under,-115,betmgm,0.586,0.5,0.086,0.095,"","",false
184,Quinshon Judkins,rush_yds,59.5,Cleveland Browns @ New York Jets,1,CLE,RB,NYJ,false,18.5,46.8,44.7,1.096,12,"53, 70, 21, 33, 22",1/5,under,-114,fanduel,0.583,0.5,0.083,0.094,"","",false
185,James Cook,rec_yds,9.5,Buffalo Bills @ Los Angeles Rams,2,BUF,RB,LA,false,25.8,8.6,8.8,0.944,12,"8, 0, 4, 12, 0",1/5,under,-107,draftkings,0.565,0.494,0.071,0.094,role change (17 last season -> 6 this season); fringe player line; target share down (14% -> 7% last 3),"",false
186,Joe Burrow,rush_yds,8.5,Cincinnati Bengals @ Miami Dolphins,2,CIN,QB,MIA,false,24.5,6.9,8.1,0.834,12,"6, 13, -1, 20, 17",3/5,under,-110,draftkings,0.573,0.498,0.075,0.094,role change (5 last season -> 10 this season); fringe player line,"",false
187,Cody White,receptions,1.5,Las Vegas Raiders @ New England Patriots,2,LV,WR,NE,false,21.0,1.1,1.0,1.056,12,"2, 1, 2, 0, 0",2/5,under,103,draftkings,0.539,0.468,0.07,0.094,role change (0 last season -> 1 this season),"",false
188,Matthew Stafford,pass_yds,277.5,Buffalo Bills @ Los Angeles Rams,2,LA,QB,BUF,true,28.8,347.4,304.3,1.068,12,"317, 390, 327, 155, 259",3/5,over,-111,draftkings,0.575,0.499,0.076,0.093,"","",false
189,Zay Flowers,rec_yds,68.5,Baltimore Ravens @ Atlanta Falcons,3,BAL,WR,ATL,false,20.2,108.7,99.9,1.116,12,"118, 84, 150, 138, 30",4/5,over,-114,draftkings,0.582,0.501,0.081,0.093,"","",false
190,Woody Marks,rec_yds,7.5,Houston Texans @ Tennessee Titans,1,HOU,RB,TEN,false,22.5,6.1,6.4,0.95,12,"0, 6, 27, -2, 0",1/5,under,-114,fanduel,0.582,0.5,0.082,0.093,role change (13 last season -> 8 this season); fringe player line,"",false
191,Matthew Golden,rec_yds,56.5,Chicago Bears @ Green Bay Packers,1,GB,WR,CHI,true,21.5,44.9,48.3,0.94,12,"21, 100, 58, 95, 8",3/5,under,-110,draftkings,0.573,0.496,0.077,0.093,role change (26 last season -> 68 this season); target share down (30% -> 23% last 3),"",false
192,George Holani,rush_yds,20.5,San Francisco 49ers @ Seattle Seahawks,1,SEA,RB,SF,true,24.2,14.9,14.6,1.0,12,"18, 10, 13, 29, 6",1/5,under,-120,betmgm,0.596,0.509,0.087,0.093,role change (7 last season -> 18 this season),"",false
193,Calvin Ridley,rec_yds,8.5,Houston Texans @ Tennessee Titans,1,TEN,WR,HOU,true,15.0,27.0,25.6,1.149,10,"13, 0, 35, 13, 18",4/5,over,-114,fanduel,0.582,0.5,0.082,0.093,role change (43 last season -> 16 this season); line far from history: new role?; fringe player line,"",false
194,Josh Allen,rush_yds,36.5,Buffalo Bills @ Los Angeles Rams,3,BUF,QB,LA,false,25.8,29.2,30.3,0.93,12,"4, 22, 69, 23, 27",1/5,under,-111,draftkings,0.574,0.499,0.075,0.092,"","",false
195,Emanuel Wilson,rush_yds,62.5,San Francisco 49ers @ Seattle Seahawks,1,SEA,RB,SF,true,24.2,47.4,46.5,1.0,12,"81, 14, 92, 3, 44",2/5,under,-114,fanduel,0.582,0.5,0.082,0.092,"","",false
196,Bo Nix,rush_yds,13.5,Denver Broncos @ Los Angeles Chargers,2,DEN,QB,LAC,false,22.5,10.6,12.3,0.858,12,"10, 7, 6, 2, 49",1/5,under,-114,fanduel,0.582,0.5,0.082,0.092,role change (21 last season -> 6 this season); fringe player line,"",false
197,Brevin Jordan,anytime_td,0.5,Houston Texans @ Tennessee Titans,3,HOU,TE,TEN,false,22.5,0.1,1.0,0.994,1,0,0/1,over,2500,draftkings,0.042,0.036,0.006,0.091,only 1 game this season,"",true
198,Wan'Dale Robinson,anytime_td,0.5,Houston Texans @ Tennessee Titans,3,TEN,WR,HOU,true,15.0,0.3,7.6,1.2,12,"1, 1, 0, 0, 0",2/5,over,490,fanduel,0.185,0.167,0.018,0.091,"","",true
199,Dalton Kincaid,receptions,4.5,Buffalo Bills @ Los Angeles Rams,3,BUF,TE,LA,false,25.8,2.7,3.2,0.827,12,"1, 2, 7, 5, 3",2/5,under,-156,draftkings,0.665,0.58,0.084,0.091,target share down (21% -> 16% last 3),"",false
200,Marlin Klein,anytime_td,0.5,Houston Texans @ Tennessee Titans,2,HOU,TE,TEN,false,22.5,0.1,1.0,0.994,1,0,0/1,over,2500,draftkings,0.042,0.036,0.006,0.091,only 1 game this season,"",true
201,Rashod Bateman,rec_yds,17.5,Baltimore Ravens @ Atlanta Falcons,3,BAL,WR,ATL,false,20.2,36.7,33.7,1.116,12,"46, 37, 88, 0, 7",3/5,over,-112,draftkings,0.576,0.503,0.073,0.09,role change (17 last season -> 43 this season); line far from history: new role?; target share up (4% -> 18% last 3),"",false
202,Brock Bowers,rec_yds,73.5,Las Vegas Raiders @ New England Patriots,1,LV,TE,NE,false,21.0,56.3,71.6,0.8,12,"86, 116, 33, 28, 46",2/5,under,-115,betmgm,0.583,0.5,0.083,0.089,role change (57 last season -> 101 this season); only 2 games this season,"",false
203,Ryan Miller,anytime_td,0.5,Cincinnati Bengals @ Miami Dolphins,3,MIA,WR,CIN,true,18.0,0.1,0.9,1.027,12,"0, 0, 1, 0, 0",1/5,over,2000,betmgm,0.052,0.049,0.002,0.089,"","",true
204,James Cook,rec_yds,11.5,Buffalo Bills @ Los Angeles Rams,1,BUF,RB,LA,false,25.8,8.6,8.8,0.944,12,"8, 0, 4, 12, 0",1/5,under,-120,betmgm,0.593,0.51,0.083,0.088,role change (17 last season -> 6 this season); fringe player line; target share down (14% -> 7% last 3),"",false
205,Jaylin Noel,rec_yds,18.5,Houston Texans @ Tennessee Titans,1,HOU,WR,TEN,false,22.5,39.1,37.5,1.042,12,"85, 17, 31, 53, 13",3/5,over,-114,fanduel,0.579,0.5,0.079,0.088,role change (17 last season -> 46 this season); line far from history: new role?,"",false
206,Alvin Kamara,rush_yds,33.5,Minnesota Vikings @ New Orleans Saints,2,NO,RB,MIN,true,19.5,26.3,29.1,0.934,12,"23, 36, 15, 11, 83",2/5,under,-114,fanduel,0.58,0.503,0.076,0.088,role change (43 last season -> 25 this season),"",false
207,Greg Dulcich,rec_yds,25.5,Cincinnati Bengals @ Miami Dolphins,1,MIA,TE,CIN,true,18.0,40.0,35.1,1.2,12,"55, 17, 18, 31, 58",3/5,over,-114,fanduel,0.579,0.5,0.079,0.087,"","",false
208,Brock Bowers,receptions,6.5,Las Vegas Raiders @ New England Patriots,3,LV,TE,NE,false,21.0,5.4,6.4,0.846,12,"6, 10, 5, 6, 4",1/5,under,-110,betmgm,0.57,0.511,0.059,0.087,only 2 games this season,"",false
209,Sam Darnold,rush_yds,5.5,San Francisco 49ers @ Seattle Seahawks,1,SEA,QB,SF,true,24.2,4.1,5.1,0.8,12,"6, 5, 0, 9, 2",2/5,under,-120,betmgm,0.592,0.51,0.082,0.085,fringe player line,"",false
210,Kenny Gainwell,receptions,1.5,Tampa Bay Buccaneers @ Dallas Cowboys,3,TB,RB,DAL,false,20.0,2.7,3.2,0.874,12,"2, 2, 3, 1, 8",4/5,over,-141,draftkings,0.634,0.582,0.052,0.084,role change (4 last season -> 2 this season); line far from history: new role?; target share up (4% -> 11% last 3),"",false
211,Jaylen Waddle,rec_yds,54.5,Denver Broncos @ Los Angeles Chargers,1,DEN,WR,LAC,false,22.5,44.5,44.8,0.992,12,"35, 10, 138, 2, 0",1/5,under,-114,draftkings,0.577,0.504,0.073,0.084,target share up (11% -> 24% last 3),"",false
212,Tucker Kraft,receptions,4.5,Chicago Bears @ Green Bay Packers,3,GB,TE,CHI,true,21.5,3.4,4.0,0.846,12,"6, 4, 2, 3, 2",1/5,under,-122,fanduel,0.596,0.529,0.066,0.084,"","",false
213,Jonathan Mingo,anytime_td,0.5,Tampa Bay Buccaneers @ Dallas Cowboys,3,DAL,WR,TB,true,28.5,0.1,1.3,0.92,7,"0, 0, 0, 0, 0",0/5,over,2200,fanduel,0.047,0.042,0.006,0.084,Questionable (Illness); only 2 games this season,"",true
214,Brock Bowers,rec_yds,69.5,Las Vegas Raiders @ New England Patriots,1,LV,TE,NE,false,21.0,56.3,71.6,0.8,12,"86, 116, 33, 28, 46",2/5,under,-113,draftkings,0.575,0.502,0.073,0.083,role change (57 last season -> 101 this season); only 2 games this season,"",false
215,Courtland Sutton,rec_yds,40.5,Denver Broncos @ Los Angeles Chargers,1,DEN,WR,LAC,false,22.5,31.5,31.8,0.992,12,"4, 46, 25, 11, 5",1/5,under,-115,betmgm,0.579,0.5,0.079,0.082,role change (60 last season -> 22 this season),"",false
216,Brock Purdy,rush_yds,21.5,San Francisco 49ers @ Seattle Seahawks,1,SF,QB,SEA,false,21.2,31.6,26.7,1.2,12,"29, 34, 30, 29, 21",4/5,over,-114,fanduel,0.576,0.5,0.076,0.081,role change (16 last season -> 30 this season),"",false
217,Brock Bowers,rec_yds,70.5,Las Vegas Raiders @ New England Patriots,1,LV,TE,NE,false,21.0,56.3,71.6,0.8,12,"86, 116, 33, 28, 46",2/5,under,-114,fanduel,0.576,0.5,0.076,0.081,role change (57 last season -> 101 this season); only 2 games this season,"",false
218,Elic Ayomanor,rec_yds,17.5,Houston Texans @ Tennessee Titans,2,TEN,WR,HOU,true,15.0,31.1,29.5,1.149,12,"22, 11, 69, 11, 50",3/5,over,-107,draftkings,0.559,0.495,0.064,0.081,line far from history: new role?,"",false
219,Brock Purdy,rush_yds,22.5,San Francisco 49ers @ Seattle Seahawks,1,SF,QB,SEA,false,21.2,31.6,26.7,1.2,12,"29, 34, 30, 29, 21",4/5,over,-107,draftkings,0.558,0.489,0.069,0.08,role change (16 last season -> 30 this season),"",false
220,Matthew Golden,rec_yds,57.5,Chicago Bears @ Green Bay Packers,1,GB,WR,CHI,true,21.5,44.9,48.3,0.94,12,"21, 100, 58, 95, 8",3/5,under,-115,betmgm,0.578,0.5,0.078,0.08,role change (26 last season -> 68 this season); target share down (30% -> 23% last 3),"",false
221,Cody White,rec_yds,17.5,Las Vegas Raiders @ New England Patriots,1,LV,WR,NE,false,21.0,14.7,15.1,0.989,12,"36, 4, 24, 0, 0",2/5,under,-114,draftkings,0.575,0.504,0.071,0.08,"","",false
222,KC Concepcion,rec_yds,42.5,Cleveland Browns @ New York Jets,1,CLE,WR,NYJ,false,18.5,33.2,37.1,0.936,4,"64, 9, 28, 43",2/4,under,-115,betmgm,0.578,0.5,0.078,0.08,"","",false
223,Jaylin Noel,rec_yds,19.5,Houston Texans @ Tennessee Titans,1,HOU,WR,TEN,false,22.5,39.1,37.5,1.042,12,"85, 17, 31, 53, 13",3/5,over,-114,draftkings,0.575,0.504,0.071,0.08,role change (17 last season -> 46 this season); line far from history: new role?,"",false
224,Gunnar Helm,rec_yds,18.5,Houston Texans @ Tennessee Titans,1,TEN,TE,HOU,true,15.0,14.9,15.9,1.028,12,"5, 14, 13, 28, 1",1/5,under,-111,betmgm,0.567,0.491,0.077,0.079,target share down (18% -> 9% last 3),"",false
225,Trevor Lawrence,rush_yds,15.5,Philadelphia Eagles @ Jacksonville Jaguars,1,JAX,QB,PHI,true,24.5,12.6,13.3,0.924,12,"0, 25, 6, 3, 11",1/5,under,-117,draftkings,0.582,0.509,0.072,0.079,role change (21 last season -> 8 this season),"",false
226,Marvin Harrison Jr.,receptions,2.5,Detroit Lions @ Arizona Cardinals,3,ARI,WR,DET,true,24.5,2.1,1.8,1.134,12,"1, 3, 0, 1, 0",1/5,under,110,draftkings,0.514,0.451,0.063,0.079,role change (3 last season -> 1 this season),"",false
227,Tyjae Spears,rec_yds,9.5,Houston Texans @ Tennessee Titans,1,TEN,RB,HOU,true,15.0,8.7,11.9,0.8,12,"-1, 0, 29, 12, 9",2/5,under,-114,fanduel,0.575,0.5,0.075,0.079,role change (20 last season -> 10 this season); fringe player line; target share down (14% -> 5% last 3),"",false
228,Michael Penix Jr.,anytime_td,0.5,Baltimore Ravens @ Atlanta Falcons,3,ATL,QB,BAL,true,23.2,0.1,2.0,1.133,11,"0, 0, 0, 0, 0",0/5,over,1400,betmgm,0.072,0.065,0.007,0.079,only 2 games this season,"",true
229,Harold Fannin Jr.,anytime_td,0.5,Cleveland Browns @ New York Jets,3,CLE,TE,NYJ,false,18.5,0.4,6.4,0.8,12,"1, 2, 0, 0, 1",3/5,over,270,betmgm,0.291,0.278,0.013,0.077,"","",false
230,Josh Downs,rec_yds,55.5,Indianapolis Colts @ Pittsburgh Steelers,1,IND,WR,PIT,false,21.0,44.2,45.2,0.993,12,"16, 77, 72, 37, 61",3/5,under,-115,betmgm,0.576,0.5,0.076,0.077,target share up (14% -> 25% last 3),"",false
231,Bijan Robinson,rec_yds,27.5,Baltimore Ravens @ Atlanta Falcons,1,ATL,RB,BAL,true,23.2,24.9,30.9,0.8,12,"2, 19, 9, 90, 10",1/5,under,-112,draftkings,0.569,0.5,0.069,0.077,target share down (53% -> 11% last 3),"",false
232,Quinshon Judkins,rush_yds,57.5,Cleveland Browns @ New York Jets,1,CLE,RB,NYJ,false,18.5,46.8,44.7,1.096,12,"53, 70, 21, 33, 22",1/5,under,-115,betmgm,0.576,0.5,0.076,0.076,"","",false
233,Sam Darnold,rush_yds,4.5,San Francisco 49ers @ Seattle Seahawks,2,SEA,QB,SF,true,24.2,4.1,5.1,0.8,12,"6, 5, 0, 9, 2",3/5,under,-108,fanduel,0.559,0.491,0.068,0.076,fringe player line,"",false
234,Devaughn Vele,anytime_td,0.5,Minnesota Vikings @ New Orleans Saints,3,NO,WR,MIN,true,19.5,0.3,6.9,0.92,12,"1, 0, 0, 1, 0",2/5,over,350,fanduel,0.239,0.216,0.023,0.076,"","",false
235,Matthew Golden,rec_yds,55.5,Chicago Bears @ Green Bay Packers,1,GB,WR,CHI,true,21.5,44.9,48.3,0.94,12,"21, 100, 58, 95, 8",3/5,under,-114,fanduel,0.573,0.5,0.073,0.076,role change (26 last season -> 68 this season); target share down (30% -> 23% last 3),"",false
236,Chris Rodriguez Jr.,rush_yds,26.5,Philadelphia Eagles @ Jacksonville Jaguars,2,JAX,RB,PHI,true,24.5,39.2,36.1,1.063,12,"35, 37, 13, 23, 65",3/5,over,-114,fanduel,0.572,0.505,0.068,0.075,"","",false
237,Chris Olave,receptions,6.5,Minnesota Vikings @ New Orleans Saints,3,NO,WR,MIN,true,19.5,7.6,8.0,0.977,12,"8, 9, 8, 10, 8",5/5,over,104,draftkings,0.527,0.479,0.048,0.075,"","",false
238,KC Concepcion,rec_yds,39.5,Cleveland Browns @ New York Jets,1,CLE,WR,NYJ,false,18.5,33.2,37.1,0.936,4,"64, 9, 28, 43",2/4,under,-111,draftkings,0.566,0.498,0.068,0.075,"","",false
239,Bucky Irving,rec_yds,13.5,Tampa Bay Buccaneers @ Dallas Cowboys,2,TB,RB,DAL,false,20.0,13.3,15.5,0.887,12,"0, 12, 1, 48, 13",1/5,under,-113,fanduel,0.57,0.506,0.064,0.074,role change (28 last season -> 15 this season); fringe player line; target share down (26% -> 8% last 3),"",false
240,Jared Goff,pass_yds,279.5,Detroit Lions @ Arizona Cardinals,1,DET,QB,ARI,false,30.0,341.8,308.5,1.023,12,"412, 269, 327, 206, 331",3/5,over,-112,draftkings,0.567,0.5,0.067,0.074,"","",false
241,Courtland Sutton,rec_yds,36.5,Denver Broncos @ Los Angeles Chargers,2,DEN,WR,LAC,false,22.5,31.5,31.8,0.992,12,"4, 46, 25, 11, 5",1/5,under,-111,draftkings,0.565,0.499,0.066,0.074,role change (60 last season -> 22 this season),"",false
242,Marvin Mims Jr.,rec_yds,13.5,Denver Broncos @ Los Angeles Chargers,1,DEN,WR,LAC,false,22.5,11.8,11.9,0.992,12,"10, 0, 10, 10, 26",1/5,under,-114,fanduel,0.572,0.5,0.072,0.074,role change (21 last season -> 5 this season); fringe player line; only 2 games this season,"",false
243,Tyler Shough,rush_yds,9.5,Minnesota Vikings @ New Orleans Saints,3,NO,QB,MIN,true,19.5,18.9,19.4,1.008,12,"5, 36, 23, 8, 34",3/5,over,-114,draftkings,0.572,0.501,0.071,0.074,line far from history: new role?; fringe player line,"",false
244,Cam Ward,rush_yds,10.5,Houston Texans @ Tennessee Titans,3,TEN,QB,HOU,true,15.0,10.1,13.7,0.804,12,"27, 2, 7, 21, 11",3/5,under,-105,draftkings,0.55,0.491,0.058,0.073,fringe player line,"",false
245,Deshaun Watson,anytime_td,0.5,Cleveland Browns @ New York Jets,3,CLE,QB,NYJ,false,18.5,0.2,7.9,0.8,4,"0, 0, 0, 0",0/4,over,425,draftkings,0.204,0.197,0.007,0.073,"","",true
246,Tory Horton,rec_yds,9.5,San Francisco 49ers @ Seattle Seahawks,1,SEA,WR,SF,true,24.2,21.9,23.2,0.927,10,"6, 48, 48, 0, 0",2/5,over,-113,draftkings,0.569,0.502,0.067,0.073,line far from history: new role?; fringe player line; only 2 games this season,"",false
247,Dalton Kincaid,rec_yds,51.5,Buffalo Bills @ Los Angeles Rams,1,BUF,TE,LA,false,25.8,44.4,53.6,0.8,12,"7, 38, 95, 130, 48",2/5,under,-113,draftkings,0.569,0.502,0.067,0.073,target share down (21% -> 16% last 3),"",false
248,Najee Harris,rush_yds,29.5,New York Giants @ Washington Commanders,1,NYG,RB,WAS,false,19.0,24.9,28.1,0.92,6,"30, 52, 6, 28, 28",2/5,under,-112,draftkings,0.567,0.5,0.067,0.073,"","",false
249,Julius Chestnut,anytime_td,0.5,Houston Texans @ Tennessee Titans,2,TEN,RB,HOU,true,15.0,0.0,0.1,0.949,12,"0, 0, 0, 0, 0",0/5,over,6500,fanduel,0.016,0.022,-0.006,0.072,"","",true
250,Kalif Raymond,receptions,3.5,Chicago Bears @ Green Bay Packers,3,CHI,WR,GB,false,24.0,4.2,4.0,1.047,12,"2, 6, 5, 8, 3",3/5,over,123,draftkings,0.481,0.427,0.054,0.072,role change (2 last season -> 5 this season); target share down (35% -> 15% last 3),"",false
251,Rashid Shaheed,rec_yds,20.5,San Francisco 49ers @ Seattle Seahawks,3,SEA,WR,SF,true,24.2,18.3,19.4,0.927,12,"20, 14, 35, 4, 2",1/5,under,-111,draftkings,0.563,0.499,0.064,0.071,role change (38 last season -> 18 this season),"",false
252,Bijan Robinson,rec_yds,28.5,Baltimore Ravens @ Atlanta Falcons,1,ATL,RB,BAL,true,23.2,24.9,30.9,0.8,12,"2, 19, 9, 90, 10",1/5,under,-115,betmgm,0.572,0.5,0.072,0.07,target share down (53% -> 11% last 3),"",false
253,Tucker Kraft,rec_yds,47.5,Chicago Bears @ Green Bay Packers,1,GB,TE,CHI,true,21.5,38.2,44.6,0.865,12,"42, 26, 15, 65, 20",1/5,under,-118,betmgm,0.579,0.507,0.072,0.07,"","",false
254,Malik Willis,rush_yds,33.5,Cincinnati Bengals @ Miami Dolphins,2,MIA,QB,CIN,true,18.0,27.9,29.0,1.014,8,"11, 56, 6, 39, 60",3/5,under,-116,draftkings,0.575,0.508,0.067,0.07,"","",false
255,Colston Loveland,rec_yds,37.5,Chicago Bears @ Green Bay Packers,3,CHI,TE,GB,false,24.0,32.5,37.5,0.854,12,"57, 31, 3, 0, 91",2/5,under,-111,draftkings,0.563,0.496,0.066,0.07,role change (45 last season -> 23 this season); target share up (8% -> 17% last 3),"",false
256,Brevyn Spann-Ford,rec_yds,4.5,Tampa Bay Buccaneers @ Dallas Cowboys,2,DAL,TE,TB,true,28.5,11.3,9.4,1.121,12,"0, 19, 0, 14, 30",3/5,over,-120,fanduel,0.584,0.512,0.072,0.07,line far from history: new role?; fringe player line; target share down (7% -> 2% last 3),"",false
257,Trey McBride,receptions,7.5,Detroit Lions @ Arizona Cardinals,3,ARI,TE,DET,true,24.5,9.8,8.1,1.2,12,"7, 9, 8, 9, 7",3/5,over,-135,draftkings,0.614,0.55,0.064,0.069,"","",false
258,Tyler Higbee,receptions,2.5,Buffalo Bills @ Los Angeles Rams,1,LA,TE,BUF,true,28.8,4.3,4.2,0.979,12,"5, 8, 2, 5, 1",3/5,over,-138,fanduel,0.62,0.542,0.078,0.069,role change (2 last season -> 5 this season); line far from history: new role?,"",false
259,Aaron Rodgers,pass_yds,218.5,Indianapolis Colts @ Pittsburgh Steelers,1,PIT,QB,IND,true,23.5,264.9,244.5,1.072,12,"299, 292, 187, 221, 294",4/5,over,-111,draftkings,0.563,0.498,0.065,0.069,"","",false
260,Keenan Allen,receptions,3.5,Indianapolis Colts @ Pittsburgh Steelers,3,IND,WR,PIT,false,21.0,4.1,4.2,0.985,12,"6, 1, 6, 7, 1",3/5,over,125,draftkings,0.475,0.427,0.048,0.069,"","",false
261,Aaron Jones,rec_yds,20.5,Minnesota Vikings @ New Orleans Saints,1,MIN,RB,NO,false,22.0,17.6,18.0,0.987,12,"34, 34, 0, 0, 10",2/5,under,-113,draftkings,0.567,0.502,0.065,0.069,target share up (4% -> 16% last 3),"",false
262,Gunnar Helm,rec_yds,17.5,Houston Texans @ Tennessee Titans,2,TEN,TE,HOU,true,15.0,14.9,15.9,1.028,12,"5, 14, 13, 28, 1",1/5,under,-114,fanduel,0.57,0.504,0.065,0.069,target share down (18% -> 9% last 3),"",false
263,Javonte Williams,rush_yds,67.5,Tampa Bay Buccaneers @ Dallas Cowboys,1,DAL,RB,TB,true,28.5,57.9,62.2,0.872,12,"62, 98, 30, 41, 54",1/5,under,-113,draftkings,0.566,0.502,0.064,0.068,"","",false
264,DeMario Douglas,rec_yds,25.5,Las Vegas Raiders @ New England Patriots,1,NE,WR,LV,true,24.5,21.2,20.7,1.001,12,"15, 38, 9, 20, 29",2/5,under,-114,fanduel,0.569,0.5,0.069,0.068,target share down (23% -> 12% last 3),"",false
265,RJ Harvey,anytime_td,0.5,Denver Broncos @ Los Angeles Chargers,3,DEN,RB,LAC,false,22.5,0.6,13.8,1.065,12,"0, 0, 0, 0, 1",1/5,over,200,fanduel,0.356,0.31,0.046,0.068,"","",false
266,Matthew Stafford,pass_yds,281.5,Buffalo Bills @ Los Angeles Rams,1,LA,QB,BUF,true,28.8,347.4,304.3,1.068,12,"317, 390, 327, 155, 259",3/5,over,-115,betmgm,0.571,0.5,0.071,0.067,"","",false
267,Josh Allen,pass_yds,244.5,Buffalo Bills @ Los Angeles Rams,2,BUF,QB,LA,false,25.8,217.0,242.8,0.862,12,"253, 204, 248, 334, 262",4/5,under,-113,draftkings,0.566,0.501,0.065,0.066,"","",false
268,Trevor Lawrence,rush_yds,14.5,Philadelphia Eagles @ Jacksonville Jaguars,1,JAX,QB,PHI,true,24.5,12.6,13.3,0.924,12,"0, 25, 6, 3, 11",1/5,under,-114,fanduel,0.568,0.5,0.068,0.066,role change (21 last season -> 8 this season); fringe player line,"",false
269,Tory Horton,receptions,1.5,San Francisco 49ers @ Seattle Seahawks,2,SEA,WR,SF,true,24.2,1.8,1.8,0.968,10,"1, 3, 4, 0, 0",2/5,over,148,draftkings,0.43,0.385,0.044,0.066,only 2 games this season,"",false
270,Demond Claiborne,anytime_td,0.5,Minnesota Vikings @ New Orleans Saints,3,MIN,RB,NO,false,22.0,0.1,2.4,1.2,3,"0, 0, 0",0/3,over,1200,fanduel,0.082,0.087,-0.005,0.065,"","",true
271,Tucker Kraft,anytime_td,0.5,Chicago Bears @ Green Bay Packers,3,GB,TE,CHI,true,21.5,0.5,6.2,0.8,12,"1, 0, 0, 0, 0",1/5,over,230,draftkings,0.323,0.29,0.033,0.065,"","",false
272,Malik Washington,rec_yds,43.5,Cincinnati Bengals @ Miami Dolphins,1,MIA,WR,CIN,true,18.0,38.1,42.5,0.944,12,"67, 56, 43, 53, 6",3/5,under,-109,draftkings,0.555,0.494,0.061,0.064,role change (19 last season -> 55 this season),"",false
273,Calvin Ridley,rec_yds,10.5,Houston Texans @ Tennessee Titans,1,TEN,WR,HOU,true,15.0,27.0,25.6,1.149,10,"13, 0, 35, 13, 18",4/5,over,-110,draftkings,0.558,0.496,0.062,0.064,role change (43 last season -> 16 this season); line far from history: new role?; fringe player line,"",false
274,Cam Skattebo,rush_yds,56.5,New York Giants @ Washington Commanders,2,NYG,RB,WAS,false,19.0,49.7,56.2,0.92,12,"58, 60, 36, 81, 12",3/5,under,-110,draftkings,0.557,0.498,0.06,0.064,"","",false
275,Isaac TeSlaa,rec_yds,26.5,Detroit Lions @ Arizona Cardinals,1,DET,WR,ARI,false,30.0,50.0,44.3,1.041,12,"95, 66, 26, 0, 18",2/5,over,-120,betmgm,0.58,0.509,0.071,0.063,role change (17 last season -> 47 this season); line far from history: new role?; target share up (3% -> 13% last 3),"",false
276,Cody White,rec_yds,16.5,Las Vegas Raiders @ New England Patriots,1,LV,WR,NE,false,21.0,14.7,15.1,0.989,12,"36, 4, 24, 0, 0",2/5,under,-114,fanduel,0.566,0.5,0.066,0.063,"","",false
277,Jalon Daniels,rush_yds,42.5,Tampa Bay Buccaneers @ Dallas Cowboys,2,TB,QB,DAL,false,20.0,39.5,33.9,1.2,2,"55, 9",1/2,under,-105,betmgm,0.545,0.488,0.057,0.063,only 2 games this season,"",false
278,Carnell Tate,rec_yds,44.5,Houston Texans @ Tennessee Titans,1,TEN,WR,HOU,true,15.0,78.4,74.4,1.149,4,"145, 58, 27, 38",2/4,over,-113,draftkings,0.564,0.502,0.062,0.063,line far from history: new role?; target share up (21% -> 33% last 3),"",false
279,Bhayshul Tuten,rush_yds,67.5,Philadelphia Eagles @ Jacksonville Jaguars,1,JAX,RB,PHI,true,24.5,58.3,53.7,1.063,12,"73, 73, 65, 66, 23",2/5,under,-114,draftkings,0.566,0.504,0.062,0.062,role change (20 last season -> 69 this season),"",false
280,Jared Goff,pass_yds,280.5,Detroit Lions @ Arizona Cardinals,1,DET,QB,ARI,false,30.0,341.8,308.5,1.023,12,"412, 269, 327, 206, 331",3/5,over,-114,fanduel,0.566,0.5,0.066,0.062,"","",false
281,CeeDee Lamb,receptions,6.5,Tampa Bay Buccaneers @ Dallas Cowboys,3,DAL,WR,TB,true,28.5,7.8,8.3,0.907,12,"17, 7, 8, 5, 1",3/5,over,-102,fanduel,0.536,0.483,0.053,0.062,target share up (27% -> 33% last 3),"",false
282,Colby Parkinson,anytime_td,0.5,Buffalo Bills @ Los Angeles Rams,3,LA,TE,BUF,true,28.8,0.4,3.3,0.8,12,"0, 0, 0, 2, 0",1/5,over,280,betmgm,0.28,0.267,0.013,0.062,"","",false
283,Jordan Watkins,anytime_td,0.5,San Francisco 49ers @ Seattle Seahawks,3,SF,WR,SEA,false,21.2,0.1,1.7,0.813,3,"0, 0, 0",0/3,over,1500,draftkings,0.066,0.064,0.003,0.062,only 1 game this season,"",true
284,Malik Willis,rush_yds,32.5,Cincinnati Bengals @ Miami Dolphins,1,MIA,QB,CIN,true,18.0,27.9,29.0,1.014,8,"11, 56, 6, 39, 60",3/5,under,-114,fanduel,0.565,0.5,0.065,0.061,"","",false
285,Daniel Bellinger,anytime_td,0.5,Houston Texans @ Tennessee Titans,3,TEN,TE,HOU,true,15.0,0.1,1.6,0.8,12,"0, 0, 0, 0, 1",1/5,over,1400,draftkings,0.071,0.066,0.005,0.061,"","",true
286,Raheim Sanders,anytime_td,0.5,Cleveland Browns @ New York Jets,3,CLE,RB,NYJ,false,18.5,0.1,5.2,1.2,8,"0, 0, 0, 0, 0",0/5,over,750,draftkings,0.125,0.124,0.001,0.061,"","",true
287,Dalton Kincaid,rec_yds,50.5,Buffalo Bills @ Los Angeles Rams,2,BUF,TE,LA,false,25.8,44.4,53.6,0.8,12,"7, 38, 95, 130, 48",2/5,under,-114,fanduel,0.565,0.5,0.065,0.061,target share down (21% -> 16% last 3),"",false
288,Marvin Mims Jr.,rec_yds,12.5,Denver Broncos @ Los Angeles Chargers,1,DEN,WR,LAC,false,22.5,11.8,11.9,0.992,12,"10, 0, 10, 10, 26",1/5,under,-117,draftkings,0.572,0.511,0.061,0.061,role change (21 last season -> 5 this season); fringe player line; only 2 games this season,"",false
289,Bijan Robinson,rec_yds,26.5,Baltimore Ravens @ Atlanta Falcons,1,ATL,RB,BAL,true,23.2,24.9,30.9,0.8,12,"2, 19, 9, 90, 10",1/5,under,-114,fanduel,0.565,0.5,0.065,0.061,target share down (53% -> 11% last 3),"",false
290,Jameis Winston,rush_yds,2.5,New York Giants @ Washington Commanders,2,NYG,QB,WAS,false,19.0,5.7,5.5,1.074,6,"0, 14, 1, 0, 13",2/5,over,-102,fanduel,0.535,0.487,0.049,0.06,line far from history: new role?; fringe player line,"",false
291,Jacoby Brissett,anytime_td,0.5,Detroit Lions @ Arizona Cardinals,3,ARI,QB,DET,true,24.5,0.1,3.2,1.2,12,"0, 1, 0, 0, 0",1/5,over,600,draftkings,0.151,0.157,-0.006,0.06,"","",true
292,Jameson Williams,rec_yds,51.5,Detroit Lions @ Arizona Cardinals,2,DET,WR,ARI,false,30.0,75.3,66.8,1.041,12,"102, 49, 33, 45, 74",2/5,over,-114,fanduel,0.565,0.5,0.065,0.06,target share down (23% -> 13% last 3),"",false
293,Jaylen Waddle,receptions,4.5,Denver Broncos @ Los Angeles Chargers,3,DEN,WR,LAC,false,22.5,3.7,3.8,0.959,12,"5, 2, 8, 1, 0",2/5,under,-114,fanduel,0.564,0.508,0.056,0.059,target share up (11% -> 24% last 3),"",false
294,Josh Cameron,rec_yds,10.5,Philadelphia Eagles @ Jacksonville Jaguars,1,JAX,WR,PHI,true,24.5,21.3,20.2,1.029,4,"42, 12, 0, 20",3/4,over,-117,draftkings,0.571,0.511,0.061,0.059,line far from history: new role?; fringe player line,"",false
295,Deion Burks,anytime_td,0.5,Indianapolis Colts @ Pittsburgh Steelers,3,IND,WR,PIT,false,21.0,0.1,2.0,0.813,2,"0, 0",0/2,over,1550,betmgm,0.064,0.059,0.006,0.059,only 2 games this season,"",true
296,Javonte Williams,rush_yds,66.5,Tampa Bay Buccaneers @ Dallas Cowboys,1,DAL,RB,TB,true,28.5,57.9,62.2,0.872,12,"62, 98, 30, 41, 54",1/5,under,-113,fanduel,0.561,0.5,0.061,0.058,"","",false
297,Malik Washington,rec_yds,44.5,Cincinnati Bengals @ Miami Dolphins,1,MIA,WR,CIN,true,18.0,38.1,42.5,0.944,12,"67, 56, 43, 53, 6",3/5,under,-114,fanduel,0.563,0.5,0.063,0.058,role change (19 last season -> 55 this season),"",false
298,Ty Johnson,rec_yds,12.5,Buffalo Bills @ Los Angeles Rams,1,BUF,RB,LA,false,25.8,24.2,24.7,0.944,12,"9, 50, 20, 33, 0",3/5,over,-120,betmgm,0.577,0.51,0.067,0.058,role change (15 last season -> 30 this season); line far from history: new role?; fringe player line; only 2 games this season,"",false
299,DeMario Douglas,rec_yds,24.5,Las Vegas Raiders @ New England Patriots,1,NE,WR,LV,true,24.5,21.2,20.7,1.001,12,"15, 38, 9, 20, 29",2/5,under,-116,draftkings,0.567,0.508,0.059,0.057,target share down (23% -> 12% last 3),"",false
300,KC Concepcion,rec_yds,38.5,Cleveland Browns @ New York Jets,1,CLE,WR,NYJ,false,18.5,33.2,37.1,0.936,4,"64, 9, 28, 43",2/4,under,-114,fanduel,0.563,0.5,0.063,0.057,"","",false
301,Deebo Samuel,receptions,3.5,San Francisco 49ers @ Seattle Seahawks,3,SF,WR,SEA,false,21.2,3.1,3.4,0.915,12,"5, 0, 3, 6, 2",2/5,under,-102,fanduel,0.534,0.49,0.043,0.057,target share down (21% -> 13% last 3),"",false
302,Mike Evans,rec_yds,51.5,San Francisco 49ers @ Seattle Seahawks,1,SF,WR,SEA,false,21.2,43.6,51.3,0.861,12,"76, 34, 54, 49, 34",2/5,under,-115,betmgm,0.565,0.5,0.065,0.057,"","",false
303,Khalil Shakir,rec_yds,43.5,Buffalo Bills @ Los Angeles Rams,2,BUF,WR,LA,false,25.8,39.7,43.5,0.881,12,"82, 6, 38, 50, 35",2/5,under,-110,draftkings,0.554,0.498,0.056,0.057,"","",false
304,Woody Marks,receptions,1.5,Houston Texans @ Tennessee Titans,3,HOU,RB,TEN,false,22.5,1.4,1.5,0.92,12,"0, 1, 5, 1, 2",2/5,under,-102,draftkings,0.533,0.508,0.024,0.055,"","",false
305,Mike Evans,rec_yds,50.5,San Francisco 49ers @ Seattle Seahawks,1,SF,WR,SEA,false,21.2,43.6,51.3,0.861,12,"76, 34, 54, 49, 34",2/5,under,-114,fanduel,0.562,0.5,0.062,0.055,"","",false
306,Jameson Williams,rec_yds,53.5,Detroit Lions @ Arizona Cardinals,1,DET,WR,ARI,false,30.0,75.3,66.8,1.041,12,"102, 49, 33, 45, 74",2/5,over,-111,draftkings,0.555,0.498,0.057,0.054,target share down (23% -> 13% last 3),"",false
307,Najee Harris,rush_yds,28.5,New York Giants @ Washington Commanders,1,NYG,RB,WAS,false,19.0,24.9,28.1,0.92,6,"30, 52, 6, 28, 28",2/5,under,-114,fanduel,0.561,0.5,0.061,0.054,"","",false
308,Josh Allen,pass_yds,243.5,Buffalo Bills @ Los Angeles Rams,1,BUF,QB,LA,false,25.8,217.0,242.8,0.862,12,"253, 204, 248, 334, 262",4/5,under,-115,betmgm,0.563,0.5,0.063,0.053,"","",false
309,Jahmyr Gibbs,rush_yds,93.5,Detroit Lions @ Arizona Cardinals,2,DET,RB,ARI,false,30.0,83.2,75.1,1.023,12,"46, 99, 52, 156, 80",2/5,under,-112,draftkings,0.556,0.501,0.056,0.053,"","",false
310,Christian Watson,anytime_td,0.5,Chicago Bears @ Green Bay Packers,3,GB,WR,CHI,true,21.5,0.6,7.1,0.92,12,"0, 1, 1, 2, 1",4/5,over,180,fanduel,0.376,0.337,0.039,0.053,"","",false
311,Jalen Hurts,rush_yds,27.5,Philadelphia Eagles @ Jacksonville Jaguars,1,PHI,QB,JAX,false,17.0,23.9,25.0,1.02,12,"18, 25, 16, 46, 5",1/5,under,-114,fanduel,0.56,0.5,0.06,0.052,"","",false
312,Chris Rodriguez Jr.,rush_yds,28.5,Philadelphia Eagles @ Jacksonville Jaguars,1,JAX,RB,PHI,true,24.5,39.2,36.1,1.063,12,"35, 37, 13, 23, 65",3/5,over,-109,draftkings,0.549,0.494,0.055,0.052,"","",false
313,Carnell Tate,anytime_td,0.5,Houston Texans @ Tennessee Titans,3,TEN,WR,HOU,true,15.0,0.2,8.5,1.2,4,"0, 0, 0, 0",0/4,over,425,draftkings,0.2,0.203,-0.003,0.052,"","",true
314,Jacoby Brissett,rush_yds,8.5,Detroit Lions @ Arizona Cardinals,1,ARI,QB,DET,true,24.5,12.8,10.9,1.152,12,"18, 4, 7, 14, 19",3/5,over,-114,fanduel,0.56,0.5,0.06,0.052,fringe player line,"",false
315,Christian McCaffrey,rec_yds,36.5,San Francisco 49ers @ Seattle Seahawks,2,SF,RB,SEA,false,21.2,32.7,31.7,1.047,12,"18, 41, 43, 20, 34",2/5,under,-113,draftkings,0.558,0.506,0.052,0.052,role change (54 last season -> 30 this season); target share down (24% -> 19% last 3),"",false
316,Garrett Wilson,rec_yds,71.5,Cleveland Browns @ New York Jets,1,NYJ,WR,CLE,true,21.0,61.6,59.7,1.05,11,"27, 107, 57, 79, 0",2/5,under,-115,betmgm,0.562,0.5,0.062,0.051,"","",false
317,Michael Wilson,receptions,6.5,Detroit Lions @ Arizona Cardinals,1,ARI,WR,DET,true,24.5,7.3,6.4,1.134,12,"7, 11, 2, 5, 5",2/5,over,120,betmgm,0.478,0.425,0.053,0.051,target share up (19% -> 33% last 3),"",false
318,Jared Goff,pass_yds,283.5,Detroit Lions @ Arizona Cardinals,1,DET,QB,ARI,false,30.0,341.8,308.5,1.023,12,"412, 269, 327, 206, 331",3/5,over,-115,betmgm,0.562,0.5,0.062,0.051,"","",false
319,Daniel Jones,anytime_td,0.5,Indianapolis Colts @ Pittsburgh Steelers,3,IND,QB,PIT,false,21.0,0.2,2.9,0.8,12,"1, 0, 0, 0, 0",1/5,over,600,fanduel,0.15,0.136,0.015,0.051,"","",true
320,Mike Washington Jr.,anytime_td,0.5,Las Vegas Raiders @ New England Patriots,2,LV,RB,NE,false,21.0,0.2,7.0,0.949,4,"0, 1, 0, 0",1/4,over,550,draftkings,0.161,0.142,0.019,0.05,"","",true
321,Wan'Dale Robinson,receptions,3.5,Houston Texans @ Tennessee Titans,2,TEN,WR,HOU,true,15.0,5.3,4.9,1.126,12,"3, 7, 1, 5, 11",3/5,over,-143,draftkings,0.618,0.553,0.065,0.05,"","",false
322,Chris Olave,anytime_td,0.5,Minnesota Vikings @ New Orleans Saints,3,NO,WR,MIN,true,19.5,0.5,11.3,0.92,12,"0, 0, 1, 0, 1",2/5,over,195,fanduel,0.355,0.335,0.021,0.049,"","",false
323,Jalon Daniels,rush_yds,43.5,Tampa Bay Buccaneers @ Dallas Cowboys,1,TB,QB,DAL,false,20.0,39.5,33.9,1.2,2,"55, 9",1/2,under,-113,fanduel,0.557,0.5,0.057,0.049,only 2 games this season,"",false
324,Kendrick Bourne,receptions,2.5,Detroit Lions @ Arizona Cardinals,3,ARI,WR,DET,true,24.5,3.1,2.7,1.134,12,"2, 2, 8, 0, 1",1/5,over,112,fanduel,0.495,0.45,0.045,0.049,"","",false
325,Josh Downs,receptions,5.5,Indianapolis Colts @ Pittsburgh Steelers,1,IND,WR,PIT,false,21.0,3.8,3.9,0.985,12,"3, 5, 7, 2, 4",1/5,under,-165,betmgm,0.653,0.583,0.07,0.049,target share up (14% -> 25% last 3),"",false
326,Zachariah Branch,anytime_td,0.5,Baltimore Ravens @ Atlanta Falcons,3,ATL,WR,BAL,true,23.2,0.1,1.6,0.92,4,"0, 0, 0, 0",0/4,over,1300,draftkings,0.075,0.077,-0.002,0.049,"","",true
327,Carnell Tate,rec_yds,45.5,Houston Texans @ Tennessee Titans,1,TEN,WR,HOU,true,15.0,78.4,74.4,1.149,4,"145, 58, 27, 38",2/4,over,-114,fanduel,0.559,0.5,0.059,0.049,line far from history: new role?; target share up (21% -> 33% last 3),"",false
328,Tyjae Spears,rush_yds,14.5,Houston Texans @ Tennessee Titans,1,TEN,RB,HOU,true,15.0,13.9,16.2,0.932,12,"7, 5, 41, 12, 18",2/5,under,-114,fanduel,0.558,0.5,0.058,0.048,fringe player line,"",false
329,Ben Sinnott,anytime_td,0.5,New York Giants @ Washington Commanders,2,WAS,TE,NYG,true,22.5,0.1,1.4,0.994,11,"0, 0, 0, 0, 0",0/5,over,1500,draftkings,0.066,0.058,0.008,0.048,only 2 games this season,"",true
330,Travis Hunter,anytime_td,0.5,Philadelphia Eagles @ Jacksonville Jaguars,2,JAX,CB,PHI,true,24.5,0.1,2.5,1.0,11,"0, 0, 0, 0, 1",1/5,over,2200,draftkings,0.046,0.043,0.002,0.048,"","",true
331,Garrett Wilson,rec_yds,69.5,Cleveland Browns @ New York Jets,2,NYJ,WR,CLE,true,21.0,61.6,59.7,1.05,11,"27, 107, 57, 79, 0",2/5,under,-114,draftkings,0.558,0.502,0.056,0.048,"","",false
332,Brian Thomas Jr,receptions,2.5,Philadelphia Eagles @ Jacksonville Jaguars,2,JAX,WR,PHI,true,24.5,2.6,2.4,1.056,12,"2, 1, 3, 3, 3",3/5,over,151,draftkings,0.417,0.388,0.029,0.047,"","",false
333,Tyson Bagent,pass_yds,218.5,Chicago Bears @ Green Bay Packers,1,CHI,QB,GB,false,24.0,256.7,268.0,0.942,1,268,1/1,over,-111,draftkings,0.551,0.498,0.053,0.047,only 1 game this season,"",false
334,Brock Purdy,rush_yds,20.5,San Francisco 49ers @ Seattle Seahawks,1,SF,QB,SEA,false,21.2,31.6,26.7,1.2,12,"29, 34, 30, 29, 21",5/5,over,-145,betmgm,0.62,0.548,0.071,0.047,role change (16 last season -> 30 this season),"",false
335,Chris Bell,anytime_td,0.5,Cincinnati Bengals @ Miami Dolphins,3,MIA,WR,CIN,true,18.0,0.1,3.4,1.027,4,"0, 0, 0, 0",0/4,over,600,draftkings,0.15,0.165,-0.015,0.047,"","",true
336,Devontez Walker,anytime_td,0.5,Baltimore Ravens @ Atlanta Falcons,3,BAL,WR,ATL,false,20.2,0.1,1.4,0.92,11,"0, 0, 0, 1, 0",1/5,over,1050,betmgm,0.091,0.083,0.008,0.047,"","",true
337,Jalen Hurts,rush_yds,26.5,Philadelphia Eagles @ Jacksonville Jaguars,1,PHI,QB,JAX,false,17.0,23.9,25.0,1.02,12,"18, 25, 16, 46, 5",1/5,under,-111,draftkings,0.551,0.498,0.053,0.047,"","",false
338,Michael Wilson,receptions,5.5,Detroit Lions @ Arizona Cardinals,2,ARI,WR,DET,true,24.5,7.3,6.4,1.134,12,"7, 11, 2, 5, 5",2/5,over,-140,draftkings,0.611,0.555,0.056,0.047,target share up (19% -> 33% last 3),"",false
339,Mike Evans,rec_yds,48.5,San Francisco 49ers @ Seattle Seahawks,1,SF,WR,SEA,false,21.2,43.6,51.3,0.861,12,"76, 34, 54, 49, 34",3/5,under,-114,draftkings,0.557,0.504,0.053,0.046,"","",false
340,Aaron Rodgers,pass_yds,222.5,Indianapolis Colts @ Pittsburgh Steelers,1,PIT,QB,IND,true,23.5,264.9,244.5,1.072,12,"299, 292, 187, 221, 294",3/5,over,-114,fanduel,0.557,0.5,0.057,0.046,"","",false
341,Chase Brown,rush_yds,67.5,Cincinnati Bengals @ Miami Dolphins,1,CIN,RB,MIA,false,24.5,59.7,56.5,1.035,12,"10, 61, 80, 56, 72",2/5,under,-114,fanduel,0.557,0.5,0.057,0.045,"","",false
342,Elic Ayomanor,anytime_td,0.5,Houston Texans @ Tennessee Titans,3,TEN,WR,HOU,true,15.0,0.1,3.4,1.2,12,"0, 0, 0, 1, 0",1/5,over,700,fanduel,0.131,0.128,0.002,0.045,"","",true
343,Bucky Irving,rec_yds,12.5,Tampa Bay Buccaneers @ Dallas Cowboys,1,TB,RB,DAL,false,20.0,13.3,15.5,0.887,12,"0, 12, 1, 48, 13",2/5,under,-115,betmgm,0.559,0.5,0.059,0.045,role change (28 last season -> 15 this season); fringe player line; target share down (26% -> 8% last 3),"",false
344,Seth McGowan,anytime_td,0.5,Indianapolis Colts @ Pittsburgh Steelers,3,IND,RB,PIT,false,21.0,0.1,4.2,1.065,4,"0, 0, 0, 0",0/4,over,1000,draftkings,0.095,0.089,0.006,0.045,"","",true
345,Marvin Mims Jr.,anytime_td,0.5,Denver Broncos @ Los Angeles Chargers,3,DEN,WR,LAC,false,22.5,0.1,2.9,1.133,12,"0, 0, 0, 0, 0",0/5,over,850,draftkings,0.11,0.116,-0.007,0.044,only 2 games this season,"",true
346,Javonte Williams,rush_yds,65.5,Tampa Bay Buccaneers @ Dallas Cowboys,1,DAL,RB,TB,true,28.5,57.9,62.2,0.872,12,"62, 98, 30, 41, 54",1/5,under,-115,betmgm,0.558,0.5,0.058,0.043,"","",false
347,Bhayshul Tuten,rush_yds,65.5,Philadelphia Eagles @ Jacksonville Jaguars,1,JAX,RB,PHI,true,24.5,58.3,53.7,1.063,12,"73, 73, 65, 66, 23",3/5,under,-114,fanduel,0.556,0.5,0.056,0.043,role change (20 last season -> 69 this season),"",false
348,Elijah Higgins,anytime_td,0.5,Detroit Lions @ Arizona Cardinals,3,ARI,TE,DET,true,24.5,0.1,2.2,1.2,12,"1, 0, 0, 0, 0",1/5,over,1100,draftkings,0.087,0.084,0.003,0.043,"","",true
349,Jordan Love,pass_yds,235.5,Chicago Bears @ Green Bay Packers,1,GB,QB,CHI,true,21.5,214.3,232.8,0.931,12,"197, 312, 145, 387, 77",2/5,under,-112,draftkings,0.551,0.501,0.05,0.043,"","",false
350,Joe Burrow,pass_yds,244.5,Cincinnati Bengals @ Miami Dolphins,1,CIN,QB,MIA,false,24.5,292.4,285.7,1.001,12,"428, 282, 207, 254, 236",3/5,over,-112,draftkings,0.551,0.5,0.051,0.043,"","",false
351,Brevyn Spann-Ford,rec_yds,5.5,Tampa Bay Buccaneers @ Dallas Cowboys,1,DAL,TE,TB,true,28.5,11.3,9.4,1.121,12,"0, 19, 0, 14, 30",3/5,over,-112,draftkings,0.551,0.5,0.051,0.043,line far from history: new role?; fringe player line; target share down (7% -> 2% last 3),"",false
352,Sam LaPorta,rec_yds,51.5,Detroit Lions @ Arizona Cardinals,3,DET,TE,ARI,false,30.0,69.1,57.8,1.104,12,"84, 44, 52, 48, 53",3/5,over,-110,draftkings,0.546,0.501,0.045,0.042,"","",false
353,Marvin Harrison Jr.,rec_yds,34.5,Detroit Lions @ Arizona Cardinals,3,ARI,WR,DET,true,24.5,32.3,27.5,1.148,12,"12, 40, 0, 33, 0",1/5,under,-113,draftkings,0.553,0.501,0.052,0.042,role change (51 last season -> 21 this season),"",false
354,George Pickens,receptions,4.5,Tampa Bay Buccaneers @ Dallas Cowboys,3,DAL,WR,TB,true,28.5,4.3,4.5,0.907,12,"2, 7, 6, 3, 1",2/5,under,107,draftkings,0.503,0.471,0.032,0.042,"","",false
355,Chase Brown,rush_yds,66.5,Cincinnati Bengals @ Miami Dolphins,1,CIN,RB,MIA,false,24.5,59.7,56.5,1.035,12,"10, 61, 80, 56, 72",2/5,under,-115,draftkings,0.557,0.505,0.052,0.042,"","",false
356,Denzel Boston,rec_yds,45.5,Cleveland Browns @ New York Jets,1,CLE,WR,NYJ,false,18.5,64.2,71.8,0.936,4,"89, 41, 95, 59",3/4,over,-115,betmgm,0.557,0.5,0.057,0.041,"","",false
357,Aaron Jones,receptions,2.5,Minnesota Vikings @ New Orleans Saints,2,MIN,RB,NO,false,22.0,2.5,2.6,0.966,12,"4, 5, 0, 0, 3",3/5,under,130,fanduel,0.453,0.411,0.041,0.041,target share up (4% -> 16% last 3),"",false
358,Kendre Miller,rush_yds,19.5,Minnesota Vikings @ New Orleans Saints,1,NO,RB,MIN,true,19.5,18.6,20.6,0.934,10,"9, 14, 30, 7, 21",2/5,under,-112,draftkings,0.55,0.5,0.05,0.041,"","",false
359,Tyjae Spears,rush_yds,13.5,Houston Texans @ Tennessee Titans,1,TEN,RB,HOU,true,15.0,13.9,16.2,0.932,12,"7, 5, 41, 12, 18",2/5,under,-112,draftkings,0.55,0.5,0.05,0.041,fringe player line,"",false
360,George Pickens,rec_yds,65.5,Tampa Bay Buccaneers @ Dallas Cowboys,2,DAL,WR,TB,true,28.5,59.8,63.8,0.88,12,"75, 82, 40, 28, 9",2/5,under,-113,fanduel,0.552,0.502,0.05,0.041,"","",false
361,George Pickens,rec_yds,63.5,Tampa Bay Buccaneers @ Dallas Cowboys,1,DAL,WR,TB,true,28.5,59.8,63.8,0.88,12,"75, 82, 40, 28, 9",2/5,under,100,betmgm,0.52,0.465,0.055,0.041,"","",false
362,Joe Burrow,pass_yds,242.5,Cincinnati Bengals @ Miami Dolphins,1,CIN,QB,MIA,false,24.5,292.4,285.7,1.001,12,"428, 282, 207, 254, 236",3/5,over,-114,fanduel,0.554,0.5,0.054,0.04,"","",false
363,Deshaun Watson,rush_yds,26.5,Cleveland Browns @ New York Jets,1,CLE,QB,NYJ,false,18.5,23.9,31.2,0.8,4,"22, 45, 22, 38",2/4,under,-114,fanduel,0.553,0.5,0.053,0.038,"","",false
364,Jeremiyah Love,rush_yds,45.5,Detroit Lions @ Arizona Cardinals,2,ARI,RB,DET,true,24.5,60.7,58.3,1.019,4,"63, 90, 29, 41",2/4,over,-114,fanduel,0.553,0.5,0.053,0.038,"","",false
365,Aaron Jones,rec_yds,19.5,Minnesota Vikings @ New Orleans Saints,1,MIN,RB,NO,false,22.0,17.6,18.0,0.987,12,"34, 34, 0, 0, 10",2/5,under,-120,betmgm,0.566,0.51,0.056,0.038,target share up (4% -> 16% last 3),"",false
366,Denzel Boston,rec_yds,47.5,Cleveland Browns @ New York Jets,2,CLE,WR,NYJ,false,18.5,64.2,71.8,0.936,4,"89, 41, 95, 59",3/4,over,-111,draftkings,0.546,0.499,0.047,0.038,"","",false
367,James Cook,rush_yds,74.5,Buffalo Bills @ Los Angeles Rams,2,BUF,RB,LA,false,25.8,97.2,98.1,0.956,12,"75, 154, 135, 57, 15",3/5,over,-111,draftkings,0.546,0.499,0.047,0.038,"","",false
368,Ashton Jeanty,rec_yds,24.5,Las Vegas Raiders @ New England Patriots,1,LV,RB,NE,false,21.0,37.4,36.9,1.03,12,"68, 37, 15, 45, 7",3/5,over,-114,fanduel,0.553,0.5,0.053,0.038,role change (20 last season -> 41 this season),"",false
369,Dalton Schultz,rec_yds,37.5,Houston Texans @ Tennessee Titans,2,HOU,TE,TEN,false,22.5,38.6,47.8,0.808,12,"9, 30, 140, 35, 73",2/5,under,-114,fanduel,0.553,0.503,0.049,0.037,target share down (22% -> 16% last 3),"",false
370,Trevor Lawrence,rush_yds,12.5,Philadelphia Eagles @ Jacksonville Jaguars,1,JAX,QB,PHI,true,24.5,12.6,13.3,0.924,12,"0, 25, 6, 3, 11",1/5,under,-110,betmgm,0.543,0.49,0.053,0.037,role change (21 last season -> 8 this season); fringe player line,"",false
371,Malik Washington,rec_yds,42.5,Cincinnati Bengals @ Miami Dolphins,1,MIA,WR,CIN,true,18.0,38.1,42.5,0.944,12,"67, 56, 43, 53, 6",4/5,under,-115,betmgm,0.555,0.5,0.055,0.037,role change (19 last season -> 55 this season),"",false
372,George Kittle,anytime_td,0.5,San Francisco 49ers @ Seattle Seahawks,3,SF,TE,SEA,false,21.2,0.6,6.2,0.994,12,"1, 2, 1, 0, 0",3/5,over,185,draftkings,0.364,0.327,0.037,0.037,"","",false
373,Michael Wilson,anytime_td,0.5,Detroit Lions @ Arizona Cardinals,3,ARI,WR,DET,true,24.5,0.5,11.0,1.133,12,"0, 1, 0, 0, 1",2/5,over,175,draftkings,0.377,0.358,0.019,0.037,"","",false
374,MarShawn Lloyd,rec_yds,13.5,Chicago Bears @ Green Bay Packers,1,GB,RB,CHI,true,21.5,14.5,14.5,1.007,4,"36, 7, 6, 0",1/4,under,-110,draftkings,0.543,0.496,0.047,0.036,fringe player line; target share up (2% -> 10% last 3),"",false
375,Aaron Jones,rec_yds,18.5,Minnesota Vikings @ New Orleans Saints,1,MIN,RB,NO,false,22.0,17.6,18.0,0.987,12,"34, 34, 0, 0, 10",2/5,under,-114,fanduel,0.552,0.5,0.052,0.036,target share up (4% -> 16% last 3),"",false
376,Jeremiyah Love,rush_yds,46.5,Detroit Lions @ Arizona Cardinals,1,ARI,RB,DET,true,24.5,60.7,58.3,1.019,4,"63, 90, 29, 41",2/4,over,-112,draftkings,0.547,0.5,0.047,0.036,"","",false
377,Emeka Egbuka,rec_yds,38.5,Tampa Bay Buccaneers @ Dallas Cowboys,1,TB,WR,DAL,false,20.0,34.8,34.3,1.045,12,"13, 62, 16, 63, 8",2/5,under,-115,betmgm,0.554,0.5,0.054,0.036,"","",false
378,Bo Nix,anytime_td,0.5,Denver Broncos @ Los Angeles Chargers,3,DEN,QB,LAC,false,22.5,0.2,4.2,1.2,12,"0, 1, 0, 0, 0",1/5,over,425,draftkings,0.197,0.192,0.005,0.036,"","",true
379,Drake Maye,anytime_td,0.5,Las Vegas Raiders @ New England Patriots,3,NE,QB,LV,true,24.5,0.2,5.7,1.133,12,"0, 0, 0, 0, 0",0/5,over,370,fanduel,0.22,0.228,-0.007,0.036,"","",false
380,Tyson Bagent,pass_yds,217.5,Chicago Bears @ Green Bay Packers,1,CHI,QB,GB,false,24.0,256.7,268.0,0.942,1,268,1/1,over,-115,betmgm,0.554,0.5,0.054,0.035,only 1 game this season,"",false
381,Ryan Flournoy,rec_yds,32.5,Tampa Bay Buccaneers @ Dallas Cowboys,1,DAL,WR,TB,true,28.5,29.9,31.9,0.88,12,"37, 22, 23, 22, 68",2/5,under,-115,betmgm,0.553,0.5,0.053,0.035,"","",false
382,Jameson Williams,receptions,3.5,Detroit Lions @ Arizona Cardinals,3,DET,WR,ARI,false,30.0,4.3,4.4,0.924,12,"6, 4, 2, 4, 6",4/5,over,-115,betmgm,0.554,0.526,0.027,0.035,target share down (23% -> 13% last 3),"",false
383,Dalton Schultz,rec_yds,38.5,Houston Texans @ Tennessee Titans,1,HOU,TE,TEN,false,22.5,38.6,47.8,0.808,12,"9, 30, 140, 35, 73",2/5,under,-115,betmgm,0.553,0.5,0.053,0.035,target share down (22% -> 16% last 3),"",false
384,Mike Evans,receptions,3.5,San Francisco 49ers @ Seattle Seahawks,2,SF,WR,SEA,false,21.2,3.6,4.0,0.915,12,"5, 3, 3, 6, 2",2/5,under,134,fanduel,0.442,0.412,0.03,0.034,"","",false
385,Drew Sample,anytime_td,0.5,Cincinnati Bengals @ Miami Dolphins,3,CIN,TE,MIA,false,24.5,0.1,2.1,0.994,12,"0, 0, 0, 0, 0",0/5,over,775,betmgm,0.118,0.121,-0.002,0.034,only 2 games this season,"",true
386,Payne Durham,anytime_td,0.5,Tampa Bay Buccaneers @ Dallas Cowboys,3,TB,TE,DAL,false,20.0,0.0,0.7,1.191,9,"0, 0, 0, 0, 0",0/5,over,3500,draftkings,0.029,0.026,0.002,0.034,only 1 game this season,"",true
387,Ryan Flournoy,rec_yds,31.5,Tampa Bay Buccaneers @ Dallas Cowboys,1,DAL,WR,TB,true,28.5,29.9,31.9,0.88,12,"37, 22, 23, 22, 68",2/5,under,-113,fanduel,0.549,0.5,0.049,0.034,"","",false
388,Joe Burrow,rush_yds,7.5,Cincinnati Bengals @ Miami Dolphins,1,CIN,QB,MIA,false,24.5,6.9,8.1,0.834,12,"6, 13, -1, 20, 17",3/5,under,-125,betmgm,0.574,0.52,0.054,0.034,role change (5 last season -> 10 this season); fringe player line,"",false
389,Ashton Jeanty,rec_yds,25.5,Las Vegas Raiders @ New England Patriots,2,LV,RB,NE,false,21.0,37.4,36.9,1.03,12,"68, 37, 15, 45, 7",3/5,over,-112,draftkings,0.546,0.5,0.046,0.033,role change (20 last season -> 41 this season),"",false
390,Puka Nacua,receptions,7.5,Buffalo Bills @ Los Angeles Rams,2,LA,WR,BUF,true,28.8,8.4,7.6,1.064,12,"9, 5, 10, 5, 12",3/5,over,104,draftkings,0.506,0.464,0.043,0.033,only 2 games this season,"",false
391,Kimani Vidal,anytime_td,0.5,Denver Broncos @ Los Angeles Chargers,3,LAC,RB,DEN,true,19.0,0.2,8.0,1.065,12,"1, 0, 0, 0, 0",1/5,over,550,draftkings,0.159,0.146,0.012,0.033,"","",true
392,Bhayshul Tuten,rec_yds,9.5,Philadelphia Eagles @ Jacksonville Jaguars,3,JAX,RB,PHI,true,24.5,10.1,10.4,0.954,12,"18, 17, -3, 22, 0",3/5,under,-109,draftkings,0.539,0.498,0.041,0.033,role change (5 last season -> 14 this season); fringe player line,"",false
393,Emanuel Wilson,rec_yds,9.5,San Francisco 49ers @ Seattle Seahawks,2,SEA,RB,SF,true,24.2,11.8,9.7,1.2,12,"39, 0, 0, 0, 4",1/5,under,-106,draftkings,0.532,0.494,0.038,0.033,role change (6 last season -> 10 this season); fringe player line,"",false
394,Joe Burrow,pass_yds,243.5,Cincinnati Bengals @ Miami Dolphins,1,CIN,QB,MIA,false,24.5,292.4,285.7,1.001,12,"428, 282, 207, 254, 236",3/5,over,-115,betmgm,0.553,0.5,0.053,0.033,"","",false
395,Tyson Bagent,pass_yds,219.5,Chicago Bears @ Green Bay Packers,1,CHI,QB,GB,false,24.0,256.7,268.0,0.942,1,268,1/1,over,-114,fanduel,0.55,0.5,0.05,0.033,only 1 game this season,"",false
396,Greg Dulcich,anytime_td,0.5,Cincinnati Bengals @ Miami Dolphins,3,MIA,TE,CIN,true,18.0,0.2,4.1,0.8,12,"0, 0, 0, 0, 1",1/5,over,550,draftkings,0.159,0.165,-0.006,0.032,"","",true
397,Puka Nacua,rec_yds,92.5,Buffalo Bills @ Los Angeles Rams,1,LA,WR,BUF,true,28.8,126.5,108.3,1.092,12,"125, 74, 76, 47, 225",2/5,over,-114,fanduel,0.55,0.5,0.05,0.032,only 2 games this season,"",false
398,George Holani,receptions,1.5,San Francisco 49ers @ Seattle Seahawks,3,SEA,RB,SF,true,24.2,1.6,1.3,1.2,12,"1, 5, 1, 0, 0",1/5,under,127,draftkings,0.455,0.424,0.031,0.032,role change (0 last season -> 2 this season),"",false
399,Jerry Jeudy,receptions,1.5,Cleveland Browns @ New York Jets,3,CLE,WR,NYJ,false,18.5,2.2,2.3,1.003,12,"3, 0, 2, 2, 5",4/5,over,-110,betmgm,0.541,0.493,0.047,0.032,role change (3 last season -> 2 this season),"",false
400,Chris Godwin,anytime_td,0.5,Tampa Bay Buccaneers @ Dallas Cowboys,3,TB,WR,DAL,false,20.0,0.2,5.1,1.133,12,"0, 0, 0, 0, 0",0/5,over,450,betmgm,0.188,0.198,-0.01,0.032,"","",true
401,Ryan Flournoy,rec_yds,30.5,Tampa Bay Buccaneers @ Dallas Cowboys,1,DAL,WR,TB,true,28.5,29.9,31.9,0.88,12,"37, 22, 23, 22, 68",2/5,under,-110,draftkings,0.54,0.496,0.045,0.032,"","",false
402,Jahmyr Gibbs,rush_yds,90.5,Detroit Lions @ Arizona Cardinals,1,DET,RB,ARI,false,30.0,83.2,75.1,1.023,12,"46, 99, 52, 156, 80",2/5,under,-114,fanduel,0.549,0.5,0.049,0.031,"","",false
403,Kyler Murray,pass_yds,213.5,Minnesota Vikings @ New Orleans Saints,1,MIN,QB,NO,false,22.0,200.3,203.6,0.989,7,"247, 168, 220, 200, 159",2/5,under,-110,draftkings,0.54,0.496,0.044,0.031,only 2 games this season,"",false
404,Konata Mumpfield,receptions,0.5,Buffalo Bills @ Los Angeles Rams,1,LA,WR,BUF,true,28.8,1.6,1.4,1.064,12,"1, 4, 1, 0, 0",3/5,over,-172,fanduel,0.652,0.59,0.061,0.031,line far from history: new role?; fringe player line; target share up (4% -> 10% last 3),"",false
405,Puka Nacua,rec_yds,94.5,Buffalo Bills @ Los Angeles Rams,1,LA,WR,BUF,true,28.8,126.5,108.3,1.092,12,"125, 74, 76, 47, 225",2/5,over,-112,draftkings,0.545,0.5,0.045,0.031,only 2 games this season,"",false
406,Bhayshul Tuten,rush_yds,63.5,Philadelphia Eagles @ Jacksonville Jaguars,1,JAX,RB,PHI,true,24.5,58.3,53.7,1.063,12,"73, 73, 65, 66, 23",4/5,under,-111,betmgm,0.542,0.491,0.051,0.03,role change (20 last season -> 69 this season),"",false
407,Courtland Sutton,receptions,3.5,Denver Broncos @ Los Angeles Chargers,3,DEN,WR,LAC,false,22.5,2.7,2.9,0.959,12,"1, 3, 3, 2, 1",0/5,under,-136,fanduel,0.594,0.547,0.047,0.03,role change (4 last season -> 2 this season),"",false
408,Adam Trautman,anytime_td,0.5,Denver Broncos @ Los Angeles Chargers,3,DEN,TE,LAC,false,22.5,0.1,2.0,0.8,12,"0, 0, 0, 0, 0",0/5,over,1000,betmgm,0.094,0.091,0.002,0.03,only 2 games this season,"",true
409,Skyy Moore,receptions,1.5,Chicago Bears @ Green Bay Packers,2,GB,WR,CHI,true,21.5,1.0,1.1,0.898,12,"1, 3, 2, 0, 0",2/5,under,-151,draftkings,0.62,0.571,0.048,0.03,role change (0 last season -> 2 this season); target share up (2% -> 10% last 3),"",false
410,Brock Purdy,pass_yds,226.5,San Francisco 49ers @ Seattle Seahawks,1,SF,QB,SEA,false,21.2,212.1,245.8,0.875,12,"218, 297, 287, 205, 127",2/5,under,-112,draftkings,0.544,0.5,0.044,0.03,"","",false
411,Justin Herbert,rush_yds,26.5,Denver Broncos @ Los Angeles Chargers,1,LAC,QB,DEN,true,19.0,25.4,25.8,1.026,12,"40, 17, 2, 29, 37",3/5,under,-113,draftkings,0.546,0.502,0.044,0.03,"","",false
412,Josh Cameron,rec_yds,11.5,Philadelphia Eagles @ Jacksonville Jaguars,1,JAX,WR,PHI,true,24.5,21.3,20.2,1.029,4,"42, 12, 0, 20",3/4,over,-115,betmgm,0.551,0.5,0.051,0.03,line far from history: new role?; fringe player line,"",false
413,Dawson Knox,rec_yds,10.5,Buffalo Bills @ Los Angeles Rams,2,BUF,TE,LA,false,25.8,12.9,15.6,0.8,12,"13, 5, 5, 7, 24",2/5,under,-108,draftkings,0.535,0.496,0.039,0.03,role change (26 last season -> 8 this season); fringe player line,"",false
414,Deshaun Watson,rush_yds,25.5,Cleveland Browns @ New York Jets,1,CLE,QB,NYJ,false,18.5,23.9,31.2,0.8,4,"22, 45, 22, 38",2/4,under,-112,draftkings,0.544,0.5,0.044,0.03,"","",false
415,Malik Willis,pass_yds,191.5,Cincinnati Bengals @ Miami Dolphins,1,MIA,QB,CIN,true,18.0,178.1,176.1,1.064,6,"85, 210, 197, 220, 288",4/5,under,-113,draftkings,0.546,0.502,0.044,0.029,role change (106 last season -> 178 this season),"",false
416,Jordan Love,pass_yds,233.5,Chicago Bears @ Green Bay Packers,1,GB,QB,CHI,true,21.5,214.3,232.8,0.931,12,"197, 312, 145, 387, 77",2/5,under,-114,fanduel,0.548,0.5,0.048,0.029,"","",false
417,Alvin Kamara,rec_yds,14.5,Minnesota Vikings @ New Orleans Saints,1,NO,RB,MIN,true,19.5,14.7,16.8,0.903,12,"35, 5, 7, 4, 32",2/5,under,-117,draftkings,0.555,0.511,0.044,0.029,fringe player line,"",false
418,Roman Wilson,receptions,3.5,Indianapolis Colts @ Pittsburgh Steelers,3,PIT,WR,IND,true,23.5,2.7,2.7,0.985,12,"3, 3, 5, 3, 0",1/5,under,-139,draftkings,0.599,0.546,0.052,0.029,role change (1 last season -> 4 this season),"",false
419,Daniel Jones,pass_yds,213.5,Indianapolis Colts @ Pittsburgh Steelers,1,IND,QB,PIT,false,21.0,197.9,204.4,0.984,12,"143, 235, 210, 166, 201",1/5,under,-114,fanduel,0.548,0.5,0.048,0.029,"","",false
420,Romeo Doubs,rec_yds,52.5,Las Vegas Raiders @ New England Patriots,1,NE,WR,LV,true,24.5,50.5,49.3,1.001,12,"58, 49, 96, 0, 62",3/5,under,-110,draftkings,0.539,0.496,0.043,0.029,target share up (10% -> 19% last 3),"",false
421,Brock Purdy,pass_yds,228.5,San Francisco 49ers @ Seattle Seahawks,1,SF,QB,SEA,false,21.2,212.1,245.8,0.875,12,"218, 297, 287, 205, 127",2/5,under,-114,fanduel,0.548,0.5,0.048,0.028,"","",false
422,Mark Andrews,anytime_td,0.5,Baltimore Ravens @ Atlanta Falcons,3,BAL,TE,ATL,false,20.2,0.3,5.4,1.191,12,"1, 0, 0, 0, 0",1/5,over,300,betmgm,0.257,0.25,0.007,0.028,"","",false
423,Christian McCaffrey,rec_yds,35.5,San Francisco 49ers @ Seattle Seahawks,1,SF,RB,SEA,false,21.2,32.7,31.7,1.047,12,"18, 41, 43, 20, 34",2/5,under,-114,fanduel,0.548,0.5,0.048,0.028,role change (54 last season -> 30 this season); target share down (24% -> 19% last 3),"",false
424,Derrick Henry,rush_yds,85.5,Baltimore Ravens @ Atlanta Falcons,2,BAL,RB,ATL,false,20.2,79.5,100.5,0.811,12,"73, 89, 68, 144, 126",3/5,under,-114,draftkings,0.547,0.502,0.045,0.027,"","",false
425,Tez Johnson,anytime_td,0.5,Tampa Bay Buccaneers @ Dallas Cowboys,3,TB,WR,DAL,false,20.0,0.2,2.7,1.133,12,"0, 0, 0, 0, 0",0/5,over,700,fanduel,0.128,0.118,0.01,0.027,"","",true
426,Jordan Love,pass_yds,234.5,Chicago Bears @ Green Bay Packers,1,GB,QB,CHI,true,21.5,214.3,232.8,0.931,12,"197, 312, 145, 387, 77",2/5,under,-115,betmgm,0.549,0.5,0.049,0.027,"","",false
427,Malik Nabers,rec_yds,55.5,New York Giants @ Washington Commanders,1,NYG,WR,WAS,false,19.0,57.0,57.0,1.04,8,"112, 26, 1, 69, 20",2/5,under,-111,draftkings,0.54,0.498,0.042,0.027,target share down (31% -> 22% last 3),"",false
428,Jake Ferguson,rec_yds,26.5,Tampa Bay Buccaneers @ Dallas Cowboys,1,DAL,TE,TB,true,28.5,25.2,21.0,1.121,12,"11, 23, 43, 6, 5",1/5,under,-113,fanduel,0.545,0.5,0.045,0.027,role change (35 last season -> 21 this season),"",false
429,Calvin Ridley,receptions,0.5,Houston Texans @ Tennessee Titans,2,TEN,WR,HOU,true,15.0,1.6,1.4,1.126,10,"1, 0, 2, 1, 1",4/5,over,-188,fanduel,0.67,0.619,0.051,0.026,role change (2 last season -> 1 this season); line far from history: new role?; fringe player line,"",false
430,Kenny Gainwell,rush_yds,12.5,Tampa Bay Buccaneers @ Dallas Cowboys,3,TB,RB,DAL,false,20.0,15.5,15.6,1.024,12,"5, -4, 10, 15, 10",1/5,under,-112,draftkings,0.542,0.503,0.039,0.026,role change (32 last season -> 6 this season); fringe player line,"",false
431,Ty Johnson,receptions,2.5,Buffalo Bills @ Los Angeles Rams,1,BUF,RB,LA,false,25.8,2.6,2.5,1.034,12,"2, 4, 2, 3, 0",2/5,over,152,fanduel,0.407,0.371,0.036,0.026,role change (1 last season -> 3 this season); only 2 games this season,"",false
432,Javonte Williams,receptions,2.5,Tampa Bay Buccaneers @ Dallas Cowboys,3,DAL,RB,TB,true,28.5,3.6,2.9,1.171,12,"5, 2, 3, 5, 0",3/5,over,-129,draftkings,0.578,0.528,0.05,0.026,role change (2 last season -> 4 this season); target share down (17% -> 11% last 3),"",false
433,KaVontae Turpin,rec_yds,3.5,Tampa Bay Buccaneers @ Dallas Cowboys,1,DAL,WR,TB,true,28.5,10.8,11.6,0.88,12,"0, 9, 0, 8, 0",2/5,over,102,fanduel,0.508,0.467,0.041,0.026,role change (26 last season -> 4 this season); line far from history: new role?; fringe player line,"",false
434,RJ Harvey,receptions,3.5,Denver Broncos @ Los Angeles Chargers,3,DEN,RB,LAC,false,22.5,5.2,5.3,0.966,12,"10, 6, 4, 1, 5",4/5,over,-165,betmgm,0.639,0.589,0.05,0.026,role change (3 last season -> 7 this season),"",false
435,Rashid Shaheed,receptions,1.5,San Francisco 49ers @ Seattle Seahawks,2,SEA,WR,SF,true,24.2,1.7,1.7,0.968,12,"1, 2, 3, 1, 1",2/5,under,142,draftkings,0.424,0.39,0.034,0.026,role change (3 last season -> 2 this season),"",false
436,Juwan Johnson,rec_yds,41.5,Minnesota Vikings @ New Orleans Saints,1,NO,TE,MIN,true,19.5,56.6,59.8,0.978,12,"59, 53, 66, 54, 61",5/5,over,-115,betmgm,0.549,0.5,0.049,0.026,"","",false
437,Troy Franklin,anytime_td,0.5,Denver Broncos @ Los Angeles Chargers,3,DEN,WR,LAC,false,22.5,0.2,3.0,1.133,12,"0, 0, 0, 0, 0",0/5,over,650,draftkings,0.137,0.134,0.003,0.025,"","",true
438,Devaughn Vele,rec_yds,37.5,Minnesota Vikings @ New Orleans Saints,1,NO,WR,MIN,true,19.5,49.3,51.4,0.991,12,"54, 39, 64, 69, 69",5/5,over,-110,draftkings,0.537,0.496,0.041,0.025,role change (33 last season -> 56 this season),"",false
439,Aaron Jones,receptions,3.5,Minnesota Vikings @ New Orleans Saints,1,MIN,RB,NO,false,22.0,2.5,2.6,0.966,12,"4, 5, 0, 0, 3",2/5,under,-168,draftkings,0.643,0.592,0.051,0.025,target share up (4% -> 16% last 3),"",false
440,Daniel Jones,pass_yds,210.5,Indianapolis Colts @ Pittsburgh Steelers,1,IND,QB,PIT,false,21.0,197.9,204.4,0.984,12,"143, 235, 210, 166, 201",1/5,under,-113,draftkings,0.544,0.502,0.042,0.025,"","",false
441,Malik Willis,pass_yds,192.5,Cincinnati Bengals @ Miami Dolphins,1,MIA,QB,CIN,true,18.0,178.1,176.1,1.064,6,"85, 210, 197, 220, 288",4/5,under,-114,fanduel,0.546,0.5,0.046,0.025,role change (106 last season -> 178 this season),"",false
442,Garrett Wilson,receptions,6.5,Cleveland Browns @ New York Jets,3,NYJ,WR,CLE,true,21.0,5.3,5.5,0.985,11,"3, 10, 5, 6, 0",1/5,under,-148,draftkings,0.612,0.568,0.044,0.025,"","",false
443,George Holani,rec_yds,10.5,San Francisco 49ers @ Seattle Seahawks,1,SEA,RB,SF,true,24.2,11.9,9.7,1.2,12,"2, 48, 2, 0, 0",1/5,under,-120,betmgm,0.558,0.509,0.049,0.024,role change (2 last season -> 13 this season); fringe player line,"",false
444,Devaughn Vele,receptions,3.5,Minnesota Vikings @ New Orleans Saints,3,NO,WR,MIN,true,19.5,4.4,4.6,0.977,12,"6, 3, 5, 7, 5",4/5,over,-125,betmgm,0.569,0.535,0.034,0.024,role change (3 last season -> 5 this season),"",false
445,Jacory Croskey-Merritt,anytime_td,0.5,New York Giants @ Washington Commanders,3,WAS,RB,NYG,true,22.5,0.5,14.0,1.065,12,"0, 0, 0, 1, 0",1/5,over,155,fanduel,0.402,0.404,-0.002,0.024,"","",false
446,Mason Taylor,anytime_td,0.5,Cleveland Browns @ New York Jets,3,NYJ,TE,CLE,true,21.0,0.2,4.8,1.191,12,"0, 0, 0, 0, 0",0/5,over,525,betmgm,0.164,0.172,-0.008,0.024,only 1 game this season,"",true
447,Evan Engram,receptions,2.5,Denver Broncos @ Los Angeles Chargers,3,DEN,TE,LAC,false,22.5,1.7,1.8,0.922,12,"1, 0, 1, 4, 3",2/5,under,-165,betmgm,0.638,0.586,0.052,0.024,role change (3 last season -> 2 this season); target share down (19% -> 8% last 3),"",false
448,Kyler Murray,rush_yds,17.5,Minnesota Vikings @ New Orleans Saints,3,MIN,QB,NO,false,22.0,17.3,21.2,0.822,8,"16, 17, 9, 25, 41",2/5,under,-110,draftkings,0.536,0.499,0.037,0.023,role change (35 last season -> 14 this season),"",false
449,Tyjae Spears,anytime_td,0.5,Houston Texans @ Tennessee Titans,3,TEN,RB,HOU,true,15.0,0.1,6.7,0.949,12,"0, 0, 0, 0, 0",0/5,over,650,fanduel,0.136,0.142,-0.006,0.023,"","",true
450,Puka Nacua,rec_yds,93.5,Buffalo Bills @ Los Angeles Rams,1,LA,WR,BUF,true,28.8,126.5,108.3,1.092,12,"125, 74, 76, 47, 225",2/5,over,-115,betmgm,0.547,0.5,0.047,0.023,only 2 games this season,"",false
451,Emanuel Wilson,rec_yds,10.5,San Francisco 49ers @ Seattle Seahawks,1,SEA,RB,SF,true,24.2,11.8,9.7,1.2,12,"39, 0, 0, 0, 4",1/5,under,-115,betmgm,0.547,0.5,0.047,0.023,role change (6 last season -> 10 this season); fringe player line,"",false
452,Greg Dulcich,receptions,2.5,Cincinnati Bengals @ Miami Dolphins,3,MIA,TE,CIN,true,18.0,3.6,3.1,1.187,12,"5, 2, 2, 3, 5",3/5,over,-135,betmgm,0.587,0.542,0.046,0.022,"","",false
453,Keenan Allen,anytime_td,0.5,Indianapolis Colts @ Pittsburgh Steelers,3,IND,WR,PIT,false,21.0,0.2,6.6,0.813,12,"1, 0, 0, 0, 0",1/5,over,425,betmgm,0.195,0.184,0.011,0.022,"","",true
454,Chase Brown,rush_yds,64.5,Cincinnati Bengals @ Miami Dolphins,1,CIN,RB,MIA,false,24.5,59.7,56.5,1.035,12,"10, 61, 80, 56, 72",2/5,under,-115,betmgm,0.547,0.5,0.047,0.022,"","",false
455,Emeka Egbuka,rec_yds,35.5,Tampa Bay Buccaneers @ Dallas Cowboys,2,TB,WR,DAL,false,20.0,34.8,34.3,1.045,12,"13, 62, 16, 63, 8",2/5,under,-113,fanduel,0.542,0.503,0.039,0.022,"","",false
456,Trey McBride,rec_yds,81.5,Detroit Lions @ Arizona Cardinals,1,ARI,TE,DET,true,24.5,77.4,63.1,1.2,12,"31, 75, 41, 95, 65",1/5,under,-113,draftkings,0.542,0.502,0.04,0.022,"","",false
457,Chris Olave,rec_yds,81.5,Minnesota Vikings @ New Orleans Saints,2,NO,WR,MIN,true,19.5,105.5,110.1,0.991,12,"116, 107, 86, 182, 119",5/5,over,-110,draftkings,0.535,0.498,0.037,0.021,role change (73 last season -> 123 this season),"",false
458,Ryan Flournoy,anytime_td,0.5,Tampa Bay Buccaneers @ Dallas Cowboys,3,DAL,WR,TB,true,28.5,0.3,5.5,0.92,12,"0, 0, 0, 0, 0",0/5,over,330,draftkings,0.237,0.224,0.013,0.021,"","",false
459,Cade Otton,rec_yds,30.5,Tampa Bay Buccaneers @ Dallas Cowboys,2,TB,TE,DAL,false,20.0,39.2,40.2,1.003,12,"37, 56, 38, 26, 94",4/5,over,-108,draftkings,0.53,0.501,0.029,0.021,"","",false
460,RJ Harvey,rec_yds,26.5,Denver Broncos @ Los Angeles Chargers,1,DEN,RB,LAC,false,22.5,38.3,37.8,1.014,12,"68, 41, 23, 5, 33",3/5,over,-116,draftkings,0.548,0.508,0.04,0.021,role change (21 last season -> 44 this season),"",false
461,Ted Hurst III,receptions,1.5,Tampa Bay Buccaneers @ Dallas Cowboys,3,TB,WR,DAL,false,20.0,1.9,1.9,1.021,4,"2, 1, 2, 3",3/4,over,103,draftkings,0.503,0.472,0.031,0.021,"","",false
462,Dawson Knox,anytime_td,0.5,Buffalo Bills @ Los Angeles Rams,3,BUF,TE,LA,false,25.8,0.2,2.4,0.8,12,"0, 0, 1, 0, 1",2/5,over,550,draftkings,0.157,0.148,0.009,0.021,"","",true
463,Isaiah Likely,receptions,4.5,New York Giants @ Washington Commanders,2,NYG,TE,WAS,false,19.0,4.1,4.4,0.96,12,"7, 2, 5, 8, 2",3/5,under,-116,draftkings,0.548,0.526,0.022,0.021,role change (2 last season -> 6 this season),"",false
464,Rashod Bateman,receptions,1.5,Baltimore Ravens @ Atlanta Falcons,3,BAL,WR,ATL,false,20.2,2.4,2.2,1.108,12,"2, 2, 7, 0, 1",3/5,over,-147,draftkings,0.607,0.572,0.035,0.02,role change (1 last season -> 3 this season); target share up (4% -> 18% last 3),"",false
465,Juwan Johnson,rec_yds,42.5,Minnesota Vikings @ New Orleans Saints,1,NO,TE,MIN,true,19.5,56.6,59.8,0.978,12,"59, 53, 66, 54, 61",5/5,over,-114,fanduel,0.543,0.5,0.043,0.02,"","",false
466,Bhayshul Tuten,receptions,1.5,Philadelphia Eagles @ Jacksonville Jaguars,3,JAX,RB,PHI,true,24.5,1.4,1.4,1.034,12,"2, 2, 2, 1, 0",3/5,under,-105,betmgm,0.522,0.497,0.025,0.02,role change (1 last season -> 2 this season),"",false
467,James Cook,rush_yds,75.5,Buffalo Bills @ Los Angeles Rams,1,BUF,RB,LA,false,25.8,97.2,98.1,0.956,12,"75, 154, 135, 57, 15",2/5,over,-114,fanduel,0.544,0.5,0.044,0.02,"","",false
468,Chris Olave,rec_yds,78.5,Minnesota Vikings @ New Orleans Saints,1,NO,WR,MIN,true,19.5,105.5,110.1,0.991,12,"116, 107, 86, 182, 119",5/5,over,-115,betmgm,0.545,0.5,0.045,0.02,role change (73 last season -> 123 this season),"",false
469,Rome Odunze,rec_yds,39.5,Chicago Bears @ Green Bay Packers,1,CHI,WR,GB,false,24.0,54.3,55.2,0.968,12,"94, 44, 43, 52, 8",4/5,over,-114,fanduel,0.543,0.5,0.043,0.02,target share up (12% -> 18% last 3),"",false
470,Jake Ferguson,rec_yds,25.5,Tampa Bay Buccaneers @ Dallas Cowboys,2,DAL,TE,TB,true,28.5,25.2,21.0,1.121,12,"11, 23, 43, 6, 5",1/5,under,-109,draftkings,0.532,0.492,0.04,0.02,role change (35 last season -> 21 this season),"",false
471,Tory Horton,rec_yds,11.5,San Francisco 49ers @ Seattle Seahawks,1,SEA,WR,SF,true,24.2,21.9,23.2,0.927,10,"6, 48, 48, 0, 0",2/5,over,-114,fanduel,0.543,0.5,0.043,0.02,line far from history: new role?; fringe player line; only 2 games this season,"",false
472,Tyler Warren,receptions,5.5,Indianapolis Colts @ Pittsburgh Steelers,3,IND,TE,PIT,false,21.0,4.5,5.3,0.846,12,"5, 9, 6, 3, 5",2/5,under,-149,draftkings,0.611,0.569,0.042,0.02,target share up (17% -> 23% last 3),"",false
473,Davante Adams,rec_yds,62.5,Buffalo Bills @ Los Angeles Rams,2,LA,WR,BUF,true,28.8,94.7,81.1,1.092,12,"32, 137, 195, 26, 71",3/5,over,-114,draftkings,0.543,0.502,0.041,0.019,role change (56 last season -> 98 this season),"",false
474,Jameis Winston,pass_yds,199.5,New York Giants @ Washington Commanders,1,NYG,QB,WAS,false,19.0,190.8,193.1,1.028,5,"250, 118, 111, 366, 201",3/5,under,-113,draftkings,0.54,0.502,0.038,0.019,"","",false
475,Tyler Higbee,anytime_td,0.5,Buffalo Bills @ Los Angeles Rams,3,LA,TE,BUF,true,28.8,0.4,5.5,0.8,12,"0, 1, 0, 1, 0",2/5,over,250,fanduel,0.291,0.27,0.021,0.018,"","",false
476,Ted Hurst III,anytime_td,0.5,Tampa Bay Buccaneers @ Dallas Cowboys,3,TB,WR,DAL,false,20.0,0.2,3.9,1.133,4,"0, 1, 0, 0",1/4,over,550,draftkings,0.157,0.148,0.008,0.018,"","",true
477,George Holani,rec_yds,9.5,San Francisco 49ers @ Seattle Seahawks,1,SEA,RB,SF,true,24.2,11.9,9.7,1.2,12,"2, 48, 2, 0, 0",1/5,under,-114,fanduel,0.542,0.5,0.042,0.018,role change (2 last season -> 13 this season); fringe player line,"",false
478,Evan Engram,rec_yds,16.5,Denver Broncos @ Los Angeles Chargers,1,DEN,TE,LAC,false,22.5,18.6,19.6,0.951,12,"6, 0, 17, 43, 45",3/5,under,-108,draftkings,0.528,0.492,0.037,0.018,role change (29 last season -> 16 this season); target share down (19% -> 8% last 3),"",false
479,Evan Engram,rec_yds,17.5,Denver Broncos @ Los Angeles Chargers,1,DEN,TE,LAC,false,22.5,18.6,19.6,0.951,12,"6, 0, 17, 43, 45",2/5,under,-114,fanduel,0.542,0.5,0.042,0.018,role change (29 last season -> 16 this season); target share down (19% -> 8% last 3),"",false
480,Kendre Miller,rush_yds,18.5,Minnesota Vikings @ New Orleans Saints,1,NO,RB,MIN,true,19.5,18.6,20.6,0.934,10,"9, 14, 30, 7, 21",2/5,under,-114,fanduel,0.542,0.5,0.042,0.017,"","",false
481,Sam LaPorta,anytime_td,0.5,Detroit Lions @ Arizona Cardinals,3,DET,TE,ARI,false,30.0,0.5,7.3,1.2,12,"1, 0, 1, 0, 0",2/5,over,180,draftkings,0.363,0.345,0.018,0.017,"","",false
482,Tyler Shough,pass_yds,236.5,Minnesota Vikings @ New Orleans Saints,2,NO,QB,MIN,true,19.5,269.1,285.2,0.976,12,"286, 255, 252, 410, 259",5/5,over,-113,draftkings,0.54,0.501,0.039,0.017,"","",false
483,Gunnar Helm,receptions,2.5,Houston Texans @ Tennessee Titans,2,TEN,TE,HOU,true,15.0,2.2,2.3,0.998,12,"1, 2, 2, 4, 1",1/5,under,-120,fanduel,0.555,0.526,0.029,0.017,target share down (18% -> 9% last 3),"",false
484,Trey McBride,rec_yds,82.5,Detroit Lions @ Arizona Cardinals,1,ARI,TE,DET,true,24.5,77.4,63.1,1.2,12,"31, 75, 41, 95, 65",1/5,under,-115,betmgm,0.543,0.5,0.043,0.016,"","",false
485,Parker Washington,receptions,4.5,Philadelphia Eagles @ Jacksonville Jaguars,3,JAX,WR,PHI,true,24.5,4.3,4.0,1.056,12,"1, 3, 7, 5, 5",3/5,under,101,draftkings,0.505,0.474,0.032,0.016,"","",false
486,Kyler Murray,pass_yds,212.5,Minnesota Vikings @ New Orleans Saints,1,MIN,QB,NO,false,22.0,200.3,203.6,0.989,7,"247, 168, 220, 200, 159",2/5,under,-114,fanduel,0.541,0.5,0.041,0.016,only 2 games this season,"",false
487,Juwan Johnson,rec_yds,43.5,Minnesota Vikings @ New Orleans Saints,1,NO,TE,MIN,true,19.5,56.6,59.8,0.978,12,"59, 53, 66, 54, 61",5/5,over,-113,draftkings,0.539,0.502,0.037,0.016,"","",false
488,Jameis Winston,pass_yds,203.5,New York Giants @ Washington Commanders,1,NYG,QB,WAS,false,19.0,190.8,193.1,1.028,5,"250, 118, 111, 366, 201",2/5,under,-115,betmgm,0.544,0.5,0.044,0.016,"","",false
489,Blake Corum,anytime_td,0.5,Buffalo Bills @ Los Angeles Rams,3,LA,RB,BUF,true,28.8,0.4,10.1,1.2,12,"0, 0, 0, 0, 0",0/5,over,270,fanduel,0.275,0.261,0.014,0.016,"","",false
490,Kyler Murray,pass_yds,211.5,Minnesota Vikings @ New Orleans Saints,1,MIN,QB,NO,false,22.0,200.3,203.6,0.989,7,"247, 168, 220, 200, 159",2/5,under,-110,betmgm,0.532,0.49,0.042,0.016,only 2 games this season,"",false
491,Jameis Winston,pass_yds,201.5,New York Giants @ Washington Commanders,1,NYG,QB,WAS,false,19.0,190.8,193.1,1.028,5,"250, 118, 111, 366, 201",2/5,under,-114,fanduel,0.541,0.5,0.041,0.016,"","",false
492,Josh Allen,anytime_td,0.5,Buffalo Bills @ Los Angeles Rams,3,BUF,QB,LA,false,25.8,1.0,8.0,1.133,12,"1, 2, 2, 2, 2",5/5,over,-110,draftkings,0.532,0.495,0.036,0.015,"","",false
493,Jalen Hurts,pass_yds,187.5,Philadelphia Eagles @ Jacksonville Jaguars,1,PHI,QB,JAX,false,17.0,178.5,174.3,1.091,12,"93, 153, 264, 203, 110",2/5,under,-113,draftkings,0.539,0.502,0.037,0.015,"","",false
494,Jahan Dotson,receptions,1.5,Baltimore Ravens @ Atlanta Falcons,3,ATL,WR,BAL,true,23.2,1.7,1.5,1.117,12,"2, 1, 2, 1, 3",3/5,under,122,fanduel,0.457,0.441,0.016,0.015,"","",false
495,Rome Odunze,rec_yds,40.5,Chicago Bears @ Green Bay Packers,1,CHI,WR,GB,false,24.0,54.3,55.2,0.968,12,"94, 44, 43, 52, 8",4/5,over,-114,draftkings,0.541,0.504,0.036,0.015,target share up (12% -> 18% last 3),"",false
496,Malik Willis,anytime_td,0.5,Cincinnati Bengals @ Miami Dolphins,3,MIA,QB,CIN,true,18.0,0.3,5.0,1.133,8,"0, 0, 0, 1, 2",2/5,over,350,draftkings,0.225,0.225,-0.0,0.014,"","",false
497,Derrick Henry,rush_yds,83.5,Baltimore Ravens @ Atlanta Falcons,1,BAL,RB,ATL,false,20.2,79.5,100.5,0.811,12,"73, 89, 68, 144, 126",3/5,under,-114,fanduel,0.54,0.5,0.04,0.014,"","",false
498,Darnell Washington,receptions,2.5,Indianapolis Colts @ Pittsburgh Steelers,3,PIT,TE,IND,true,23.5,2.4,2.3,1.017,12,"3, 3, 1, 2, 2",2/5,under,-125,betmgm,0.564,0.559,0.004,0.014,"","",false
499,Evan Engram,rec_yds,18.5,Denver Broncos @ Los Angeles Chargers,1,DEN,TE,LAC,false,22.5,18.6,19.6,0.951,12,"6, 0, 17, 43, 45",2/5,under,-125,betmgm,0.563,0.52,0.043,0.014,role change (29 last season -> 16 this season); target share down (19% -> 8% last 3),"",false
500,Cade Otton,receptions,3.5,Tampa Bay Buccaneers @ Dallas Cowboys,3,TB,TE,DAL,false,20.0,3.9,3.9,1.017,12,"4, 3, 5, 3, 7",3/5,over,102,fanduel,0.502,0.483,0.018,0.013,"","",false
501,Rome Odunze,rec_yds,38.5,Chicago Bears @ Green Bay Packers,1,CHI,WR,GB,false,24.0,54.3,55.2,0.968,12,"94, 44, 43, 52, 8",4/5,over,-125,betmgm,0.563,0.52,0.043,0.013,target share up (12% -> 18% last 3),"",false
502,Brian Thomas Jr,rec_yds,23.5,Philadelphia Eagles @ Jacksonville Jaguars,2,JAX,WR,PHI,true,24.5,33.0,31.3,1.029,12,"17, 8, 40, 40, 49",3/5,over,-116,draftkings,0.544,0.509,0.036,0.013,role change (50 last season -> 26 this season),"",false
503,Puka Nacua,receptions,6.5,Buffalo Bills @ Los Angeles Rams,1,LA,WR,BUF,true,28.8,8.4,7.6,1.064,12,"9, 5, 10, 5, 12",3/5,over,-160,fanduel,0.624,0.575,0.048,0.013,only 2 games this season,"",false
504,Isaiah Likely,rec_yds,41.5,New York Giants @ Washington Commanders,1,NYG,TE,WAS,false,19.0,41.6,40.6,1.064,12,"66, 13, 33, 78, 32",2/5,under,-113,draftkings,0.537,0.502,0.035,0.013,role change (26 last season -> 48 this season),"",false
505,Malachi Fields,anytime_td,0.5,New York Giants @ Washington Commanders,3,NYG,WR,WAS,false,19.0,0.2,3.6,1.2,4,"1, 0, 0, 0",1/4,over,500,draftkings,0.169,0.172,-0.003,0.013,"","",true
506,Bijan Robinson,rush_yds,88.5,Baltimore Ravens @ Atlanta Falcons,1,ATL,RB,BAL,true,23.2,114.0,119.6,0.945,12,"145, 194, 72, 83, 33",2/5,over,-114,fanduel,0.539,0.5,0.039,0.012,"","",false
507,Malik Nabers,rec_yds,54.5,New York Giants @ Washington Commanders,1,NYG,WR,WAS,false,19.0,57.0,57.0,1.04,8,"112, 26, 1, 69, 20",2/5,under,-114,fanduel,0.539,0.5,0.039,0.012,target share down (31% -> 22% last 3),"",false
508,Jerry Jeudy,rec_yds,14.5,Cleveland Browns @ New York Jets,2,CLE,WR,NYJ,false,18.5,24.2,27.1,0.936,12,"36, 0, 26, 17, 54",4/5,over,-114,fanduel,0.539,0.503,0.036,0.012,role change (35 last season -> 21 this season); fringe player line,"",false
509,Josh Cameron,anytime_td,0.5,Philadelphia Eagles @ Jacksonville Jaguars,3,JAX,WR,PHI,true,24.5,0.1,1.5,1.133,4,"0, 1, 0, 1",2/4,over,750,draftkings,0.119,0.118,0.001,0.012,"","",true
510,Quinshon Judkins,receptions,2.5,Cleveland Browns @ New York Jets,3,CLE,RB,NYJ,false,18.5,3.4,3.5,1.011,12,"6, 2, 5, 2, 5",3/5,over,-135,betmgm,0.581,0.548,0.034,0.012,role change (2 last season -> 4 this season); target share up (9% -> 15% last 3),"",false
511,Cade Otton,rec_yds,29.5,Tampa Bay Buccaneers @ Dallas Cowboys,1,TB,TE,DAL,false,20.0,39.2,40.2,1.003,12,"37, 56, 38, 26, 94",4/5,over,-113,fanduel,0.537,0.5,0.037,0.012,"","",false
512,Cam Ward,anytime_td,0.5,Houston Texans @ Tennessee Titans,3,TEN,QB,HOU,true,15.0,0.1,3.0,1.2,12,"0, 0, 2, 0, 1",2/5,over,700,fanduel,0.126,0.121,0.005,0.011,"","",true
513,Daniel Jones,pass_yds,209.5,Indianapolis Colts @ Pittsburgh Steelers,1,IND,QB,PIT,false,21.0,197.9,204.4,0.984,12,"143, 235, 210, 166, 201",2/5,under,-115,betmgm,0.541,0.5,0.041,0.011,"","",false
514,Josh Cameron,rec_yds,12.5,Philadelphia Eagles @ Jacksonville Jaguars,1,JAX,WR,PHI,true,24.5,21.3,20.2,1.029,4,"42, 12, 0, 20",2/4,over,-114,fanduel,0.539,0.5,0.039,0.011,line far from history: new role?; fringe player line,"",false
515,Deshaun Watson,pass_yds,204.5,Cleveland Browns @ New York Jets,1,CLE,QB,NYJ,false,18.5,196.2,216.0,0.951,4,"268, 144, 238, 205",3/4,under,-112,draftkings,0.534,0.5,0.034,0.011,"","",false
516,George Holani,rec_yds,8.5,San Francisco 49ers @ Seattle Seahawks,1,SEA,RB,SF,true,24.2,11.9,9.7,1.2,12,"2, 48, 2, 0, 0",1/5,under,-108,draftkings,0.525,0.492,0.034,0.011,role change (2 last season -> 13 this season); fringe player line,"",false
517,Rome Odunze,receptions,3.5,Chicago Bears @ Green Bay Packers,2,CHI,WR,GB,false,24.0,3.7,3.5,1.047,12,"6, 3, 3, 2, 2",1/5,over,127,draftkings,0.445,0.42,0.024,0.01,target share up (12% -> 18% last 3),"",false
518,Austin Ekeler,anytime_td,0.5,New York Giants @ Washington Commanders,2,WAS,RB,NYG,true,22.5,0.2,8.2,1.065,3,"0, 0, 0",0/3,over,500,draftkings,0.168,0.156,0.013,0.01,only 1 game this season,"",true
519,Michael Mayer,rec_yds,30.5,Las Vegas Raiders @ New England Patriots,1,LV,TE,NE,false,21.0,32.7,41.5,0.8,12,"82, 32, 23, 32, 47",4/5,under,-112,draftkings,0.534,0.5,0.034,0.01,role change (25 last season -> 42 this season); target share down (24% -> 15% last 3),"",false
520,Romeo Doubs,rec_yds,51.5,Las Vegas Raiders @ New England Patriots,1,NE,WR,LV,true,24.5,50.5,49.3,1.001,12,"58, 49, 96, 0, 62",3/5,under,-114,fanduel,0.538,0.5,0.038,0.01,target share up (10% -> 19% last 3),"",false
521,Alvin Kamara,rec_yds,13.5,Minnesota Vikings @ New Orleans Saints,1,NO,RB,MIN,true,19.5,14.7,16.8,0.903,12,"35, 5, 7, 4, 32",2/5,under,-114,fanduel,0.538,0.5,0.038,0.01,fringe player line,"",false
522,Brock Bowers,anytime_td,0.5,Las Vegas Raiders @ New England Patriots,3,LV,TE,NE,false,21.0,0.7,9.1,0.8,12,"1, 1, 1, 0, 1",4/5,over,140,betmgm,0.42,0.394,0.026,0.009,only 2 games this season,"",false
523,Devaughn Vele,rec_yds,36.5,Minnesota Vikings @ New Orleans Saints,1,NO,WR,MIN,true,19.5,49.3,51.4,0.991,12,"54, 39, 64, 69, 69",5/5,over,-125,betmgm,0.561,0.52,0.04,0.009,role change (33 last season -> 56 this season),"",false
524,Bijan Robinson,rush_yds,89.5,Baltimore Ravens @ Atlanta Falcons,2,ATL,RB,BAL,true,23.2,114.0,119.6,0.945,12,"145, 194, 72, 83, 33",2/5,over,-114,draftkings,0.538,0.502,0.035,0.009,"","",false
525,Parker Washington,rec_yds,62.5,Philadelphia Eagles @ Jacksonville Jaguars,1,JAX,WR,PHI,true,24.5,63.4,60.2,1.029,12,"7, 40, 98, 83, 87",3/5,under,-112,draftkings,0.533,0.5,0.033,0.009,"","",false
526,Colston Loveland,receptions,3.5,Chicago Bears @ Green Bay Packers,3,CHI,TE,GB,false,24.0,3.6,3.9,0.922,12,"6, 4, 1, 0, 10",3/5,under,122,draftkings,0.455,0.428,0.027,0.009,target share up (8% -> 17% last 3),"",false
527,Elijah Arroyo,anytime_td,0.5,San Francisco 49ers @ Seattle Seahawks,3,SEA,TE,SF,true,24.2,0.1,1.6,0.8,12,"0, 0, 0, 0, 0",0/5,over,1050,betmgm,0.088,0.09,-0.002,0.009,only 1 game this season,"",true
528,Tyler Shough,pass_yds,237.5,Minnesota Vikings @ New Orleans Saints,1,NO,QB,MIN,true,19.5,269.1,285.2,0.976,12,"286, 255, 252, 410, 259",5/5,over,-114,fanduel,0.537,0.5,0.037,0.009,"","",false
529,Malik Willis,pass_yds,188.5,Cincinnati Bengals @ Miami Dolphins,1,MIA,QB,CIN,true,18.0,178.1,176.1,1.064,6,"85, 210, 197, 220, 288",4/5,under,-115,betmgm,0.54,0.5,0.04,0.009,role change (106 last season -> 178 this season),"",false
530,Trey McBride,rec_yds,80.5,Detroit Lions @ Arizona Cardinals,1,ARI,TE,DET,true,24.5,77.4,63.1,1.2,12,"31, 75, 41, 95, 65",1/5,under,-114,fanduel,0.538,0.5,0.038,0.009,"","",false
531,Cam Ward,pass_yds,192.5,Houston Texans @ Tennessee Titans,2,TEN,QB,HOU,true,15.0,186.3,189.2,1.074,12,"222, 181, 183, 140, 251",2/5,under,-111,draftkings,0.53,0.499,0.031,0.007,"","",false
532,MarShawn Lloyd,rec_yds,12.5,Chicago Bears @ Green Bay Packers,1,GB,RB,CHI,true,21.5,14.5,14.5,1.007,4,"36, 7, 6, 0",1/4,under,-114,fanduel,0.536,0.5,0.036,0.007,fringe player line; target share up (2% -> 10% last 3),"",false
533,Jalen Hurts,rush_yds,24.5,Philadelphia Eagles @ Jacksonville Jaguars,1,PHI,QB,JAX,false,17.0,23.9,25.0,1.02,12,"18, 25, 16, 46, 5",2/5,under,-110,betmgm,0.527,0.49,0.038,0.007,"","",false
534,Kyle Pitts,rec_yds,25.5,Baltimore Ravens @ Atlanta Falcons,1,ATL,TE,BAL,true,23.2,30.0,34.0,0.877,12,"47, 5, 15, 0, 58",2/5,under,-115,betmgm,0.539,0.5,0.039,0.007,role change (55 last season -> 17 this season); target share up (5% -> 11% last 3),"",false
535,Jonathan Taylor,rush_yds,85.5,Indianapolis Colts @ Pittsburgh Steelers,1,IND,RB,PIT,false,21.0,83.5,82.6,1.028,12,"95, 68, 92, 98, 26",3/5,under,-112,draftkings,0.532,0.5,0.032,0.007,"","",false
536,Davante Adams,rec_yds,63.5,Buffalo Bills @ Los Angeles Rams,1,LA,WR,BUF,true,28.8,94.7,81.1,1.092,12,"32, 137, 195, 26, 71",3/5,over,-115,betmgm,0.538,0.5,0.038,0.007,role change (56 last season -> 98 this season),"",false
537,Foster Moreau,anytime_td,0.5,Houston Texans @ Tennessee Titans,3,HOU,TE,TEN,false,22.5,0.1,2.0,0.994,11,"0, 1, 0, 0, 0",1/5,over,850,betmgm,0.106,0.105,0.001,0.006,"","",true
538,Tyler Allgeier,anytime_td,0.5,Detroit Lions @ Arizona Cardinals,3,ARI,RB,DET,true,24.5,0.4,10.0,1.065,12,"1, 0, 0, 0, 0",1/5,over,220,fanduel,0.314,0.302,0.013,0.006,"","",false
539,George Kittle,rec_yds,54.5,San Francisco 49ers @ Seattle Seahawks,2,SF,TE,SEA,false,21.2,53.8,66.4,0.822,12,"70, 82, 80, 12, 29",3/5,under,-114,fanduel,0.536,0.505,0.031,0.006,target share up (15% -> 22% last 3),"",false
540,Kyle Pitts,rec_yds,24.5,Baltimore Ravens @ Atlanta Falcons,2,ATL,TE,BAL,true,23.2,30.0,34.0,0.877,12,"47, 5, 15, 0, 58",2/5,under,-114,draftkings,0.536,0.502,0.034,0.006,role change (55 last season -> 17 this season); target share up (5% -> 11% last 3),"",false
541,Bo Nix,pass_yds,223.5,Denver Broncos @ Los Angeles Chargers,1,DEN,QB,LAC,false,22.5,213.5,216.8,0.985,12,"214, 186, 288, 131, 141",1/5,under,-114,fanduel,0.536,0.5,0.036,0.005,"","",false
542,Tre Tucker,receptions,3.5,Las Vegas Raiders @ New England Patriots,3,LV,WR,NE,false,21.0,3.7,3.5,1.056,12,"4, 4, 5, 2, 2",3/5,over,111,draftkings,0.476,0.465,0.012,0.005,"","",false
543,RJ Harvey,rec_yds,27.5,Denver Broncos @ Los Angeles Chargers,2,DEN,RB,LAC,false,22.5,38.3,37.8,1.014,12,"68, 41, 23, 5, 33",3/5,over,-114,fanduel,0.535,0.5,0.035,0.005,role change (21 last season -> 44 this season),"",false
544,Derius Davis,anytime_td,0.5,Denver Broncos @ Los Angeles Chargers,3,LAC,WR,DEN,true,19.0,0.0,0.6,0.92,12,"0, 0, 0, 0, 0",0/5,over,2000,betmgm,0.048,0.057,-0.01,0.004,"","",true
545,Jonathan Taylor,rush_yds,86.5,Indianapolis Colts @ Pittsburgh Steelers,1,IND,RB,PIT,false,21.0,83.5,82.6,1.028,12,"95, 68, 92, 98, 26",3/5,under,-114,fanduel,0.535,0.5,0.035,0.004,"","",false
546,Jakobi Meyers,receptions,3.5,Philadelphia Eagles @ Jacksonville Jaguars,3,JAX,WR,PHI,true,24.5,4.2,3.9,1.056,12,"3, 7, 1, 2, 5",2/5,over,-119,draftkings,0.545,0.521,0.024,0.003,target share up (10% -> 17% last 3),"",false
547,Davante Adams,anytime_td,0.5,Buffalo Bills @ Los Angeles Rams,3,LA,WR,BUF,true,28.8,0.9,8.9,1.2,12,"0, 0, 2, 0, 0",1/5,over,-105,draftkings,0.514,0.474,0.04,0.003,"","",false
548,Bo Nix,pass_yds,220.5,Denver Broncos @ Los Angeles Chargers,1,DEN,QB,LAC,false,22.5,213.5,216.8,0.985,12,"214, 186, 288, 131, 141",1/5,under,-113,draftkings,0.532,0.502,0.03,0.003,"","",false
549,Tahj Brooks,anytime_td,0.5,Cincinnati Bengals @ Miami Dolphins,3,CIN,RB,MIA,false,24.5,0.0,1.2,1.2,12,"0, 0, 0, 0, 0",0/5,over,2500,draftkings,0.039,0.041,-0.002,0.003,only 2 games this season,"",true
550,Jayden Daniels,anytime_td,0.5,New York Giants @ Washington Commanders,3,WAS,QB,NYG,true,22.5,0.3,7.0,0.8,9,"0, 0, 0, 1, 1",2/5,over,290,draftkings,0.257,0.264,-0.007,0.003,only 2 games this season,"",false
551,Devaughn Vele,rec_yds,38.5,Minnesota Vikings @ New Orleans Saints,1,NO,WR,MIN,true,19.5,49.3,51.4,0.991,12,"54, 39, 64, 69, 69",5/5,over,-114,fanduel,0.534,0.5,0.034,0.002,role change (33 last season -> 56 this season),"",false
552,Kalif Raymond,rec_yds,28.5,Chicago Bears @ Green Bay Packers,2,CHI,WR,GB,false,24.0,44.0,44.7,0.968,12,"6, 90, 40, 84, 52",4/5,over,-114,fanduel,0.534,0.504,0.03,0.002,role change (19 last season -> 55 this season); target share down (35% -> 15% last 3),"",false
553,Jaxon Smith-Njigba,receptions,6.5,San Francisco 49ers @ Seattle Seahawks,2,SEA,WR,SF,true,24.2,7.4,7.6,0.968,12,"5, 10, 9, 8, 6",3/5,over,-121,draftkings,0.549,0.522,0.026,0.002,target share down (46% -> 34% last 3),"",false
554,Jalen Hurts,pass_yds,185.5,Philadelphia Eagles @ Jacksonville Jaguars,1,PHI,QB,JAX,false,17.0,178.5,174.3,1.091,12,"93, 153, 264, 203, 110",2/5,under,-114,fanduel,0.534,0.5,0.034,0.002,"","",false
555,Sam LaPorta,receptions,4.5,Detroit Lions @ Arizona Cardinals,3,DET,TE,ARI,false,30.0,5.8,5.3,1.054,12,"8, 3, 6, 5, 5",4/5,over,-152,draftkings,0.605,0.568,0.037,0.002,"","",false
556,Jacoby Brissett,pass_yds,269.5,Detroit Lions @ Arizona Cardinals,1,ARI,QB,DET,true,24.5,261.2,220.6,1.158,12,"166, 280, 95, 277, 243",2/5,under,-113,draftkings,0.532,0.502,0.03,0.002,"","",false
557,Hunter Henry,receptions,3.5,Las Vegas Raiders @ New England Patriots,3,NE,TE,LV,true,24.5,3.6,3.4,1.054,12,"5, 1, 3, 3, 5",2/5,under,106,fanduel,0.486,0.476,0.01,0.002,target share up (10% -> 15% last 3),"",false
558,Brock Wright,anytime_td,0.5,Detroit Lions @ Arizona Cardinals,3,DET,TE,ARI,false,30.0,0.1,1.9,1.2,12,"0, 0, 0, 0, 0",0/5,over,700,betmgm,0.125,0.121,0.004,0.002,"","",true
559,Kyle Williams,anytime_td,0.5,Las Vegas Raiders @ New England Patriots,3,NE,WR,LV,true,24.5,0.1,1.9,0.813,12,"0, 0, 0, 0, 0",0/5,over,650,draftkings,0.133,0.135,-0.001,0.001,"","",true
560,Christian Watson,receptions,4.5,Chicago Bears @ Green Bay Packers,3,GB,WR,CHI,true,21.5,4.0,4.5,0.898,12,"3, 7, 4, 6, 5",3/5,under,-135,betmgm,0.575,0.552,0.023,0.001,"","",false
561,Jalen Hurts,pass_yds,186.5,Philadelphia Eagles @ Jacksonville Jaguars,1,PHI,QB,JAX,false,17.0,178.5,174.3,1.091,12,"93, 153, 264, 203, 110",2/5,under,-115,betmgm,0.536,0.5,0.036,0.001,"","",false
562,Malik Nabers,receptions,5.5,New York Giants @ Washington Commanders,2,NYG,WR,WAS,false,19.0,4.9,4.5,1.108,8,"6, 5, 1, 6, 2",2/5,under,-142,draftkings,0.587,0.565,0.022,0.001,target share down (31% -> 22% last 3),"",false
563,Kenny Gainwell,rec_yds,10.5,Tampa Bay Buccaneers @ Dallas Cowboys,1,TB,RB,DAL,false,20.0,19.9,23.1,0.887,12,"22, 14, 5, 3, 64",3/5,over,-112,draftkings,0.529,0.5,0.029,0.001,role change (29 last season -> 11 this season); line far from history: new role?; fringe player line; target share up (4% -> 11% last 3),"",false
564,Jaylen Warren,rush_yds,63.5,Indianapolis Colts @ Pittsburgh Steelers,1,PIT,RB,IND,true,23.5,78.9,76.1,1.026,12,"93, 127, 43, 46, 66",3/5,over,-114,draftkings,0.532,0.504,0.028,-0.0,"","",false
565,Deshaun Watson,pass_yds,203.5,Cleveland Browns @ New York Jets,2,CLE,QB,NYJ,false,18.5,196.2,216.0,0.951,4,"268, 144, 238, 205",3/4,under,-114,fanduel,0.532,0.5,0.032,-0.001,"","",false
566,Eric Saubert,anytime_td,0.5,San Francisco 49ers @ Seattle Seahawks,3,SEA,TE,SF,true,24.2,0.1,0.9,0.8,12,"0, 1, 0, 0, 0",1/5,over,1600,draftkings,0.059,0.058,0.0,-0.001,"","",true
567,Tez Johnson,receptions,1.5,Tampa Bay Buccaneers @ Dallas Cowboys,3,TB,WR,DAL,false,20.0,1.2,1.2,1.021,12,"2, 1, 1, 0, 1",1/5,under,-155,betmgm,0.607,0.587,0.02,-0.001,role change (2 last season -> 1 this season),"",false
568,Bucky Irving,receptions,2.5,Tampa Bay Buccaneers @ Dallas Cowboys,3,TB,RB,DAL,false,20.0,2.3,2.6,0.874,12,"0, 2, 4, 7, 1",2/5,under,-140,betmgm,0.583,0.572,0.011,-0.001,target share down (26% -> 8% last 3),"",false
569,Mark Andrews,rec_yds,30.5,Baltimore Ravens @ Atlanta Falcons,1,BAL,TE,ATL,false,20.2,30.4,30.9,1.011,12,"27, 24, 49, 49, 14",2/5,under,-113,draftkings,0.53,0.502,0.028,-0.001,"","",false
570,Mark Andrews,receptions,3.5,Baltimore Ravens @ Atlanta Falcons,3,BAL,TE,ATL,false,20.2,4.0,3.8,1.054,12,"5, 3, 6, 4, 2",3/5,over,-115,betmgm,0.534,0.522,0.012,-0.002,"","",false
571,Hunter Henry,rec_yds,37.5,Las Vegas Raiders @ New England Patriots,2,NE,TE,LV,true,24.5,38.7,39.8,0.951,12,"62, 5, 40, 26, 56",3/5,under,-114,draftkings,0.531,0.502,0.029,-0.002,target share up (10% -> 15% last 3),"",false
572,Brian Robinson Jr.,anytime_td,0.5,Baltimore Ravens @ Atlanta Falcons,3,ATL,RB,BAL,true,23.2,0.4,10.2,1.065,12,"3, 1, 0, 0, 0",2/5,over,240,fanduel,0.293,0.278,0.016,-0.002,"","",false
573,Cam Skattebo,anytime_td,0.5,New York Giants @ Washington Commanders,3,NYG,RB,WAS,false,19.0,0.6,18.6,0.833,12,"0, 0, 0, 1, 1",2/5,over,130,draftkings,0.434,0.426,0.008,-0.002,"","",false
574,Bo Nix,pass_yds,222.5,Denver Broncos @ Los Angeles Chargers,1,DEN,QB,LAC,false,22.5,213.5,216.8,0.985,12,"214, 186, 288, 131, 141",1/5,under,-115,betmgm,0.534,0.5,0.034,-0.002,"","",false
575,Isaiah Likely,rec_yds,40.5,New York Giants @ Washington Commanders,1,NYG,TE,WAS,false,19.0,41.6,40.6,1.064,12,"66, 13, 33, 78, 32",2/5,under,-114,fanduel,0.531,0.5,0.031,-0.002,role change (26 last season -> 48 this season),"",false
576,Jonathan Taylor,receptions,2.5,Indianapolis Colts @ Pittsburgh Steelers,3,IND,RB,PIT,false,21.0,2.5,2.4,1.08,12,"1, 2, 4, 3, 2",2/5,under,-109,draftkings,0.521,0.512,0.008,-0.002,"","",false
577,Germie Bernard,rec_yds,19.5,Indianapolis Colts @ Pittsburgh Steelers,1,PIT,WR,IND,true,23.5,20.2,18.7,1.067,3,"11, 14, 35",1/3,under,-112,draftkings,0.527,0.5,0.027,-0.003,"","",false
578,Jahmyr Gibbs,rec_yds,40.5,Detroit Lions @ Arizona Cardinals,1,DET,RB,ARI,false,30.0,39.6,45.7,0.8,12,"31, 65, 61, 30, 33",2/5,under,-118,betmgm,0.54,0.507,0.032,-0.003,target share up (13% -> 20% last 3),"",false
579,AJ Barner,rec_yds,22.5,San Francisco 49ers @ Seattle Seahawks,2,SEA,TE,SF,true,24.2,26.4,28.7,0.902,12,"12, 69, 8, 13, 14",1/5,under,-109,draftkings,0.52,0.496,0.023,-0.003,"","",false
580,Zay Flowers,receptions,5.5,Baltimore Ravens @ Atlanta Falcons,3,BAL,WR,ATL,false,20.2,6.0,5.5,1.108,12,"8, 5, 5, 4, 4",1/5,over,-101,draftkings,0.501,0.479,0.022,-0.003,"","",false
581,Kirk Cousins,pass_yds,232.5,Las Vegas Raiders @ New England Patriots,1,LV,QB,NE,false,21.0,228.6,244.5,0.951,12,"365, 248, 253, 160, 180",3/5,under,-113,draftkings,0.529,0.502,0.027,-0.003,"","",false
582,Rashod Bateman,anytime_td,0.5,Baltimore Ravens @ Atlanta Falcons,3,BAL,WR,ATL,false,20.2,0.2,3.2,0.92,12,"0, 0, 1, 0, 0",1/5,over,525,betmgm,0.159,0.165,-0.005,-0.003,"","",true
583,Justin Herbert,rush_yds,24.5,Denver Broncos @ Los Angeles Chargers,1,LAC,QB,DEN,true,19.0,25.4,25.8,1.026,12,"40, 17, 2, 29, 37",3/5,under,-114,fanduel,0.531,0.5,0.031,-0.003,"","",false
584,Ben Skowronek,anytime_td,0.5,Indianapolis Colts @ Pittsburgh Steelers,3,PIT,WR,IND,true,23.5,0.1,0.9,1.027,12,"0, 1, 0, 0, 0",1/5,over,1450,betmgm,0.064,0.063,0.002,-0.004,"","",true
585,Brock Purdy,pass_yds,227.5,San Francisco 49ers @ Seattle Seahawks,1,SF,QB,SEA,false,21.2,212.1,245.8,0.875,12,"218, 297, 287, 205, 127",2/5,under,-130,betmgm,0.563,0.525,0.038,-0.004,"","",false
586,Quinshon Judkins,rec_yds,15.5,Cleveland Browns @ New York Jets,3,CLE,RB,NYJ,false,18.5,22.6,22.6,1.05,12,"43, 9, 27, 17, 29",4/5,over,-111,betmgm,0.524,0.498,0.025,-0.004,role change (12 last season -> 24 this season); target share up (9% -> 15% last 3),"",false
587,Roman Wilson,rec_yds,40.5,Indianapolis Colts @ Pittsburgh Steelers,1,PIT,WR,IND,true,23.5,42.6,39.5,1.067,12,"74, 60, 28, 26, 0",2/5,under,-110,draftkings,0.522,0.496,0.026,-0.004,role change (18 last season -> 47 this season),"",false
588,Blake Corum,rush_yds,31.5,Buffalo Bills @ Los Angeles Rams,1,LA,RB,BUF,true,28.8,45.5,42.7,0.997,12,"14, 15, 79, 54, 59",3/5,over,-114,fanduel,0.531,0.5,0.031,-0.004,"","",false
589,Kaelon Black,rush_yds,14.5,San Francisco 49ers @ Seattle Seahawks,1,SF,RB,SEA,false,21.2,24.6,26.8,0.932,4,"13, 17, 25, 65",3/4,over,-120,betmgm,0.543,0.51,0.033,-0.004,line far from history: new role?; fringe player line,"",false
590,Kaelon Black,rush_yds,15.5,San Francisco 49ers @ Seattle Seahawks,1,SF,RB,SEA,false,21.2,24.6,26.8,0.932,4,"13, 17, 25, 65",3/4,over,-112,draftkings,0.526,0.5,0.026,-0.004,"","",false
591,Jordan Whittington,rec_yds,6.5,Buffalo Bills @ Los Angeles Rams,1,LA,WR,BUF,true,28.8,7.1,6.1,1.092,12,"4, 8, 0, 0, 19",2/5,under,-115,betmgm,0.533,0.5,0.033,-0.004,role change (11 last season -> 6 this season); fringe player line; only 2 games this season,"",false
592,Colson Yankoff,anytime_td,0.5,New York Giants @ Washington Commanders,2,WAS,TE,NYG,true,22.5,0.0,0.9,0.994,12,"0, 0, 0, 0, 0",0/5,over,2500,draftkings,0.038,0.036,0.003,-0.004,"","",true
593,Brenton Strange,receptions,3.5,Philadelphia Eagles @ Jacksonville Jaguars,3,JAX,TE,PHI,true,24.5,3.5,3.8,0.903,12,"7, 3, 2, 2, 6",2/5,under,-118,betmgm,0.539,0.537,0.002,-0.004,target share up (14% -> 20% last 3),"",false
594,Ashton Jeanty,receptions,3.5,Las Vegas Raiders @ New England Patriots,3,LV,RB,NE,false,21.0,4.2,4.3,0.989,12,"6, 3, 4, 6, 3",3/5,over,-125,betmgm,0.553,0.529,0.024,-0.005,"","",false
595,Mike Evans,receptions,4.5,San Francisco 49ers @ Seattle Seahawks,1,SF,WR,SEA,false,21.2,3.6,4.0,0.915,12,"5, 3, 3, 6, 2",2/5,under,-165,betmgm,0.619,0.583,0.036,-0.005,"","",false
596,Michael Mayer,rec_yds,33.5,Las Vegas Raiders @ New England Patriots,1,LV,TE,NE,false,21.0,32.7,41.5,0.8,12,"82, 32, 23, 32, 47",2/5,under,-135,betmgm,0.572,0.535,0.037,-0.005,role change (25 last season -> 42 this season); target share down (24% -> 15% last 3),"",false
597,Roman Wilson,rec_yds,41.5,Indianapolis Colts @ Pittsburgh Steelers,1,PIT,WR,IND,true,23.5,42.6,39.5,1.067,12,"74, 60, 28, 26, 0",2/5,under,-114,fanduel,0.53,0.5,0.03,-0.006,role change (18 last season -> 47 this season),"",false
598,Blake Corum,rush_yds,32.5,Buffalo Bills @ Los Angeles Rams,1,LA,RB,BUF,true,28.8,45.5,42.7,0.997,12,"14, 15, 79, 54, 59",3/5,over,-112,draftkings,0.525,0.5,0.025,-0.006,"","",false
599,Jonathan Taylor,rec_yds,16.5,Indianapolis Colts @ Pittsburgh Steelers,1,IND,RB,PIT,false,21.0,18.1,16.3,1.134,12,"2, 4, 40, 23, 13",2/5,under,-115,draftkings,0.532,0.505,0.027,-0.006,"","",false
600,AJ Barner,anytime_td,0.5,San Francisco 49ers @ Seattle Seahawks,3,SEA,TE,SF,true,24.2,0.3,4.5,0.8,12,"0, 0, 1, 0, 0",1/5,over,310,draftkings,0.242,0.23,0.013,-0.006,"","",false
601,Brian Thomas Jr,rec_yds,24.5,Philadelphia Eagles @ Jacksonville Jaguars,1,JAX,WR,PHI,true,24.5,33.0,31.3,1.029,12,"17, 8, 40, 40, 49",3/5,over,-114,fanduel,0.53,0.5,0.03,-0.006,role change (50 last season -> 26 this season),"",false
602,George Kittle,rec_yds,52.5,San Francisco 49ers @ Seattle Seahawks,1,SF,TE,SEA,false,21.2,53.8,66.4,0.822,12,"70, 82, 80, 12, 29",3/5,under,-110,draftkings,0.521,0.496,0.025,-0.006,target share up (15% -> 22% last 3),"",false
603,Kirk Cousins,pass_yds,233.5,Las Vegas Raiders @ New England Patriots,1,LV,QB,NE,false,21.0,228.6,244.5,0.951,12,"365, 248, 253, 160, 180",3/5,under,-114,fanduel,0.529,0.5,0.029,-0.007,"","",false
604,Juwan Johnson,receptions,4.5,Minnesota Vikings @ New Orleans Saints,3,NO,TE,MIN,true,19.5,4.1,5.2,0.808,12,"6, 8, 4, 3, 3",2/5,under,-127,draftkings,0.556,0.536,0.02,-0.007,"","",false
605,Darnell Washington,rec_yds,21.5,Indianapolis Colts @ Pittsburgh Steelers,1,PIT,TE,IND,true,23.5,30.5,30.2,0.999,12,"27, 67, 7, 18, 15",2/5,over,-116,draftkings,0.533,0.508,0.025,-0.007,"","",false
606,Bijan Robinson,receptions,3.5,Baltimore Ravens @ Atlanta Falcons,3,ATL,RB,BAL,true,23.2,3.6,3.6,0.989,12,"1, 2, 3, 8, 3",1/5,under,102,fanduel,0.492,0.477,0.014,-0.007,target share down (53% -> 11% last 3),"",false
607,Tyler Allgeier,rush_yds,25.5,Detroit Lions @ Arizona Cardinals,3,ARI,RB,DET,true,24.5,29.4,28.2,1.019,12,"42, -1, 10, 61, 16",2/5,under,-110,draftkings,0.52,0.501,0.019,-0.007,"","",false
608,Juwan Johnson,anytime_td,0.5,Minnesota Vikings @ New Orleans Saints,3,NO,TE,MIN,true,19.5,0.3,6.5,0.8,12,"0, 2, 0, 1, 0",2/5,over,300,fanduel,0.248,0.242,0.006,-0.008,"","",false
609,Jahmyr Gibbs,receptions,4.5,Detroit Lions @ Arizona Cardinals,3,DET,RB,ARI,false,30.0,4.5,5.4,0.8,12,"4, 7, 6, 5, 3",3/5,under,102,fanduel,0.491,0.474,0.017,-0.008,target share up (13% -> 20% last 3),"",false
610,Kyle Pitts,receptions,2.5,Baltimore Ravens @ Atlanta Falcons,3,ATL,TE,BAL,true,23.2,2.5,2.8,0.884,12,"3, 1, 1, 0, 6",2/5,under,-120,betmgm,0.541,0.537,0.005,-0.008,role change (5 last season -> 1 this season); target share up (5% -> 11% last 3),"",false
611,Romeo Doubs,rec_yds,49.5,Las Vegas Raiders @ New England Patriots,1,NE,WR,LV,true,24.5,50.5,49.3,1.001,12,"58, 49, 96, 0, 62",3/5,under,-115,betmgm,0.53,0.5,0.03,-0.008,target share up (10% -> 19% last 3),"",false
612,Quentin Johnston,anytime_td,0.5,Denver Broncos @ Los Angeles Chargers,3,LAC,WR,DEN,true,19.0,0.3,5.2,0.92,12,"0, 0, 0, 0, 0",0/5,over,290,betmgm,0.254,0.247,0.007,-0.009,"","",false
613,Roman Wilson,rec_yds,39.5,Indianapolis Colts @ Pittsburgh Steelers,1,PIT,WR,IND,true,23.5,42.6,39.5,1.067,12,"74, 60, 28, 26, 0",2/5,under,100,betmgm,0.496,0.465,0.03,-0.009,role change (18 last season -> 47 this season),"",false
614,Kirk Cousins,pass_yds,234.5,Las Vegas Raiders @ New England Patriots,1,LV,QB,NE,false,21.0,228.6,244.5,0.951,12,"365, 248, 253, 160, 180",3/5,under,-115,betmgm,0.53,0.5,0.03,-0.009,"","",false
615,Cody White,anytime_td,0.5,Las Vegas Raiders @ New England Patriots,3,LV,WR,NE,false,21.0,0.2,2.0,1.133,12,"0, 1, 2, 0, 0",2/5,over,480,fanduel,0.171,0.169,0.002,-0.009,"","",true
616,Omarion Hampton,anytime_td,0.5,Denver Broncos @ Los Angeles Chargers,3,LAC,RB,DEN,true,19.0,0.5,16.5,1.065,12,"1, 0, 1, 1, 1",4/5,over,170,draftkings,0.366,0.345,0.021,-0.01,"","",false
617,Derrick Henry,anytime_td,0.5,Baltimore Ravens @ Atlanta Falcons,3,BAL,RB,ATL,false,20.2,1.1,23.4,0.949,12,"1, 2, 1, 3, 0",4/5,over,-150,draftkings,0.594,0.556,0.038,-0.01,"","",false
618,Kayshon Boutte,receptions,2.5,Houston Texans @ Tennessee Titans,2,HOU,WR,TEN,false,22.5,2.3,2.2,1.038,12,"3, 2, 3, 1, 2",2/5,under,-141,draftkings,0.579,0.568,0.012,-0.01,target share up (5% -> 11% last 3),"",false
619,Tyjae Spears,receptions,2.5,Houston Texans @ Tennessee Titans,1,TEN,RB,HOU,true,15.0,1.9,2.1,0.943,12,"1, 0, 2, 2, 7",1/5,under,-189,draftkings,0.647,0.618,0.029,-0.011,role change (3 last season -> 1 this season); target share down (14% -> 5% last 3),"",false
620,Deebo Samuel,rush_yds,8.5,San Francisco 49ers @ Seattle Seahawks,2,SF,WR,SEA,false,21.2,12.2,15.5,0.8,12,"44, 14, 4, 12, 1",3/5,under,-110,draftkings,0.518,0.498,0.02,-0.011,role change (5 last season -> 18 this season); fringe player line,"",false
621,Jonathan Taylor,anytime_td,0.5,Indianapolis Colts @ Pittsburgh Steelers,3,IND,RB,PIT,false,21.0,1.2,24.5,1.065,12,"2, 0, 2, 2, 0",3/5,over,-175,fanduel,0.629,0.599,0.03,-0.011,"","",false
622,Parker Washington,rec_yds,60.5,Philadelphia Eagles @ Jacksonville Jaguars,1,JAX,WR,PHI,true,24.5,63.4,60.2,1.029,12,"7, 40, 98, 83, 87",3/5,under,-114,fanduel,0.527,0.5,0.027,-0.011,"","",false
623,Harold Fannin Jr.,rec_yds,35.5,Cleveland Browns @ New York Jets,2,CLE,TE,NYJ,false,18.5,37.0,41.1,0.942,12,"27, 51, 54, 21, 30",2/5,under,-111,draftkings,0.52,0.499,0.021,-0.012,target share up (14% -> 22% last 3),"",false
624,George Kittle,receptions,4.5,San Francisco 49ers @ Seattle Seahawks,3,SF,TE,SEA,false,21.2,4.6,4.8,0.96,12,"4, 6, 4, 2, 5",2/5,under,-105,betmgm,0.506,0.499,0.007,-0.012,target share up (15% -> 22% last 3),"",false
625,Jacoby Brissett,pass_yds,272.5,Detroit Lions @ Arizona Cardinals,1,ARI,QB,DET,true,24.5,261.2,220.6,1.158,12,"166, 280, 95, 277, 243",2/5,under,-125,betmgm,0.549,0.52,0.028,-0.012,"","",false
626,C.J. Stroud,rush_yds,9.5,Houston Texans @ Tennessee Titans,2,HOU,QB,TEN,false,22.5,13.1,12.6,1.038,12,"12, 10, 29, 15, 5",4/5,over,-114,fanduel,0.526,0.505,0.022,-0.012,fringe player line,"",false
627,Keaton Mitchell,rush_yds,32.5,Denver Broncos @ Los Angeles Chargers,1,LAC,RB,DEN,true,19.0,33.5,31.9,1.095,12,"39, 52, 24, 9, 2",2/5,under,-114,fanduel,0.526,0.5,0.026,-0.012,"","",false
628,Germie Bernard,receptions,2.5,Indianapolis Colts @ Pittsburgh Steelers,3,PIT,WR,IND,true,23.5,2.2,2.2,0.985,3,"2, 1, 4",1/3,under,-160,betmgm,0.608,0.603,0.005,-0.012,"","",false
629,Cam Ward,pass_yds,190.5,Houston Texans @ Tennessee Titans,1,TEN,QB,HOU,true,15.0,186.3,189.2,1.074,12,"222, 181, 183, 140, 251",2/5,under,-114,fanduel,0.526,0.5,0.026,-0.013,"","",false
630,Jacoby Brissett,pass_yds,266.5,Detroit Lions @ Arizona Cardinals,1,ARI,QB,DET,true,24.5,261.2,220.6,1.158,12,"166, 280, 95, 277, 243",2/5,under,-114,fanduel,0.526,0.5,0.026,-0.013,"","",false
631,Brian Thomas Jr,receptions,1.5,Philadelphia Eagles @ Jacksonville Jaguars,1,JAX,WR,PHI,true,24.5,2.6,2.4,1.056,12,"2, 1, 3, 3, 3",4/5,over,-200,betmgm,0.658,0.625,0.033,-0.013,line far from history: new role?,"",false
632,Khalil Shakir,receptions,4.5,Buffalo Bills @ Los Angeles Rams,1,BUF,WR,LA,false,25.8,3.8,4.0,0.915,12,"7, 1, 3, 4, 6",2/5,under,-154,fanduel,0.598,0.567,0.031,-0.013,"","",false
633,Dawson Knox,receptions,1.5,Buffalo Bills @ Los Angeles Rams,1,BUF,TE,LA,false,25.8,1.7,2.0,0.827,12,"2, 1, 2, 1, 2",3/5,over,118,fanduel,0.453,0.428,0.025,-0.013,"","",false
634,Jaylen Warren,rush_yds,64.5,Indianapolis Colts @ Pittsburgh Steelers,1,PIT,RB,IND,true,23.5,78.9,76.1,1.026,12,"93, 127, 43, 46, 66",3/5,over,-114,fanduel,0.526,0.5,0.026,-0.013,"","",false
635,Malachi Fields,rec_yds,27.5,New York Giants @ Washington Commanders,2,NYG,WR,WAS,false,19.0,33.0,33.0,1.04,4,"52, 19, 30, 25",2/4,over,-110,draftkings,0.516,0.498,0.018,-0.014,"","",false
636,Luke Schoonmaker,anytime_td,0.5,Tampa Bay Buccaneers @ Dallas Cowboys,3,DAL,TE,TB,true,28.5,0.1,1.3,1.191,12,"0, 0, 0, 0, 0",0/5,over,1150,betmgm,0.079,0.088,-0.009,-0.015,only 2 games this season,"",true
637,KC Concepcion,receptions,4.5,Cleveland Browns @ New York Jets,3,CLE,WR,NYJ,false,18.5,4.1,4.2,1.003,4,"5, 2, 6, 4",2/4,under,-135,betmgm,0.566,0.55,0.016,-0.015,"","",false
638,Rome Odunze,receptions,2.5,Chicago Bears @ Green Bay Packers,1,CHI,WR,GB,false,24.0,3.7,3.5,1.047,12,"6, 3, 3, 2, 2",3/5,over,-182,fanduel,0.636,0.604,0.032,-0.015,target share up (12% -> 18% last 3),"",false
639,Dak Prescott,rush_yds,9.5,Tampa Bay Buccaneers @ Dallas Cowboys,3,DAL,QB,TB,true,28.5,12.9,13.4,0.906,12,"7, 19, 26, 14, -1",3/5,over,-113,fanduel,0.522,0.506,0.017,-0.015,fringe player line,"",false
640,Keaton Mitchell,rush_yds,31.5,Denver Broncos @ Los Angeles Chargers,1,LAC,RB,DEN,true,19.0,33.5,31.9,1.095,12,"39, 52, 24, 9, 2",2/5,under,-111,draftkings,0.518,0.498,0.02,-0.015,"","",false
641,Harold Fannin Jr.,rec_yds,36.5,Cleveland Browns @ New York Jets,1,CLE,TE,NYJ,false,18.5,37.0,41.1,0.942,12,"27, 51, 54, 21, 30",2/5,under,-115,betmgm,0.527,0.5,0.027,-0.015,target share up (14% -> 22% last 3),"",false
642,AJ Barner,receptions,2.5,San Francisco 49ers @ Seattle Seahawks,3,SEA,TE,SF,true,24.2,2.7,2.6,0.998,12,"1, 5, 1, 2, 2",1/5,over,102,draftkings,0.488,0.484,0.004,-0.015,"","",false
643,Jameis Winston,anytime_td,0.5,New York Giants @ Washington Commanders,3,NYG,QB,WAS,false,19.0,0.1,1.6,1.133,6,"0, 0, 0, 0, 1",1/5,over,1000,fanduel,0.09,0.093,-0.003,-0.015,"","",true
644,Jerry Jeudy,rec_yds,15.5,Cleveland Browns @ New York Jets,1,CLE,WR,NYJ,false,18.5,24.2,27.1,0.936,12,"36, 0, 26, 17, 54",4/5,over,-115,betmgm,0.527,0.5,0.027,-0.015,role change (35 last season -> 21 this season),"",false
645,DK Metcalf,receptions,4.5,Indianapolis Colts @ Pittsburgh Steelers,3,PIT,WR,IND,true,23.5,4.0,4.1,0.985,12,"5, 3, 4, 4, 4",1/5,under,-140,betmgm,0.574,0.554,0.02,-0.016,target share down (27% -> 21% last 3),"",false
646,Cooper Kupp,receptions,2.5,San Francisco 49ers @ Seattle Seahawks,3,SEA,WR,SF,true,24.2,2.3,2.3,0.968,12,"1, 4, 2, 2, 2",1/5,under,-135,betmgm,0.566,0.549,0.017,-0.016,"","",false
647,James Cook,receptions,1.5,Buffalo Bills @ Los Angeles Rams,2,BUF,RB,LA,false,25.8,1.5,1.5,1.034,12,"2, 0, 1, 3, 0",2/5,under,-104,draftkings,0.502,0.483,0.019,-0.016,target share down (14% -> 7% last 3),"",false
648,Kalif Raymond,rec_yds,29.5,Chicago Bears @ Green Bay Packers,1,CHI,WR,GB,false,24.0,44.0,44.7,0.968,12,"6, 90, 40, 84, 52",4/5,over,-115,betmgm,0.526,0.5,0.026,-0.017,role change (19 last season -> 55 this season); target share down (35% -> 15% last 3),"",false
649,CJ Donaldson,anytime_td,0.5,Minnesota Vikings @ New Orleans Saints,3,NO,RB,MIN,true,19.5,0.1,2.8,0.8,4,"0, 0, 0, 0",0/4,over,850,fanduel,0.103,0.115,-0.012,-0.017,"","",true
650,Tez Johnson,rec_yds,13.5,Tampa Bay Buccaneers @ Dallas Cowboys,1,TB,WR,DAL,false,20.0,16.8,16.6,1.045,12,"17, 8, 49, 0, 17",3/5,under,-105,betmgm,0.504,0.48,0.024,-0.017,fringe player line,"",false
651,Tony Pollard,anytime_td,0.5,Houston Texans @ Tennessee Titans,3,TEN,RB,HOU,true,15.0,0.3,17.3,0.949,12,"1, 0, 0, 0, 0",1/5,over,250,draftkings,0.281,0.284,-0.003,-0.017,"","",false
652,Michael Wilson,rec_yds,73.5,Detroit Lions @ Arizona Cardinals,1,ARI,WR,DET,true,24.5,88.7,75.6,1.148,12,"95, 89, 18, 56, 99",3/5,over,-112,draftkings,0.519,0.5,0.019,-0.017,target share up (19% -> 33% last 3),"",false
653,Chris Blair,anytime_td,0.5,Baltimore Ravens @ Atlanta Falcons,3,ATL,WR,BAL,true,23.2,0.0,0.6,0.92,5,"0, 0, 0, 0, 0",0/5,over,2200,fanduel,0.043,0.049,-0.006,-0.017,"","",true
654,Cam Skattebo,receptions,2.5,New York Giants @ Washington Commanders,1,NYG,RB,WAS,false,19.0,2.1,2.3,0.92,12,"1, 3, 4, 0, 1",2/5,under,-162,draftkings,0.607,0.584,0.023,-0.018,"","",false
655,David Montgomery,receptions,1.5,Houston Texans @ Tennessee Titans,3,HOU,RB,TEN,false,22.5,1.3,1.4,0.92,12,"0, 2, 2, 3, 1",3/5,under,-146,draftkings,0.583,0.566,0.017,-0.018,"","",false
656,Roman Wilson,anytime_td,0.5,Indianapolis Colts @ Pittsburgh Steelers,3,PIT,WR,IND,true,23.5,0.3,4.8,1.027,12,"1, 1, 0, 0, 0",2/5,over,270,fanduel,0.265,0.257,0.008,-0.018,"","",false
657,Jonathan Taylor,rush_yds,83.5,Indianapolis Colts @ Pittsburgh Steelers,1,IND,RB,PIT,false,21.0,83.5,82.6,1.028,12,"95, 68, 92, 98, 26",3/5,under,-115,betmgm,0.525,0.5,0.025,-0.018,"","",false
658,Samaje Perine,rush_yds,14.5,Cincinnati Bengals @ Miami Dolphins,2,CIN,RB,MIA,false,24.5,18.0,17.0,1.035,12,"7, 9, 6, 20, 42",2/5,under,-111,draftkings,0.517,0.499,0.018,-0.018,role change (25 last season -> 10 this season); fringe player line,"",false
659,Michael Mayer,rec_yds,28.5,Las Vegas Raiders @ New England Patriots,1,LV,TE,NE,false,21.0,32.7,41.5,0.8,12,"82, 32, 23, 32, 47",4/5,under,-114,fanduel,0.523,0.5,0.023,-0.018,role change (25 last season -> 42 this season); target share down (24% -> 15% last 3),"",false
660,Darnell Mooney,receptions,1.5,New York Giants @ Washington Commanders,2,NYG,WR,WAS,false,19.0,1.8,1.7,1.108,12,"0, 2, 2, 2, 3",4/5,over,-116,draftkings,0.528,0.519,0.008,-0.018,"","",false
661,Michael Wilson,rec_yds,72.5,Detroit Lions @ Arizona Cardinals,1,ARI,WR,DET,true,24.5,88.7,75.6,1.148,12,"95, 89, 18, 56, 99",3/5,over,-114,fanduel,0.523,0.5,0.023,-0.019,target share up (19% -> 33% last 3),"",false
662,Chris Godwin,rec_yds,35.5,Tampa Bay Buccaneers @ Dallas Cowboys,1,TB,WR,DAL,false,20.0,37.9,37.3,1.045,12,"31, 25, 46, 40, 8",2/5,under,-115,draftkings,0.524,0.506,0.018,-0.02,"","",false
663,Keon Coleman,rec_yds,37.5,Buffalo Bills @ Los Angeles Rams,2,BUF,WR,LA,false,25.8,45.5,49.9,0.881,12,"116, 37, 63, 1, 49",3/5,under,-111,draftkings,0.515,0.499,0.016,-0.02,target share up (4% -> 17% last 3),"",false
664,Tre Tucker,anytime_td,0.5,Las Vegas Raiders @ New England Patriots,3,LV,WR,NE,false,21.0,0.3,6.1,1.133,12,"0, 0, 1, 0, 0",1/5,over,310,fanduel,0.239,0.232,0.007,-0.02,"","",false
665,Jaylin Noel,receptions,1.5,Houston Texans @ Tennessee Titans,2,HOU,WR,TEN,false,22.5,1.8,1.8,1.038,12,"3, 2, 1, 2, 1",3/5,under,119,draftkings,0.447,0.444,0.003,-0.021,"","",false
666,Jakobi Meyers,rec_yds,38.5,Philadelphia Eagles @ Jacksonville Jaguars,1,JAX,WR,PHI,true,24.5,47.3,44.9,1.029,12,"33, 64, 28, 40, 44",3/5,over,-115,betmgm,0.524,0.5,0.024,-0.021,target share up (10% -> 17% last 3),"",false
667,Parker Washington,rec_yds,59.5,Philadelphia Eagles @ Jacksonville Jaguars,1,JAX,WR,PHI,true,24.5,63.4,60.2,1.029,12,"7, 40, 98, 83, 87",3/5,under,-115,betmgm,0.524,0.5,0.024,-0.021,"","",false
668,Josh Cameron,receptions,1.5,Philadelphia Eagles @ Jacksonville Jaguars,3,JAX,WR,PHI,true,24.5,1.4,1.3,1.056,4,"2, 1, 0, 2",2/4,under,-152,fanduel,0.59,0.585,0.005,-0.021,"","",false
669,Nico Collins,anytime_td,0.5,Houston Texans @ Tennessee Titans,3,HOU,WR,TEN,false,22.5,0.5,8.4,0.92,12,"2, 1, 0, 0, 2",3/5,over,150,fanduel,0.391,0.389,0.002,-0.021,only 2 games this season,"",false
670,Christian McCaffrey,rush_yds,53.5,San Francisco 49ers @ Seattle Seahawks,1,SF,RB,SEA,false,21.2,57.2,62.2,0.932,12,"52, 75, 23, 68, 23",2/5,under,-110,draftkings,0.513,0.496,0.017,-0.021,"","",false
671,Justin Herbert,rush_yds,23.5,Denver Broncos @ Los Angeles Chargers,1,LAC,QB,DEN,true,19.0,25.4,25.8,1.026,12,"40, 17, 2, 29, 37",3/5,under,-115,betmgm,0.523,0.5,0.023,-0.022,"","",false
672,Jaxon Smith-Njigba,anytime_td,0.5,San Francisco 49ers @ Seattle Seahawks,3,SEA,WR,SF,true,24.2,0.8,10.2,0.92,12,"0, 2, 3, 1, 0",3/5,over,-105,draftkings,0.501,0.487,0.014,-0.022,"","",false
673,Jahmyr Gibbs,rec_yds,37.5,Detroit Lions @ Arizona Cardinals,2,DET,RB,ARI,false,30.0,39.6,45.7,0.8,12,"31, 65, 61, 30, 33",2/5,under,-112,draftkings,0.516,0.5,0.016,-0.022,target share up (13% -> 20% last 3),"",false
674,Luther Burden III,rec_yds,48.5,Chicago Bears @ Green Bay Packers,2,CHI,WR,GB,false,24.0,57.8,58.7,0.968,12,"63, 61, 32, 63, 35",3/5,over,-112,draftkings,0.516,0.5,0.016,-0.023,target share up (19% -> 25% last 3),"",false
675,Mark Andrews,rec_yds,29.5,Baltimore Ravens @ Atlanta Falcons,2,BAL,TE,ATL,false,20.2,30.4,30.9,1.011,12,"27, 24, 49, 49, 14",2/5,under,-114,fanduel,0.52,0.5,0.02,-0.023,"","",false
676,Colby Parkinson,rec_yds,17.5,Buffalo Bills @ Los Angeles Rams,1,LA,TE,BUF,true,28.8,21.1,20.5,0.963,12,"0, 15, 6, 36, 53",2/5,under,-115,betmgm,0.523,0.5,0.023,-0.023,role change (29 last season -> 7 this season),"",false
677,D'Andre Swift,receptions,2.5,Chicago Bears @ Green Bay Packers,1,CHI,RB,GB,false,24.0,1.9,2.2,0.851,12,"2, 2, 5, 1, 1",1/5,under,-200,fanduel,0.651,0.623,0.028,-0.024,target share up (4% -> 11% last 3),"",false
678,Colby Parkinson,rec_yds,16.5,Buffalo Bills @ Los Angeles Rams,2,LA,TE,BUF,true,28.8,21.1,20.5,0.963,12,"0, 15, 6, 36, 53",2/5,under,-111,draftkings,0.513,0.499,0.015,-0.024,role change (29 last season -> 7 this season),"",false
679,Trey McBride,anytime_td,0.5,Detroit Lions @ Arizona Cardinals,3,ARI,TE,DET,true,24.5,0.7,11.0,1.2,12,"0, 0, 1, 1, 0",2/5,over,115,draftkings,0.454,0.434,0.02,-0.024,"","",false
680,Denzel Boston,receptions,3.5,Cleveland Browns @ New York Jets,3,CLE,WR,NYJ,false,18.5,3.2,3.3,1.003,4,"4, 2, 5, 2",2/4,under,-134,draftkings,0.558,0.542,0.016,-0.025,"","",false
681,Hunter Henry,rec_yds,35.5,Las Vegas Raiders @ New England Patriots,1,NE,TE,LV,true,24.5,38.7,39.8,0.951,12,"62, 5, 40, 26, 56",3/5,under,-111,betmgm,0.513,0.491,0.022,-0.025,target share up (10% -> 15% last 3),"",false
682,Nico Collins,receptions,5.5,Houston Texans @ Tennessee Titans,3,HOU,WR,TEN,false,22.5,5.8,5.5,1.038,12,"7, 7, 3, 4, 3",2/5,under,100,draftkings,0.488,0.488,-0.0,-0.025,only 2 games this season,"",false
683,Woody Marks,rush_yds,30.5,Houston Texans @ Tennessee Titans,1,HOU,RB,TEN,false,22.5,33.5,32.4,1.035,12,"22, 15, 8, 42, 48",2/5,under,-115,draftkings,0.521,0.506,0.015,-0.025,role change (44 last season -> 22 this season),"",false
684,Justin Herbert,pass_yds,199.5,Denver Broncos @ Los Angeles Chargers,1,LAC,QB,DEN,true,19.0,200.4,204.7,1.019,12,"189, 226, 192, 209, 236",3/5,under,-111,draftkings,0.513,0.498,0.015,-0.025,"","",false
685,Justin Herbert,pass_yds,202.5,Denver Broncos @ Los Angeles Chargers,1,LAC,QB,DEN,true,19.0,200.4,204.7,1.019,12,"189, 226, 192, 209, 236",3/5,under,-115,betmgm,0.521,0.5,0.021,-0.026,"","",false
686,Darnell Washington,rec_yds,22.5,Indianapolis Colts @ Pittsburgh Steelers,2,PIT,TE,IND,true,23.5,30.5,30.2,0.999,12,"27, 67, 7, 18, 15",2/5,over,-114,fanduel,0.519,0.5,0.019,-0.026,"","",false
687,James Cook,anytime_td,0.5,Buffalo Bills @ Los Angeles Rams,3,BUF,RB,LA,false,25.8,0.8,19.4,0.8,12,"1, 1, 1, 0, 0",3/5,over,-110,draftkings,0.51,0.494,0.016,-0.027,"","",false
688,Drake London,receptions,6.5,Baltimore Ravens @ Atlanta Falcons,1,ATL,WR,BAL,true,23.2,5.7,5.1,1.117,12,"5, 9, 4, 2, 4",1/5,under,-155,betmgm,0.591,0.567,0.025,-0.027,target share up (21% -> 30% last 3),"",false
689,Troy Franklin,rec_yds,19.5,Denver Broncos @ Los Angeles Chargers,2,DEN,WR,LAC,false,22.5,24.6,24.8,0.992,12,"21, 27, 0, 0, 17",2/5,under,-114,draftkings,0.518,0.502,0.016,-0.027,role change (42 last season -> 16 this season),"",false
690,Trevor Lawrence,anytime_td,0.5,Philadelphia Eagles @ Jacksonville Jaguars,3,JAX,QB,PHI,true,24.5,0.3,3.5,1.2,12,"0, 0, 0, 0, 0",0/5,over,325,betmgm,0.229,0.226,0.003,-0.027,"","",false
691,Jonathan Taylor,rec_yds,15.5,Indianapolis Colts @ Pittsburgh Steelers,1,IND,RB,PIT,false,21.0,18.1,16.3,1.134,12,"2, 4, 40, 23, 13",2/5,under,-114,fanduel,0.518,0.5,0.018,-0.027,"","",false
692,Trevor Lawrence,pass_yds,226.5,Philadelphia Eagles @ Jacksonville Jaguars,1,JAX,QB,PHI,true,24.5,228.2,225.8,0.989,12,"227, 182, 189, 245, 255",3/5,under,-111,draftkings,0.512,0.498,0.014,-0.027,"","",false
693,Jeremiyah Love,receptions,2.5,Detroit Lions @ Arizona Cardinals,2,ARI,RB,DET,true,24.5,2.7,2.7,0.989,4,"1, 5, 3, 2",2/4,over,102,draftkings,0.482,0.469,0.012,-0.027,"","",false
694,Ashton Jeanty,rush_yds,60.5,Las Vegas Raiders @ New England Patriots,1,LV,RB,NE,false,21.0,61.6,63.3,0.99,12,"58, 56, 48, 102, 87",2/5,under,-115,betmgm,0.521,0.5,0.021,-0.027,"","",false
695,Darnell Mooney,rec_yds,17.5,New York Giants @ Washington Commanders,1,NYG,WR,WAS,false,19.0,23.9,23.9,1.04,12,"0, 20, 48, 27, 20",4/5,over,-114,draftkings,0.518,0.504,0.014,-0.028,"","",false
696,Gavin Bartholomew,anytime_td,0.5,Minnesota Vikings @ New Orleans Saints,3,MIN,TE,NO,false,22.0,0.1,1.0,0.994,1,0,0/1,over,1550,betmgm,0.059,0.06,-0.001,-0.028,only 1 game this season,"",true
697,Jake Ferguson,anytime_td,0.5,Tampa Bay Buccaneers @ Dallas Cowboys,3,DAL,TE,TB,true,28.5,0.4,3.9,1.191,12,"0, 1, 2, 0, 0",2/5,over,225,betmgm,0.299,0.294,0.005,-0.028,"","",false
698,Raheim Sanders,rec_yds,12.5,Cleveland Browns @ New York Jets,3,CLE,RB,NYJ,false,18.5,14.9,14.8,1.05,8,"7, 34, 7, 25, 7",2/5,under,-113,draftkings,0.516,0.501,0.015,-0.028,role change (5 last season -> 18 this season); fringe player line,"",false
699,Nate Boerkircher,anytime_td,0.5,Philadelphia Eagles @ Jacksonville Jaguars,3,JAX,TE,PHI,true,24.5,0.1,1.4,0.8,3,"0, 0, 0",0/3,over,1000,betmgm,0.088,0.093,-0.005,-0.028,"","",true
700,Ashton Jeanty,rush_yds,59.5,Las Vegas Raiders @ New England Patriots,2,LV,RB,NE,false,21.0,61.6,63.3,0.99,12,"58, 56, 48, 102, 87",2/5,under,-114,draftkings,0.518,0.502,0.015,-0.028,"","",false
701,Cam Skattebo,rec_yds,12.5,New York Giants @ Washington Commanders,1,NYG,RB,WAS,false,19.0,18.7,20.2,0.964,12,"8, 40, 19, 0, 18",3/5,over,-114,fanduel,0.518,0.5,0.018,-0.028,fringe player line,"",false
702,Kyren Williams,rush_yds,68.5,Buffalo Bills @ Los Angeles Rams,1,LA,RB,BUF,true,28.8,80.1,75.2,0.997,12,"80, 88, 85, 41, 60",3/5,over,-114,fanduel,0.518,0.5,0.018,-0.028,"","",false
703,Pat Freiermuth,receptions,3.5,Indianapolis Colts @ Pittsburgh Steelers,3,PIT,TE,IND,true,23.5,3.3,3.2,1.017,12,"3, 2, 4, 5, 3",2/5,under,-143,draftkings,0.572,0.566,0.006,-0.028,"","",false
704,Sean Tucker,rush_yds,9.5,Tampa Bay Buccaneers @ Dallas Cowboys,2,TB,RB,DAL,false,20.0,15.7,15.8,1.024,12,"10, -4, 8, 3, 7",1/5,under,-112,draftkings,0.513,0.5,0.013,-0.028,fringe player line; only 1 game this season,"",false
705,Amon-Ra St. Brown,anytime_td,0.5,Detroit Lions @ Arizona Cardinals,3,DET,WR,ARI,false,30.0,0.9,11.4,1.2,12,"0, 1, 2, 2, 0",3/5,over,-135,betmgm,0.558,0.54,0.018,-0.028,"","",false
706,Luther Burden III,receptions,4.5,Chicago Bears @ Green Bay Packers,3,CHI,WR,GB,false,24.0,5.0,4.7,1.047,12,"4, 7, 3, 5, 3",2/5,over,-122,draftkings,0.534,0.525,0.009,-0.028,target share up (19% -> 25% last 3),"",false
707,Drake Maye,pass_yds,230.5,Las Vegas Raiders @ New England Patriots,1,NE,QB,LV,true,24.5,231.9,231.4,0.981,12,"269, 199, 208, 178, 191",1/5,under,-113,draftkings,0.515,0.502,0.013,-0.029,"","",false
708,Dalton Schultz,receptions,4.5,Houston Texans @ Tennessee Titans,2,HOU,TE,TEN,false,22.5,4.5,4.8,0.941,12,"2, 3, 12, 4, 4",1/5,over,120,fanduel,0.441,0.429,0.013,-0.029,target share down (22% -> 16% last 3),"",false
709,Christian Watson,rec_yds,61.5,Chicago Bears @ Green Bay Packers,1,GB,WR,CHI,true,21.5,67.6,72.7,0.94,12,"47, 96, 41, 147, 113",3/5,under,-113,draftkings,0.515,0.502,0.013,-0.029,"","",false
710,Tyjae Spears,receptions,1.5,Houston Texans @ Tennessee Titans,1,TEN,RB,HOU,true,15.0,1.9,2.1,0.943,12,"1, 0, 2, 2, 7",3/5,under,136,fanduel,0.411,0.396,0.014,-0.03,role change (3 last season -> 1 this season); target share down (14% -> 5% last 3),"",false
711,Michael Mayer,receptions,3.5,Las Vegas Raiders @ New England Patriots,3,LV,TE,NE,false,21.0,3.8,4.5,0.846,12,"8, 3, 3, 6, 3",2/5,over,-114,fanduel,0.517,0.515,0.002,-0.03,role change (3 last season -> 5 this season); target share down (24% -> 15% last 3),"",false
712,CeeDee Lamb,rec_yds,83.5,Tampa Bay Buccaneers @ Dallas Cowboys,2,DAL,WR,TB,true,28.5,103.5,110.3,0.88,12,"189, 112, 153, 44, 4",3/5,over,-113,fanduel,0.514,0.5,0.014,-0.03,target share up (27% -> 33% last 3),"",false
713,RJ Harvey,rush_yds,21.5,Denver Broncos @ Los Angeles Chargers,1,DEN,RB,LAC,false,22.5,28.3,27.1,1.047,12,"25, 6, 18, 28, 43",3/5,over,-114,fanduel,0.517,0.5,0.017,-0.03,role change (32 last season -> 16 this season),"",false
714,Colston Loveland,anytime_td,0.5,Chicago Bears @ Green Bay Packers,3,CHI,TE,GB,false,24.0,0.4,5.8,0.994,12,"0, 0, 0, 0, 1",1/5,over,240,betmgm,0.285,0.278,0.008,-0.03,"","",false
715,Quintin Morris,anytime_td,0.5,Philadelphia Eagles @ Jacksonville Jaguars,2,JAX,TE,PHI,true,24.5,0.1,0.7,0.8,12,"0, 0, 0, 1, 0",1/5,over,1800,draftkings,0.051,0.052,-0.001,-0.03,"","",true
716,Justin Herbert,pass_yds,200.5,Denver Broncos @ Los Angeles Chargers,1,LAC,QB,DEN,true,19.0,200.4,204.7,1.019,12,"189, 226, 192, 209, 236",3/5,under,-114,fanduel,0.517,0.5,0.017,-0.03,"","",false
717,RJ Harvey,rush_yds,22.5,Denver Broncos @ Los Angeles Chargers,2,DEN,RB,LAC,false,22.5,28.3,27.1,1.047,12,"25, 6, 18, 28, 43",3/5,over,-110,betmgm,0.508,0.5,0.008,-0.03,role change (32 last season -> 16 this season),"",false
718,Drake London,receptions,5.5,Baltimore Ravens @ Atlanta Falcons,2,ATL,WR,BAL,true,23.2,5.7,5.1,1.117,12,"5, 9, 4, 2, 4",1/5,under,108,draftkings,0.466,0.456,0.01,-0.031,target share up (21% -> 30% last 3),"",false
719,Kaelon Black,rush_yds,16.5,San Francisco 49ers @ Seattle Seahawks,1,SF,RB,SEA,false,21.2,24.6,26.8,0.932,4,"13, 17, 25, 65",3/4,over,-114,fanduel,0.516,0.5,0.016,-0.031,"","",false
720,Malachi Fields,receptions,2.5,New York Giants @ Washington Commanders,2,NYG,WR,WAS,false,19.0,2.2,2.0,1.108,4,"2, 2, 2, 2",0/4,under,-158,fanduel,0.594,0.577,0.017,-0.031,"","",false
721,Tyler Warren,anytime_td,0.5,Indianapolis Colts @ Pittsburgh Steelers,3,IND,TE,PIT,false,21.0,0.3,7.2,0.994,12,"0, 0, 1, 1, 0",2/5,over,235,draftkings,0.289,0.29,-0.001,-0.031,"","",false
722,T.J. Hockenson,anytime_td,0.5,Minnesota Vikings @ New Orleans Saints,3,MIN,TE,NO,false,22.0,0.3,6.0,0.994,12,"0, 0, 0, 1, 0",1/5,over,310,betmgm,0.236,0.23,0.007,-0.031,"","",false
723,AJ Barner,rec_yds,21.5,San Francisco 49ers @ Seattle Seahawks,1,SEA,TE,SF,true,24.2,26.4,28.7,0.902,12,"12, 69, 8, 13, 14",1/5,under,-114,fanduel,0.516,0.5,0.016,-0.032,"","",false
724,Emeka Egbuka,receptions,3.5,Tampa Bay Buccaneers @ Dallas Cowboys,2,TB,WR,DAL,false,20.0,3.3,3.3,1.021,12,"2, 5, 3, 5, 1",2/5,under,-145,draftkings,0.573,0.567,0.006,-0.032,"","",false
725,Germie Bernard,rec_yds,18.5,Indianapolis Colts @ Pittsburgh Steelers,2,PIT,WR,IND,true,23.5,20.2,18.7,1.067,3,"11, 14, 35",1/3,under,-114,fanduel,0.516,0.5,0.016,-0.032,"","",false
726,DeeJay Dallas,anytime_td,0.5,Minnesota Vikings @ New Orleans Saints,3,MIN,RB,NO,false,22.0,0.0,1.3,1.2,9,"0, 0, 0, 0, 0",0/5,over,1400,draftkings,0.065,0.076,-0.011,-0.032,"","",true
727,Deebo Samuel,rec_yds,34.5,San Francisco 49ers @ Seattle Seahawks,2,SF,WR,SEA,false,21.2,38.1,44.9,0.861,12,"26, 80, 31, 48, 20",2/5,under,-111,draftkings,0.509,0.499,0.01,-0.032,target share down (21% -> 13% last 3),"",false
728,Darius Cooper,anytime_td,0.5,Philadelphia Eagles @ Jacksonville Jaguars,3,PHI,WR,JAX,false,17.0,0.2,2.7,0.8,10,"2, 0, 1, 0, 0",2/5,over,450,draftkings,0.176,0.181,-0.005,-0.032,"","",true
729,Jaxon Smith-Njigba,receptions,7.5,San Francisco 49ers @ Seattle Seahawks,1,SEA,WR,SF,true,24.2,7.4,7.6,0.968,12,"5, 10, 9, 8, 6",3/5,over,125,betmgm,0.43,0.417,0.014,-0.032,target share down (46% -> 34% last 3),"",false
730,Mike Gesicki,anytime_td,0.5,Cincinnati Bengals @ Miami Dolphins,3,CIN,TE,MIA,false,24.5,0.3,4.2,0.994,12,"1, 1, 1, 0, 0",3/5,over,260,betmgm,0.268,0.263,0.005,-0.033,"","",false
731,Mike Washington Jr.,rush_yds,24.5,Las Vegas Raiders @ New England Patriots,1,LV,RB,NE,false,21.0,28.8,29.5,0.99,4,"18, 54, 7, 41",2/4,under,-112,draftkings,0.511,0.5,0.011,-0.033,"","",false
732,Cooper Kupp,rec_yds,24.5,San Francisco 49ers @ Seattle Seahawks,1,SEA,WR,SF,true,24.2,26.2,27.8,0.927,12,"13, 46, 20, 35, 29",3/5,under,-115,draftkings,0.517,0.506,0.011,-0.033,"","",false
733,Harold Fannin Jr.,receptions,4.5,Cleveland Browns @ New York Jets,2,CLE,TE,NYJ,false,18.5,4.2,4.3,0.998,12,"3, 7, 5, 2, 2",2/5,under,-146,draftkings,0.574,0.566,0.008,-0.033,target share up (14% -> 22% last 3),"",false
734,Christian McCaffrey,receptions,4.5,San Francisco 49ers @ Seattle Seahawks,3,SF,RB,SEA,false,21.2,4.7,4.2,1.126,12,"3, 4, 4, 5, 6",2/5,under,101,draftkings,0.481,0.477,0.005,-0.033,target share down (24% -> 19% last 3),"",false
735,Sam Darnold,pass_yds,231.5,San Francisco 49ers @ Seattle Seahawks,1,SEA,QB,SF,true,24.2,236.4,239.9,0.967,12,"168, 379, 198, 147, 270",2/5,under,-114,fanduel,0.515,0.5,0.015,-0.034,only 2 games this season,"",false
736,MarShawn Lloyd,receptions,2.5,Chicago Bears @ Green Bay Packers,2,GB,RB,CHI,true,21.5,2.2,2.6,0.851,4,"5, 2, 2, 0",1/4,under,-166,fanduel,0.603,0.59,0.013,-0.034,target share up (2% -> 10% last 3),"",false
737,Ryan Flournoy,receptions,3.5,Tampa Bay Buccaneers @ Dallas Cowboys,3,DAL,WR,TB,true,28.5,3.2,3.4,0.907,12,"4, 2, 5, 2, 5",3/5,under,-148,fanduel,0.576,0.567,0.009,-0.034,"","",false
738,CeeDee Lamb,rec_yds,84.5,Tampa Bay Buccaneers @ Dallas Cowboys,1,DAL,WR,TB,true,28.5,103.5,110.3,0.88,12,"189, 112, 153, 44, 4",3/5,over,-114,draftkings,0.515,0.504,0.011,-0.034,target share up (27% -> 33% last 3),"",false
739,Chris Godwin,receptions,3.5,Tampa Bay Buccaneers @ Dallas Cowboys,3,TB,WR,DAL,false,20.0,4.1,4.0,1.021,12,"6, 3, 3, 4, 1",2/5,over,-138,fanduel,0.559,0.551,0.008,-0.035,"","",false
740,Tez Johnson,rec_yds,12.5,Tampa Bay Buccaneers @ Dallas Cowboys,2,TB,WR,DAL,false,20.0,16.8,16.6,1.045,12,"17, 8, 49, 0, 17",3/5,under,-110,draftkings,0.505,0.498,0.007,-0.035,fringe player line,"",false
741,Elic Ayomanor,receptions,1.5,Houston Texans @ Tennessee Titans,2,TEN,WR,HOU,true,15.0,1.7,1.6,1.126,12,"1, 1, 2, 1, 3",2/5,over,-108,draftkings,0.501,0.494,0.007,-0.035,role change (3 last season -> 1 this season),"",false
742,J.K. Dobbins,rush_yds,53.5,Denver Broncos @ Los Angeles Chargers,1,DEN,RB,LAC,false,22.5,55.3,52.8,1.047,12,"40, 49, 36, 36, 77",1/5,under,-115,betmgm,0.516,0.5,0.016,-0.035,role change (77 last season -> 40 this season),"",false
743,Nico Collins,rec_yds,76.5,Houston Texans @ Tennessee Titans,1,HOU,WR,TEN,false,22.5,91.2,87.6,1.042,12,"118, 75, 57, 59, 85",2/5,over,-115,betmgm,0.516,0.5,0.016,-0.035,only 2 games this season,"",false
744,DK Metcalf,anytime_td,0.5,Indianapolis Colts @ Pittsburgh Steelers,3,PIT,WR,IND,true,23.5,0.4,7.9,1.027,12,"0, 1, 0, 0, 0",1/5,over,175,betmgm,0.351,0.354,-0.004,-0.035,"","",false
745,Isaac TeSlaa,receptions,2.5,Detroit Lions @ Arizona Cardinals,3,DET,WR,ARI,false,30.0,2.2,2.3,0.924,12,"4, 3, 2, 0, 1",2/5,under,-167,draftkings,0.604,0.594,0.009,-0.035,role change (1 last season -> 2 this season); target share up (3% -> 13% last 3),"",false
746,Tony Pollard,rush_yds,49.5,Houston Texans @ Tennessee Titans,1,TEN,RB,HOU,true,15.0,54.2,63.5,0.932,12,"48, 74, 64, 35, 48",2/5,under,-110,draftkings,0.505,0.496,0.01,-0.035,"","",false
747,Kyren Williams,rush_yds,70.5,Buffalo Bills @ Los Angeles Rams,1,LA,RB,BUF,true,28.8,80.1,75.2,0.997,12,"80, 88, 85, 41, 60",3/5,over,-113,draftkings,0.511,0.502,0.009,-0.036,"","",false
748,Sam Darnold,anytime_td,0.5,San Francisco 49ers @ Seattle Seahawks,3,SEA,QB,SF,true,24.2,0.1,2.2,1.133,12,"0, 0, 0, 0, 0",0/5,over,1050,betmgm,0.084,0.089,-0.005,-0.036,"","",true
749,Jake Ferguson,receptions,3.5,Tampa Bay Buccaneers @ Dallas Cowboys,3,DAL,TE,TB,true,28.5,3.3,2.9,1.092,12,"3, 3, 4, 2, 1",1/5,under,-136,fanduel,0.556,0.548,0.007,-0.036,"","",false
750,Nico Collins,rec_yds,78.5,Houston Texans @ Tennessee Titans,1,HOU,WR,TEN,false,22.5,91.2,87.6,1.042,12,"118, 75, 57, 59, 85",2/5,over,-114,draftkings,0.513,0.504,0.009,-0.037,only 2 games this season,"",false
751,Nico Collins,rec_yds,77.5,Houston Texans @ Tennessee Titans,1,HOU,WR,TEN,false,22.5,91.2,87.6,1.042,12,"118, 75, 57, 59, 85",2/5,over,-114,fanduel,0.513,0.5,0.013,-0.037,only 2 games this season,"",false
752,DK Metcalf,rec_yds,52.5,Indianapolis Colts @ Pittsburgh Steelers,2,PIT,WR,IND,true,23.5,61.4,57.0,1.067,12,"115, 31, 27, 40, 42",1/5,under,-110,draftkings,0.504,0.498,0.006,-0.037,target share down (27% -> 21% last 3),"",false
753,Tre Tucker,rec_yds,42.5,Las Vegas Raiders @ New England Patriots,1,LV,WR,NE,false,21.0,47.6,48.9,0.989,12,"44, 43, 119, 27, 30",3/5,under,-118,betmgm,0.521,0.507,0.014,-0.037,"","",false
754,Bucky Irving,rush_yds,52.5,Tampa Bay Buccaneers @ Dallas Cowboys,1,TB,RB,DAL,false,20.0,59.8,60.1,1.024,12,"61, 46, 89, 45, 85",3/5,over,-113,fanduel,0.511,0.5,0.011,-0.037,"","",false
755,Brian Robinson Jr.,rush_yds,35.5,Baltimore Ravens @ Atlanta Falcons,2,ATL,RB,BAL,true,23.2,39.4,41.3,0.945,12,"62, 50, 51, 31, 9",3/5,over,-108,draftkings,0.5,0.496,0.004,-0.037,role change (24 last season -> 48 this season),"",false
756,D'Andre Swift,rec_yds,13.5,Chicago Bears @ Green Bay Packers,1,CHI,RB,GB,false,24.0,17.4,17.6,0.977,12,"16, 4, 54, 10, 8",2/5,under,-114,fanduel,0.513,0.5,0.013,-0.037,fringe player line; target share up (4% -> 11% last 3),"",false
757,Tony Pollard,receptions,1.5,Houston Texans @ Tennessee Titans,3,TEN,RB,HOU,true,15.0,1.8,2.0,0.943,12,"2, 4, 1, 1, 3",3/5,over,-122,fanduel,0.529,0.529,0.0,-0.037,"","",false
758,Kayshon Boutte,rec_yds,25.5,Houston Texans @ Tennessee Titans,2,HOU,WR,TEN,false,22.5,30.0,28.8,1.042,12,"36, 21, 37, 21, 24",2/5,over,-114,fanduel,0.513,0.5,0.013,-0.037,target share up (5% -> 11% last 3),"",false
759,Tony Pollard,rush_yds,50.5,Houston Texans @ Tennessee Titans,1,TEN,RB,HOU,true,15.0,54.2,63.5,0.932,12,"48, 74, 64, 35, 48",2/5,under,-114,fanduel,0.513,0.5,0.013,-0.037,"","",false
760,Pat Freiermuth,rec_yds,27.5,Indianapolis Colts @ Pittsburgh Steelers,2,PIT,TE,IND,true,23.5,32.1,31.8,0.999,12,"17, 30, 32, 46, 51",4/5,over,-114,draftkings,0.512,0.502,0.01,-0.038,"","",false
761,KaVontae Turpin,anytime_td,0.5,Tampa Bay Buccaneers @ Dallas Cowboys,3,DAL,WR,TB,true,28.5,0.1,1.8,0.92,12,"0, 1, 0, 0, 0",1/5,over,950,betmgm,0.092,0.093,-0.001,-0.038,"","",true
762,Jahan Dotson,anytime_td,0.5,Baltimore Ravens @ Atlanta Falcons,3,ATL,WR,BAL,true,23.2,0.1,3.2,0.92,12,"1, 0, 0, 0, 0",1/5,over,550,draftkings,0.148,0.152,-0.004,-0.038,"","",true
763,Jaylin Noel,anytime_td,0.5,Houston Texans @ Tennessee Titans,3,HOU,WR,TEN,false,22.5,0.1,3.2,0.92,12,"0, 0, 0, 0, 0",0/5,over,500,fanduel,0.16,0.175,-0.014,-0.038,"","",true
764,Raheim Sanders,receptions,1.5,Cleveland Browns @ New York Jets,2,CLE,RB,NYJ,false,18.5,2.1,2.1,1.011,8,"2, 4, 1, 3, 1",3/5,under,154,fanduel,0.378,0.374,0.005,-0.039,role change (1 last season -> 2 this season),"",false
765,Geno Smith,pass_yds,207.5,Cleveland Browns @ New York Jets,1,NYJ,QB,CLE,true,21.0,214.8,211.2,1.034,12,"119, 321, 247, 215, 176",3/5,under,-113,draftkings,0.51,0.502,0.008,-0.039,"","",false
766,Colby Parkinson,receptions,1.5,Buffalo Bills @ Los Angeles Rams,1,LA,TE,BUF,true,28.8,2.3,2.2,0.979,12,"0, 2, 1, 4, 6",3/5,over,-180,fanduel,0.618,0.601,0.017,-0.039,role change (3 last season -> 1 this season),"",false
767,Kyren Williams,rush_yds,69.5,Buffalo Bills @ Los Angeles Rams,1,LA,RB,BUF,true,28.8,80.1,75.2,0.997,12,"80, 88, 85, 41, 60",3/5,over,-115,betmgm,0.514,0.5,0.014,-0.039,"","",false
768,Trevor Lawrence,pass_yds,225.5,Philadelphia Eagles @ Jacksonville Jaguars,2,JAX,QB,PHI,true,24.5,228.2,225.8,0.989,12,"227, 182, 189, 245, 255",3/5,under,-114,fanduel,0.511,0.5,0.011,-0.04,"","",false
769,Brian Robinson Jr.,rush_yds,34.5,Baltimore Ravens @ Atlanta Falcons,1,ATL,RB,BAL,true,23.2,39.4,41.3,0.945,12,"62, 50, 51, 31, 9",3/5,over,-111,betmgm,0.505,0.491,0.014,-0.04,role change (24 last season -> 48 this season),"",false
770,C.J. Stroud,rush_yds,10.5,Houston Texans @ Tennessee Titans,1,HOU,QB,TEN,false,22.5,13.1,12.6,1.038,12,"12, 10, 29, 15, 5",3/5,over,-107,draftkings,0.496,0.488,0.008,-0.04,fringe player line,"",false
771,Wan'Dale Robinson,rec_yds,32.5,Houston Texans @ Tennessee Titans,1,TEN,WR,HOU,true,15.0,44.5,42.3,1.149,12,"19, 57, 9, 38, 113",3/5,over,-114,fanduel,0.512,0.5,0.012,-0.04,role change (63 last season -> 31 this season),"",false
772,Jordan Whittington,rec_yds,5.5,Buffalo Bills @ Los Angeles Rams,2,LA,WR,BUF,true,28.8,7.1,6.1,1.092,12,"4, 8, 0, 0, 19",2/5,under,-112,draftkings,0.507,0.5,0.007,-0.04,role change (11 last season -> 6 this season); fringe player line; only 2 games this season,"",false
773,Kendrick Bourne,rec_yds,24.5,Detroit Lions @ Arizona Cardinals,2,ARI,WR,DET,true,24.5,31.3,26.6,1.148,12,"22, 11, 75, 0, 25",2/5,over,-108,draftkings,0.498,0.496,0.003,-0.04,"","",false
774,Kenny Gainwell,rec_yds,11.5,Tampa Bay Buccaneers @ Dallas Cowboys,1,TB,RB,DAL,false,20.0,19.9,23.1,0.887,12,"22, 14, 5, 3, 64",3/5,over,-120,betmgm,0.523,0.509,0.014,-0.041,role change (29 last season -> 11 this season); line far from history: new role?; fringe player line; target share up (4% -> 11% last 3),"",false
775,Dak Prescott,pass_yds,271.5,Tampa Bay Buccaneers @ Dallas Cowboys,1,DAL,QB,TB,true,28.5,277.7,269.6,0.966,12,"335, 276, 279, 175, 70",3/5,under,-112,draftkings,0.507,0.5,0.007,-0.041,"","",false
776,Marvin Mims Jr.,receptions,1.5,Denver Broncos @ Los Angeles Chargers,2,DEN,WR,LAC,false,22.5,1.5,1.6,0.959,12,"1, 0, 2, 3, 3",3/5,over,116,draftkings,0.444,0.446,-0.002,-0.041,role change (2 last season -> 0 this season); only 2 games this season,"",false
777,Keaton Mitchell,rush_yds,30.5,Denver Broncos @ Los Angeles Chargers,1,LAC,RB,DEN,true,19.0,33.5,31.9,1.095,12,"39, 52, 24, 9, 2",2/5,under,-115,betmgm,0.513,0.5,0.013,-0.041,"","",false
778,Aaron Jones,rush_yds,73.5,Minnesota Vikings @ New Orleans Saints,1,MIN,RB,NO,false,22.0,82.3,68.9,1.2,12,"94, 58, 105, 40, 53",2/5,over,-111,draftkings,0.504,0.498,0.006,-0.041,"","",false
779,J.K. Dobbins,rush_yds,51.5,Denver Broncos @ Los Angeles Chargers,1,DEN,RB,LAC,false,22.5,55.3,52.8,1.047,12,"40, 49, 36, 36, 77",1/5,under,-111,draftkings,0.504,0.498,0.006,-0.041,role change (77 last season -> 40 this season),"",false
780,Michael Penix Jr.,pass_yds,221.5,Baltimore Ravens @ Atlanta Falcons,1,ATL,QB,BAL,true,23.2,224.3,224.5,0.991,11,"223, 256, 175, 177, 221",2/5,under,-114,fanduel,0.511,0.5,0.011,-0.041,only 2 games this season,"",false
781,Emeka Egbuka,anytime_td,0.5,Tampa Bay Buccaneers @ Dallas Cowboys,3,TB,WR,DAL,false,20.0,0.3,6.0,1.133,12,"0, 0, 1, 0, 0",1/5,over,290,betmgm,0.246,0.252,-0.006,-0.041,"","",false
782,Ashton Dulin,anytime_td,0.5,Indianapolis Colts @ Pittsburgh Steelers,3,IND,WR,PIT,false,21.0,0.1,2.3,0.813,12,"0, 0, 0, 0, 0",0/5,over,775,betmgm,0.109,0.123,-0.014,-0.042,only 2 games this season,"",true
783,Cam Skattebo,rec_yds,13.5,New York Giants @ Washington Commanders,1,NYG,RB,WAS,false,19.0,18.7,20.2,0.964,12,"8, 40, 19, 0, 18",3/5,over,-111,draftkings,0.504,0.498,0.006,-0.042,fringe player line,"",false
784,Javonte Williams,anytime_td,0.5,Tampa Bay Buccaneers @ Dallas Cowboys,3,DAL,RB,TB,true,28.5,1.0,19.3,0.8,12,"3, 1, 0, 2, 1",4/5,over,-190,betmgm,0.627,0.625,0.002,-0.043,"","",false
785,Aaron Jones,rush_yds,72.5,Minnesota Vikings @ New Orleans Saints,2,MIN,RB,NO,false,22.0,82.3,68.9,1.2,12,"94, 58, 105, 40, 53",2/5,over,-114,fanduel,0.51,0.5,0.01,-0.043,"","",false
786,Sam Darnold,pass_yds,225.5,San Francisco 49ers @ Seattle Seahawks,1,SEA,QB,SF,true,24.2,236.4,239.9,0.967,12,"168, 379, 198, 147, 270",2/5,under,-113,draftkings,0.508,0.502,0.005,-0.043,only 2 games this season,"",false
787,Geno Smith,pass_yds,209.5,Cleveland Browns @ New York Jets,1,NYJ,QB,CLE,true,21.0,214.8,211.2,1.034,12,"119, 321, 247, 215, 176",3/5,under,-115,betmgm,0.512,0.5,0.012,-0.043,"","",false
788,Christian Watson,rec_yds,60.5,Chicago Bears @ Green Bay Packers,1,GB,WR,CHI,true,21.5,67.6,72.7,0.94,12,"47, 96, 41, 147, 113",3/5,under,-114,fanduel,0.51,0.5,0.01,-0.043,"","",false
789,Drake London,rec_yds,81.5,Baltimore Ravens @ Atlanta Falcons,2,ATL,WR,BAL,true,23.2,98.7,90.2,1.085,12,"96, 194, 51, 29, 78",2/5,over,-112,draftkings,0.505,0.5,0.005,-0.044,target share up (21% -> 30% last 3),"",false
790,DK Metcalf,rec_yds,53.5,Indianapolis Colts @ Pittsburgh Steelers,1,PIT,WR,IND,true,23.5,61.4,57.0,1.067,12,"115, 31, 27, 40, 42",1/5,under,-114,fanduel,0.509,0.5,0.009,-0.044,target share down (27% -> 21% last 3),"",false
791,Kendrick Bourne,rec_yds,23.5,Detroit Lions @ Arizona Cardinals,1,ARI,WR,DET,true,24.5,31.3,26.6,1.148,12,"22, 11, 75, 0, 25",2/5,over,-114,fanduel,0.509,0.5,0.009,-0.045,"","",false
792,Keenan Allen,rec_yds,27.5,Indianapolis Colts @ Pittsburgh Steelers,1,IND,WR,PIT,false,21.0,33.2,34.0,0.993,12,"63, 5, 32, 36, 17",3/5,over,-112,draftkings,0.504,0.5,0.004,-0.045,"","",false
793,Jonathan Taylor,rec_yds,14.5,Indianapolis Colts @ Pittsburgh Steelers,1,IND,RB,PIT,false,21.0,18.1,16.3,1.134,12,"2, 4, 40, 23, 13",2/5,under,-110,betmgm,0.5,0.49,0.01,-0.045,fringe player line,"",false
794,Raheim Sanders,receptions,2.5,Cleveland Browns @ New York Jets,1,CLE,RB,NYJ,false,18.5,2.1,2.1,1.011,8,"2, 4, 1, 3, 1",2/5,under,-190,betmgm,0.626,0.611,0.014,-0.045,role change (1 last season -> 2 this season),"",false
795,Luther Burden III,rec_yds,49.5,Chicago Bears @ Green Bay Packers,1,CHI,WR,GB,false,24.0,57.8,58.7,0.968,12,"63, 61, 32, 63, 35",3/5,over,-115,betmgm,0.511,0.5,0.011,-0.045,target share up (19% -> 25% last 3),"",false
796,Javonte Williams,rec_yds,15.5,Tampa Bay Buccaneers @ Dallas Cowboys,1,DAL,RB,TB,true,28.5,17.1,14.1,1.137,12,"21, 5, 20, 31, 0",3/5,under,-120,betmgm,0.521,0.509,0.012,-0.045,role change (9 last season -> 19 this season); target share down (17% -> 11% last 3),"",false
797,Bryce Lance,anytime_td,0.5,Minnesota Vikings @ New Orleans Saints,3,NO,WR,MIN,true,19.5,0.1,3.4,0.92,4,"0, 0, 0, 0",0/4,over,700,fanduel,0.119,0.121,-0.002,-0.046,"","",true
798,Kenny Gainwell,rec_yds,12.5,Tampa Bay Buccaneers @ Dallas Cowboys,1,TB,RB,DAL,false,20.0,19.9,23.1,0.887,12,"22, 14, 5, 3, 64",3/5,over,-113,fanduel,0.506,0.5,0.006,-0.046,role change (29 last season -> 11 this season); fringe player line; target share up (4% -> 11% last 3),"",false
799,Michael Wilson,rec_yds,74.5,Detroit Lions @ Arizona Cardinals,1,ARI,WR,DET,true,24.5,88.7,75.6,1.148,12,"95, 89, 18, 56, 99",3/5,over,-125,betmgm,0.53,0.52,0.01,-0.046,target share up (19% -> 33% last 3),"",false
800,Jaxon Smith-Njigba,rec_yds,94.5,San Francisco 49ers @ Seattle Seahawks,1,SEA,WR,SF,true,24.2,102.2,108.2,0.927,12,"76, 128, 155, 122, 84",3/5,under,-114,fanduel,0.508,0.5,0.008,-0.046,target share down (46% -> 34% last 3),"",false
801,Quinshon Judkins,anytime_td,0.5,Cleveland Browns @ New York Jets,3,CLE,RB,NYJ,false,18.5,0.4,18.9,1.2,12,"1, 0, 0, 0, 0",1/5,over,155,draftkings,0.374,0.379,-0.006,-0.047,"","",false
802,Drake Maye,pass_yds,228.5,Las Vegas Raiders @ New England Patriots,1,NE,QB,LV,true,24.5,231.9,231.4,0.981,12,"269, 199, 208, 178, 191",1/5,under,-115,betmgm,0.51,0.5,0.01,-0.047,"","",false
803,Jayden Daniels,rush_yds,31.5,New York Giants @ Washington Commanders,1,WAS,QB,NYG,true,22.5,35.5,44.3,0.8,9,"69, 31, 16, 51, 35",3/5,under,-115,draftkings,0.51,0.506,0.003,-0.047,only 2 games this season,"",false
804,Drake Maye,rush_yds,31.5,Las Vegas Raiders @ New England Patriots,2,NE,QB,LV,true,24.5,34.5,31.8,1.062,12,"54, 18, 17, 47, 41",3/5,under,-113,draftkings,0.505,0.501,0.004,-0.047,"","",false
805,Drake London,rec_yds,80.5,Baltimore Ravens @ Atlanta Falcons,1,ATL,WR,BAL,true,23.2,98.7,90.2,1.085,12,"96, 194, 51, 29, 78",2/5,over,-114,fanduel,0.508,0.5,0.008,-0.047,target share up (21% -> 30% last 3),"",false
806,Amon-Ra St. Brown,receptions,7.5,Detroit Lions @ Arizona Cardinals,2,DET,WR,ARI,false,30.0,7.3,7.5,0.924,12,"8, 4, 9, 10, 11",4/5,under,-135,draftkings,0.548,0.543,0.004,-0.047,target share down (36% -> 27% last 3),"",false
807,Chris Godwin,rec_yds,31.5,Tampa Bay Buccaneers @ Dallas Cowboys,1,TB,WR,DAL,false,20.0,37.9,37.3,1.045,12,"31, 25, 46, 40, 8",2/5,over,-113,fanduel,0.506,0.5,0.006,-0.047,"","",false
808,Denzel Boston,anytime_td,0.5,Cleveland Browns @ New York Jets,3,CLE,WR,NYJ,false,18.5,0.3,5.6,0.92,4,"0, 0, 1, 1",2/4,over,225,betmgm,0.293,0.302,-0.009,-0.047,"","",false
809,Kyren Williams,anytime_td,0.5,Buffalo Bills @ Los Angeles Rams,3,LA,RB,BUF,true,28.8,0.9,19.8,1.2,12,"2, 0, 1, 1, 0",3/5,over,-170,fanduel,0.6,0.599,0.002,-0.047,"","",false
810,Jaxon Smith-Njigba,rec_yds,92.5,San Francisco 49ers @ Seattle Seahawks,1,SEA,WR,SF,true,24.2,102.2,108.2,0.927,12,"76, 128, 155, 122, 84",3/5,under,-111,draftkings,0.502,0.498,0.004,-0.047,target share down (46% -> 34% last 3),"",false
811,Isaiah Likely,anytime_td,0.5,New York Giants @ Washington Commanders,3,NYG,TE,WAS,false,19.0,0.3,7.0,1.2,12,"0, 0, 0, 2, 0",1/5,over,250,betmgm,0.272,0.271,0.001,-0.048,"","",false
812,Christian McCaffrey,rush_yds,51.5,San Francisco 49ers @ Seattle Seahawks,2,SF,RB,SEA,false,21.2,57.2,62.2,0.932,12,"52, 75, 23, 68, 23",3/5,under,-114,fanduel,0.507,0.5,0.007,-0.048,"","",false
813,Brenton Strange,anytime_td,0.5,Philadelphia Eagles @ Jacksonville Jaguars,3,JAX,TE,PHI,true,24.5,0.3,4.9,0.8,12,"0, 0, 0, 1, 1",2/5,over,290,draftkings,0.244,0.244,0.0,-0.048,"","",false
814,Bucky Irving,rush_yds,55.5,Tampa Bay Buccaneers @ Dallas Cowboys,1,TB,RB,DAL,false,20.0,59.8,60.1,1.024,12,"61, 46, 89, 45, 85",3/5,under,-114,draftkings,0.507,0.503,0.004,-0.048,"","",false
815,Kayshon Boutte,rec_yds,26.5,Houston Texans @ Tennessee Titans,1,HOU,WR,TEN,false,22.5,30.0,28.8,1.042,12,"36, 21, 37, 21, 24",2/5,over,-113,draftkings,0.505,0.502,0.003,-0.048,target share up (5% -> 11% last 3),"",false
816,Geno Smith,pass_yds,206.5,Cleveland Browns @ New York Jets,1,NYJ,QB,CLE,true,21.0,214.8,211.2,1.034,12,"119, 321, 247, 215, 176",3/5,under,-114,fanduel,0.507,0.5,0.007,-0.049,"","",false
817,Cam Skattebo,receptions,1.5,New York Giants @ Washington Commanders,1,NYG,RB,WAS,false,19.0,2.1,2.3,0.92,12,"1, 3, 4, 0, 1",2/5,under,152,fanduel,0.377,0.371,0.006,-0.049,"","",false
818,KaVontae Turpin,receptions,0.5,Tampa Bay Buccaneers @ Dallas Cowboys,2,DAL,WR,TB,true,28.5,0.7,0.7,0.907,12,"0, 1, 0, 1, 0",2/5,over,-105,draftkings,0.487,0.485,0.003,-0.049,role change (2 last season -> 0 this season); fringe player line,"",false
819,Aaron Rodgers,anytime_td,0.5,Indianapolis Colts @ Pittsburgh Steelers,3,PIT,QB,IND,true,23.5,0.1,1.5,1.133,12,"0, 0, 0, 0, 0",0/5,over,1200,betmgm,0.073,0.075,-0.002,-0.049,"","",true
820,Michael Mayer,anytime_td,0.5,Las Vegas Raiders @ New England Patriots,3,LV,TE,NE,false,21.0,0.2,5.6,0.8,12,"0, 1, 0, 0, 0",1/5,over,370,draftkings,0.202,0.205,-0.002,-0.049,"","",false
821,C.J. Stroud,pass_yds,239.5,Houston Texans @ Tennessee Titans,1,HOU,QB,TEN,false,22.5,256.3,262.5,0.976,12,"347, 167, 353, 274, 169",3/5,over,-114,fanduel,0.507,0.5,0.007,-0.049,"","",false
822,C.J. Stroud,pass_yds,245.5,Houston Texans @ Tennessee Titans,1,HOU,QB,TEN,false,22.5,256.3,262.5,0.976,12,"347, 167, 353, 274, 169",3/5,under,-113,draftkings,0.504,0.502,0.002,-0.05,"","",false
823,Drake Maye,pass_yds,226.5,Las Vegas Raiders @ New England Patriots,1,NE,QB,LV,true,24.5,231.9,231.4,0.981,12,"269, 199, 208, 178, 191",1/5,under,-114,fanduel,0.506,0.5,0.006,-0.05,"","",false
824,Christian Watson,rec_yds,57.5,Chicago Bears @ Green Bay Packers,1,GB,WR,CHI,true,21.5,67.6,72.7,0.94,12,"47, 96, 41, 147, 113",3/5,under,100,betmgm,0.475,0.465,0.01,-0.05,"","",false
825,Tyler Allgeier,receptions,1.5,Detroit Lions @ Arizona Cardinals,1,ARI,RB,DET,true,24.5,2.0,2.0,0.989,12,"2, 4, 2, 2, 1",4/5,over,-167,draftkings,0.594,0.591,0.003,-0.05,role change (1 last season -> 2 this season),"",false
826,Sione Vaki,anytime_td,0.5,Detroit Lions @ Arizona Cardinals,3,DET,RB,ARI,false,30.0,0.1,2.4,0.833,12,"0, 0, 0, 0, 0",0/5,over,700,draftkings,0.119,0.136,-0.017,-0.05,"","",true
827,Javonte Williams,rec_yds,14.5,Tampa Bay Buccaneers @ Dallas Cowboys,2,DAL,RB,TB,true,28.5,17.1,14.1,1.137,12,"21, 5, 20, 31, 0",3/5,over,-110,draftkings,0.497,0.498,-0.0,-0.05,role change (9 last season -> 19 this season); fringe player line; target share down (17% -> 11% last 3),"",false
828,Amon-Ra St. Brown,rec_yds,80.5,Detroit Lions @ Arizona Cardinals,1,DET,WR,ARI,false,30.0,90.4,80.1,1.041,12,"75, 19, 142, 67, 139",2/5,under,-114,draftkings,0.506,0.504,0.002,-0.05,target share down (36% -> 27% last 3),"",false
829,Sam Darnold,pass_yds,226.5,San Francisco 49ers @ Seattle Seahawks,1,SEA,QB,SF,true,24.2,236.4,239.9,0.967,12,"168, 379, 198, 147, 270",2/5,under,-115,betmgm,0.508,0.5,0.008,-0.051,only 2 games this season,"",false
830,Kalif Raymond,anytime_td,0.5,Chicago Bears @ Green Bay Packers,3,CHI,WR,GB,false,24.0,0.2,4.4,0.92,12,"0, 1, 0, 0, 0",1/5,over,425,draftkings,0.181,0.181,-0.0,-0.051,"","",true
831,Brevyn Spann-Ford,receptions,0.5,Tampa Bay Buccaneers @ Dallas Cowboys,1,DAL,TE,TB,true,28.5,0.8,0.7,1.092,12,"0, 1, 0, 2, 2",3/5,over,-137,draftkings,0.549,0.546,0.003,-0.051,fringe player line; target share down (7% -> 2% last 3),"",false
832,Wan'Dale Robinson,rec_yds,34.5,Houston Texans @ Tennessee Titans,1,TEN,WR,HOU,true,15.0,44.5,42.3,1.149,12,"19, 57, 9, 38, 113",3/5,over,-112,draftkings,0.501,0.5,0.001,-0.051,role change (63 last season -> 31 this season),"",false
833,Troy Franklin,receptions,1.5,Denver Broncos @ Los Angeles Chargers,2,DEN,WR,LAC,false,22.5,1.7,1.8,0.959,12,"1, 1, 0, 0, 4",1/5,over,-114,fanduel,0.506,0.503,0.003,-0.051,role change (4 last season -> 1 this season),"",false
834,Tre Tucker,rec_yds,38.5,Las Vegas Raiders @ New England Patriots,1,LV,WR,NE,false,21.0,47.6,48.9,0.989,12,"44, 43, 119, 27, 30",3/5,over,-114,draftkings,0.505,0.504,0.001,-0.051,"","",false
835,Pat Freiermuth,rec_yds,29.5,Indianapolis Colts @ Pittsburgh Steelers,1,PIT,TE,IND,true,23.5,32.1,31.8,0.999,12,"17, 30, 32, 46, 51",4/5,under,-115,betmgm,0.507,0.5,0.007,-0.052,"","",false
836,Michael Penix Jr.,pass_yds,216.5,Baltimore Ravens @ Atlanta Falcons,1,ATL,QB,BAL,true,23.2,224.3,224.5,0.991,11,"223, 256, 175, 177, 221",3/5,under,-112,draftkings,0.501,0.5,0.001,-0.052,only 2 games this season,"",false
837,Darnell Mooney,rec_yds,18.5,New York Giants @ Washington Commanders,1,NYG,WR,WAS,false,19.0,23.9,23.9,1.04,12,"0, 20, 48, 27, 20",4/5,over,-114,fanduel,0.505,0.5,0.005,-0.052,"","",false
838,Garrett Wilson,anytime_td,0.5,Cleveland Browns @ New York Jets,3,NYJ,WR,CLE,true,21.0,0.5,7.7,1.2,11,"0, 1, 1, 0, 0",2/5,over,150,betmgm,0.379,0.386,-0.007,-0.052,"","",false
839,J.K. Dobbins,rush_yds,49.5,Denver Broncos @ Los Angeles Chargers,1,DEN,RB,LAC,false,22.5,55.3,52.8,1.047,12,"40, 49, 36, 36, 77",1/5,over,-114,fanduel,0.505,0.5,0.005,-0.052,role change (77 last season -> 40 this season),"",false
840,Jahmyr Gibbs,anytime_td,0.5,Detroit Lions @ Arizona Cardinals,3,DET,RB,ARI,false,30.0,1.5,24.8,0.833,12,"1, 3, 1, 2, 1",5/5,over,-400,betmgm,0.758,0.752,0.006,-0.053,"","",false
841,Rome Odunze,anytime_td,0.5,Chicago Bears @ Green Bay Packers,3,CHI,WR,GB,false,24.0,0.3,5.8,0.92,12,"0, 0, 0, 0, 0",0/5,over,240,betmgm,0.279,0.281,-0.002,-0.053,"","",false
842,Jakobi Meyers,rec_yds,41.5,Philadelphia Eagles @ Jacksonville Jaguars,1,JAX,WR,PHI,true,24.5,47.3,44.9,1.029,12,"33, 64, 28, 40, 44",2/5,over,-114,fanduel,0.505,0.5,0.005,-0.053,target share up (10% -> 17% last 3),"",false
843,Kameron Johnson,anytime_td,0.5,Tampa Bay Buccaneers @ Dallas Cowboys,3,TB,WR,DAL,false,20.0,0.0,0.5,1.133,12,"0, 0, 0, 0, 0",0/5,over,2500,betmgm,0.036,0.041,-0.005,-0.053,"","",true
844,Brenton Strange,rec_yds,33.5,Philadelphia Eagles @ Jacksonville Jaguars,1,JAX,TE,PHI,true,24.5,42.3,46.1,0.898,12,"95, 32, 17, 23, 52",2/5,over,-114,fanduel,0.505,0.5,0.005,-0.053,target share up (14% -> 20% last 3),"",false
845,Brenton Strange,rec_yds,34.5,Philadelphia Eagles @ Jacksonville Jaguars,1,JAX,TE,PHI,true,24.5,42.3,46.1,0.898,12,"95, 32, 17, 23, 52",2/5,under,-113,draftkings,0.502,0.502,0.0,-0.053,target share up (14% -> 20% last 3),"",false
846,Jahan Dotson,rec_yds,19.5,Baltimore Ravens @ Atlanta Falcons,2,ATL,WR,BAL,true,23.2,24.7,22.5,1.085,12,"54, 11, 11, 19, 40",2/5,under,-114,draftkings,0.504,0.502,0.002,-0.053,"","",false
847,Efton Chism III,anytime_td,0.5,Las Vegas Raiders @ New England Patriots,3,NE,WR,LV,true,24.5,0.1,1.7,0.813,11,"1, 0, 0, 0, 1",2/5,over,550,draftkings,0.146,0.155,-0.009,-0.053,"","",true
848,Jakobi Meyers,rec_yds,42.5,Philadelphia Eagles @ Jacksonville Jaguars,1,JAX,WR,PHI,true,24.5,47.3,44.9,1.029,12,"33, 64, 28, 40, 44",2/5,under,-114,draftkings,0.504,0.504,0.0,-0.053,target share up (10% -> 17% last 3),"",false
849,Malik Washington,anytime_td,0.5,Cincinnati Bengals @ Miami Dolphins,3,MIA,WR,CIN,true,18.0,0.2,6.8,1.027,12,"0, 0, 0, 0, 1",1/5,over,320,draftkings,0.226,0.233,-0.007,-0.053,"","",false
850,Zay Flowers,anytime_td,0.5,Baltimore Ravens @ Atlanta Falcons,3,BAL,WR,ATL,false,20.2,0.4,7.5,0.92,12,"1, 0, 1, 2, 1",4/5,over,205,draftkings,0.31,0.316,-0.006,-0.054,"","",false
851,Jameson Williams,anytime_td,0.5,Detroit Lions @ Arizona Cardinals,3,DET,WR,ARI,false,30.0,0.4,6.7,1.2,12,"0, 0, 0, 0, 0",0/5,over,185,betmgm,0.332,0.329,0.003,-0.054,"","",false
852,Amon-Ra St. Brown,rec_yds,81.5,Detroit Lions @ Arizona Cardinals,1,DET,WR,ARI,false,30.0,90.4,80.1,1.041,12,"75, 19, 142, 67, 139",2/5,under,-115,betmgm,0.506,0.5,0.006,-0.054,target share down (36% -> 27% last 3),"",false
853,Tyler Allgeier,receptions,2.5,Detroit Lions @ Arizona Cardinals,1,ARI,RB,DET,true,24.5,2.0,2.0,0.989,12,"2, 4, 2, 2, 1",1/5,under,-220,fanduel,0.651,0.643,0.008,-0.054,role change (1 last season -> 2 this season),"",false
854,LeQuint Allen Jr.,anytime_td,0.5,Philadelphia Eagles @ Jacksonville Jaguars,3,JAX,RB,PHI,true,24.5,0.0,1.7,0.949,12,"0, 0, 0, 0, 0",0/5,over,1500,fanduel,0.059,0.066,-0.007,-0.054,"","",true
855,Dak Prescott,pass_yds,268.5,Tampa Bay Buccaneers @ Dallas Cowboys,1,DAL,QB,TB,true,28.5,277.7,269.6,0.966,12,"335, 276, 279, 175, 70",3/5,under,-113,fanduel,0.502,0.5,0.002,-0.054,"","",false
856,Mike Washington Jr.,rush_yds,23.5,Las Vegas Raiders @ New England Patriots,1,LV,RB,NE,false,21.0,28.8,29.5,0.99,4,"18, 54, 7, 41",2/4,under,-114,fanduel,0.503,0.5,0.003,-0.055,"","",false
857,Keleki Latu,anytime_td,0.5,Buffalo Bills @ Los Angeles Rams,2,BUF,TE,LA,false,25.8,0.0,0.4,0.8,6,"0, 0, 0, 0, 0",0/5,over,2500,draftkings,0.036,0.042,-0.006,-0.055,"","",true
858,Jaxon Smith-Njigba,rec_yds,93.5,San Francisco 49ers @ Seattle Seahawks,1,SEA,WR,SF,true,24.2,102.2,108.2,0.927,12,"76, 128, 155, 122, 84",3/5,under,-115,betmgm,0.506,0.5,0.006,-0.055,target share down (46% -> 34% last 3),"",false
859,Woody Marks,rush_yds,28.5,Houston Texans @ Tennessee Titans,1,HOU,RB,TEN,false,22.5,33.5,32.4,1.035,12,"22, 15, 8, 42, 48",2/5,under,-114,fanduel,0.503,0.5,0.003,-0.055,role change (44 last season -> 22 this season),"",false
860,Bucky Irving,rush_yds,53.5,Tampa Bay Buccaneers @ Dallas Cowboys,1,TB,RB,DAL,false,20.0,59.8,60.1,1.024,12,"61, 46, 89, 45, 85",3/5,over,-115,betmgm,0.505,0.5,0.005,-0.055,"","",false
861,Amon-Ra St. Brown,rec_yds,78.5,Detroit Lions @ Arizona Cardinals,1,DET,WR,ARI,false,30.0,90.4,80.1,1.041,12,"75, 19, 142, 67, 139",2/5,over,-114,fanduel,0.503,0.5,0.003,-0.056,target share down (36% -> 27% last 3),"",false
862,Woody Marks,rush_yds,27.5,Houston Texans @ Tennessee Titans,1,HOU,RB,TEN,false,22.5,33.5,32.4,1.035,12,"22, 15, 8, 42, 48",2/5,under,100,betmgm,0.472,0.465,0.007,-0.056,role change (44 last season -> 22 this season),"",false
863,Cooper Kupp,rec_yds,23.5,San Francisco 49ers @ Seattle Seahawks,1,SEA,WR,SF,true,24.2,26.2,27.8,0.927,12,"13, 46, 20, 35, 29",3/5,under,-114,fanduel,0.503,0.5,0.003,-0.056,"","",false
864,Keenan Allen,rec_yds,28.5,Indianapolis Colts @ Pittsburgh Steelers,2,IND,WR,PIT,false,21.0,33.2,34.0,0.993,12,"63, 5, 32, 36, 17",3/5,under,-114,fanduel,0.503,0.5,0.003,-0.056,"","",false
865,Michael Penix Jr.,pass_yds,218.5,Baltimore Ravens @ Atlanta Falcons,1,ATL,QB,BAL,true,23.2,224.3,224.5,0.991,11,"223, 256, 175, 177, 221",3/5,under,-115,betmgm,0.505,0.5,0.005,-0.056,only 2 games this season,"",false
866,Antonio Williams,anytime_td,0.5,New York Giants @ Washington Commanders,2,WAS,WR,NYG,true,22.5,0.3,5.0,1.133,4,"0, 0, 0, 1",1/4,over,330,draftkings,0.219,0.218,0.002,-0.056,"","",false
867,Brenton Strange,rec_yds,35.5,Philadelphia Eagles @ Jacksonville Jaguars,1,JAX,TE,PHI,true,24.5,42.3,46.1,0.898,12,"95, 32, 17, 23, 52",2/5,under,-118,betmgm,0.511,0.507,0.004,-0.056,target share up (14% -> 20% last 3),"",false
868,Cooper Kupp,rec_yds,22.5,San Francisco 49ers @ Seattle Seahawks,1,SEA,WR,SF,true,24.2,26.2,27.8,0.927,12,"13, 46, 20, 35, 29",3/5,over,-120,betmgm,0.515,0.51,0.005,-0.056,"","",false
869,Jaylen Waddle,anytime_td,0.5,Denver Broncos @ Los Angeles Chargers,3,DEN,WR,LAC,false,22.5,0.3,6.6,1.133,12,"1, 0, 0, 0, 0",1/5,over,210,betmgm,0.305,0.309,-0.004,-0.056,"","",false
870,Dak Prescott,pass_yds,270.5,Tampa Bay Buccaneers @ Dallas Cowboys,1,DAL,QB,TB,true,28.5,277.7,269.6,0.966,12,"335, 276, 279, 175, 70",3/5,under,-115,betmgm,0.505,0.5,0.005,-0.056,"","",false
871,Tre Tucker,rec_yds,39.5,Las Vegas Raiders @ New England Patriots,1,LV,WR,NE,false,21.0,47.6,48.9,0.989,12,"44, 43, 119, 27, 30",3/5,under,-114,fanduel,0.502,0.5,0.002,-0.057,"","",false
872,Jayden Daniels,rush_yds,30.5,New York Giants @ Washington Commanders,1,WAS,QB,NYG,true,22.5,35.5,44.3,0.8,9,"69, 31, 16, 51, 35",4/5,over,-114,fanduel,0.502,0.5,0.002,-0.058,only 2 games this season,"",false
873,Kyler Murray,anytime_td,0.5,Minnesota Vikings @ New Orleans Saints,3,MIN,QB,NO,false,22.0,0.2,4.2,0.8,8,"0, 0, 0, 1, 0",1/5,over,475,draftkings,0.164,0.167,-0.003,-0.058,"","",true
874,Amon-Ra St. Brown,receptions,6.5,Detroit Lions @ Arizona Cardinals,1,DET,WR,ARI,false,30.0,7.3,7.5,0.924,12,"8, 4, 9, 10, 11",4/5,over,-160,fanduel,0.58,0.575,0.004,-0.058,target share down (36% -> 27% last 3),"",false
875,Deebo Samuel,rec_yds,33.5,San Francisco 49ers @ Seattle Seahawks,1,SF,WR,SEA,false,21.2,38.1,44.9,0.861,12,"26, 80, 31, 48, 20",2/5,under,-115,betmgm,0.504,0.5,0.004,-0.058,target share down (21% -> 13% last 3),"",false
876,Gunnar Helm,anytime_td,0.5,Houston Texans @ Tennessee Titans,3,TEN,TE,HOU,true,15.0,0.1,3.1,0.8,12,"0, 0, 0, 0, 0",0/5,over,600,betmgm,0.134,0.147,-0.013,-0.059,"","",true
877,Courtland Sutton,anytime_td,0.5,Denver Broncos @ Los Angeles Chargers,3,DEN,WR,LAC,false,22.5,0.3,6.3,1.133,12,"0, 0, 0, 0, 0",0/5,over,225,betmgm,0.289,0.301,-0.012,-0.06,"","",false
878,Emeka Egbuka,receptions,2.5,Tampa Bay Buccaneers @ Dallas Cowboys,1,TB,WR,DAL,false,20.0,3.3,3.3,1.021,12,"2, 5, 3, 5, 1",3/5,over,-198,fanduel,0.625,0.62,0.004,-0.06,"","",false
879,Stefon Diggs,anytime_td,0.5,New York Giants @ Washington Commanders,3,WAS,WR,NYG,true,22.5,0.4,7.1,1.133,12,"0, 0, 2, 1, 0",2/5,over,185,draftkings,0.33,0.339,-0.009,-0.06,"","",false
880,Woody Marks,anytime_td,0.5,Houston Texans @ Tennessee Titans,3,HOU,RB,TEN,false,22.5,0.3,11.7,0.949,12,"1, 1, 0, 0, 0",2/5,over,230,fanduel,0.285,0.293,-0.008,-0.06,"","",false
881,Jahan Dotson,rec_yds,18.5,Baltimore Ravens @ Atlanta Falcons,1,ATL,WR,BAL,true,23.2,24.7,22.5,1.085,12,"54, 11, 11, 19, 40",3/5,over,-120,betmgm,0.512,0.509,0.003,-0.061,"","",false
882,Tony Pollard,rush_yds,48.5,Houston Texans @ Tennessee Titans,1,TEN,RB,HOU,true,15.0,54.2,63.5,0.932,12,"48, 74, 64, 35, 48",2/5,under,-118,betmgm,0.508,0.507,0.001,-0.061,"","",false
883,Jordan Whittington,receptions,0.5,Buffalo Bills @ Los Angeles Rams,1,LA,WR,BUF,true,28.8,0.9,0.9,1.064,12,"1, 1, 0, 0, 1",3/5,over,-180,fanduel,0.604,0.601,0.003,-0.061,line far from history: new role?; fringe player line; only 2 games this season,"",false
884,Harold Fannin Jr.,receptions,3.5,Cleveland Browns @ New York Jets,1,CLE,TE,NYJ,false,18.5,4.2,4.3,0.998,12,"3, 7, 5, 2, 2",2/5,over,-175,betmgm,0.597,0.594,0.002,-0.063,target share up (14% -> 22% last 3),"",false
885,Rachaad White,anytime_td,0.5,New York Giants @ Washington Commanders,3,WAS,RB,NYG,true,22.5,0.3,9.2,1.065,12,"1, 0, 0, 0, 0",1/5,over,215,draftkings,0.297,0.329,-0.032,-0.064,"","",false
886,Chris Godwin,rec_yds,32.5,Tampa Bay Buccaneers @ Dallas Cowboys,1,TB,WR,DAL,false,20.0,37.9,37.3,1.045,12,"31, 25, 46, 40, 8",2/5,under,-115,betmgm,0.501,0.5,0.001,-0.064,"","",false
887,C.J. Stroud,pass_yds,243.5,Houston Texans @ Tennessee Titans,1,HOU,QB,TEN,false,22.5,256.3,262.5,0.976,12,"347, 167, 353, 274, 169",3/5,over,-115,betmgm,0.5,0.5,0.0,-0.064,"","",false
888,Deebo Samuel,anytime_td,0.5,San Francisco 49ers @ Seattle Seahawks,3,SF,WR,SEA,false,21.2,0.3,6.1,0.813,12,"1, 1, 0, 1, 0",3/5,over,230,fanduel,0.283,0.284,-0.0,-0.065,"","",false
889,Keon Coleman,receptions,2.5,Buffalo Bills @ Los Angeles Rams,1,BUF,WR,LA,false,25.8,3.1,3.3,0.915,12,"6, 1, 6, 1, 2",2/5,over,-172,fanduel,0.592,0.59,0.001,-0.065,target share up (4% -> 17% last 3),"",false
890,Isaiah Williams,anytime_td,0.5,Cleveland Browns @ New York Jets,3,NYJ,WR,CLE,true,21.0,0.1,3.7,1.2,12,"1, 0, 0, 0, 0",1/5,over,500,betmgm,0.156,0.171,-0.016,-0.065,"","",true
891,Bucky Irving,anytime_td,0.5,Tampa Bay Buccaneers @ Dallas Cowboys,3,TB,RB,DAL,false,20.0,0.4,18.7,1.182,12,"0, 0, 0, 1, 0",1/5,over,200,betmgm,0.311,0.316,-0.005,-0.066,"","",false
892,Geno Smith,anytime_td,0.5,Cleveland Browns @ New York Jets,3,NYJ,QB,CLE,true,21.0,0.1,2.5,0.8,12,"0, 0, 0, 0, 0",0/5,over,900,draftkings,0.093,0.105,-0.011,-0.066,"","",true
893,Oronde Gadsden II,anytime_td,0.5,Denver Broncos @ Los Angeles Chargers,3,LAC,TE,DEN,true,19.0,0.2,4.2,0.994,12,"0, 0, 1, 0, 0",1/5,over,360,betmgm,0.203,0.211,-0.008,-0.067,"","",false
894,KC Concepcion,anytime_td,0.5,Cleveland Browns @ New York Jets,3,CLE,WR,NYJ,false,18.5,0.2,8.0,0.92,4,"0, 0, 0, 0",0/4,over,320,draftkings,0.222,0.228,-0.006,-0.068,"","",false
895,Olamide Zaccheaus,anytime_td,0.5,Baltimore Ravens @ Atlanta Falcons,3,ATL,WR,BAL,true,23.2,0.1,2.4,0.92,12,"0, 0, 0, 0, 0",0/5,over,900,fanduel,0.093,0.096,-0.003,-0.069,"","",true
896,Dontayvion Wicks,anytime_td,0.5,Philadelphia Eagles @ Jacksonville Jaguars,3,PHI,WR,JAX,false,17.0,0.2,4.5,0.8,12,"0, 0, 0, 1, 0",1/5,over,350,draftkings,0.207,0.223,-0.017,-0.07,"","",false
897,Bhayshul Tuten,anytime_td,0.5,Philadelphia Eagles @ Jacksonville Jaguars,3,JAX,RB,PHI,true,24.5,0.6,13.5,0.949,12,"0, 1, 1, 0, 1",3/5,over,-105,fanduel,0.475,0.481,-0.006,-0.072,"","",false
898,Samaje Perine,anytime_td,0.5,Cincinnati Bengals @ Miami Dolphins,3,CIN,RB,MIA,false,24.5,0.2,6.5,1.2,12,"0, 0, 0, 0, 0",0/5,over,370,fanduel,0.197,0.206,-0.009,-0.074,"","",false
899,Will Kacmarek,anytime_td,0.5,Cincinnati Bengals @ Miami Dolphins,3,MIA,TE,CIN,true,18.0,0.1,1.0,0.8,4,"0, 0, 0, 0",0/4,over,1300,draftkings,0.066,0.073,-0.007,-0.075,"","",true
900,Evan Engram,anytime_td,0.5,Denver Broncos @ Los Angeles Chargers,3,DEN,TE,LAC,false,22.5,0.1,3.6,0.8,12,"0, 0, 0, 1, 0",1/5,over,525,betmgm,0.148,0.159,-0.011,-0.076,"","",true
901,George Holani,anytime_td,0.5,San Francisco 49ers @ Seattle Seahawks,3,SEA,RB,SF,true,24.2,0.2,6.0,0.833,12,"0, 0, 0, 0, 0",0/5,over,310,fanduel,0.225,0.252,-0.027,-0.076,"","",false
902,Patrick Ricard,anytime_td,0.5,New York Giants @ Washington Commanders,2,NYG,RB,WAS,false,19.0,0.0,1.1,0.833,7,"0, 0, 0, 0, 0",0/5,over,2800,draftkings,0.032,0.032,-0.001,-0.077,only 2 games this season,"",true
903,Ashton Jeanty,anytime_td,0.5,Las Vegas Raiders @ New England Patriots,3,LV,RB,NE,false,21.0,0.6,24.0,0.949,12,"0, 0, 0, 2, 0",1/5,over,-115,fanduel,0.494,0.504,-0.01,-0.077,"","",false
904,Marvin Harrison Jr.,anytime_td,0.5,Detroit Lions @ Arizona Cardinals,3,ARI,WR,DET,true,24.5,0.2,4.0,1.133,12,"1, 0, 0, 0, 0",1/5,over,310,fanduel,0.225,0.233,-0.008,-0.078,"","",false
905,Christian McCaffrey,anytime_td,0.5,San Francisco 49ers @ Seattle Seahawks,3,SF,RB,SEA,false,21.2,0.8,20.0,0.949,12,"1, 1, 2, 0, 0",3/5,over,-140,draftkings,0.538,0.54,-0.002,-0.078,"","",false
906,Dalton Kincaid,anytime_td,0.5,Buffalo Bills @ Los Angeles Rams,3,BUF,TE,LA,false,25.8,0.3,4.1,0.8,12,"0, 0, 1, 0, 0",1/5,over,195,draftkings,0.312,0.323,-0.011,-0.08,"","",false
907,Darnell Mooney,anytime_td,0.5,New York Giants @ Washington Commanders,3,NYG,WR,WAS,false,19.0,0.1,3.4,1.2,12,"0, 0, 0, 0, 0",0/5,over,750,fanduel,0.108,0.121,-0.012,-0.08,"","",true
908,Puka Nacua,anytime_td,0.5,Buffalo Bills @ Los Angeles Rams,3,LA,WR,BUF,true,28.8,0.7,11.4,1.2,12,"1, 0, 1, 1, 2",4/5,over,-125,fanduel,0.511,0.517,-0.007,-0.081,only 2 games this season,"",false
909,Malik Nabers,anytime_td,0.5,New York Giants @ Washington Commanders,3,NYG,WR,WAS,false,19.0,0.3,6.8,1.2,8,"1, 0, 0, 0, 0",1/5,over,220,fanduel,0.287,0.296,-0.009,-0.082,"","",false
910,D'Andre Swift,anytime_td,0.5,Chicago Bears @ Green Bay Packers,3,CHI,RB,GB,false,24.0,0.7,18.3,1.2,12,"0, 0, 0, 3, 0",1/5,over,-135,draftkings,0.528,0.537,-0.01,-0.082,"","",false
911,Keon Coleman,anytime_td,0.5,Buffalo Bills @ Los Angeles Rams,3,BUF,WR,LA,false,25.8,0.3,4.3,1.2,12,"1, 0, 0, 0, 0",1/5,over,260,betmgm,0.255,0.261,-0.006,-0.083,"","",false
912,Kenyon Sadiq,anytime_td,0.5,Cleveland Browns @ New York Jets,3,NYJ,TE,CLE,true,21.0,0.3,4.8,1.191,4,"0, 1, 0, 1",2/4,over,260,fanduel,0.254,0.26,-0.005,-0.084,"","",false
913,Brevyn Spann-Ford,anytime_td,0.5,Tampa Bay Buccaneers @ Dallas Cowboys,3,DAL,TE,TB,true,28.5,0.1,1.1,1.191,12,"0, 0, 0, 0, 0",0/5,over,850,betmgm,0.096,0.107,-0.011,-0.084,"","",true
914,Kyle Pitts,anytime_td,0.5,Baltimore Ravens @ Atlanta Falcons,3,ATL,TE,BAL,true,23.2,0.2,4.1,0.994,12,"0, 0, 0, 0, 0",0/5,over,375,betmgm,0.193,0.202,-0.01,-0.085,"","",false
915,Britain Covey,anytime_td,0.5,Philadelphia Eagles @ Jacksonville Jaguars,3,PHI,WR,JAX,false,17.0,0.0,0.3,0.8,10,"0, 0, 0, 0, 0",0/5,over,2800,betmgm,0.032,0.04,-0.009,-0.085,"","",true
916,Germie Bernard,anytime_td,0.5,Indianapolis Colts @ Pittsburgh Steelers,3,PIT,WR,IND,true,23.5,0.1,3.4,1.027,3,"0, 0, 0",0/3,over,450,betmgm,0.166,0.182,-0.016,-0.085,"","",true
917,Eli Raridon,anytime_td,0.5,Las Vegas Raiders @ New England Patriots,3,NE,TE,LV,true,24.5,0.1,1.4,1.2,3,"0, 0, 1",1/3,over,600,betmgm,0.131,0.143,-0.012,-0.086,"","",true
918,Mike Evans,anytime_td,0.5,San Francisco 49ers @ Seattle Seahawks,3,SF,WR,SEA,false,21.2,0.3,6.5,0.813,12,"0, 1, 0, 1, 0",2/5,over,200,fanduel,0.305,0.31,-0.006,-0.086,"","",false
919,Luther Burden III,anytime_td,0.5,Chicago Bears @ Green Bay Packers,3,CHI,WR,GB,false,24.0,0.3,7.6,0.92,12,"0, 1, 0, 0, 0",1/5,over,230,draftkings,0.277,0.284,-0.007,-0.086,"","",false
920,Joe Burrow,anytime_td,0.5,Cincinnati Bengals @ Miami Dolphins,3,CIN,QB,MIA,false,24.5,0.1,2.4,1.133,12,"1, 0, 0, 0, 0",1/5,over,700,draftkings,0.114,0.116,-0.002,-0.087,"","",true
921,Tyler Shough,anytime_td,0.5,Minnesota Vikings @ New Orleans Saints,3,NO,QB,MIN,true,19.5,0.2,4.0,0.8,12,"0, 0, 1, 0, 1",2/5,over,325,betmgm,0.215,0.225,-0.011,-0.088,"","",false
922,Terry McLaurin,anytime_td,0.5,New York Giants @ Washington Commanders,3,WAS,WR,NYG,true,22.5,0.3,6.9,1.133,12,"1, 0, 0, 0, 0",1/5,over,185,draftkings,0.32,0.335,-0.015,-0.088,"","",false
923,Mitchell Tinsley,anytime_td,0.5,Cincinnati Bengals @ Miami Dolphins,2,CIN,WR,MIA,false,24.5,0.2,4.3,0.8,9,"0, 0, 0, 0, 1",1/5,over,300,draftkings,0.228,0.231,-0.004,-0.089,only 1 game this season,"",false
924,Blake Whiteheart,anytime_td,0.5,Cleveland Browns @ New York Jets,3,CLE,TE,NYJ,false,18.5,0.1,0.8,0.8,12,"0, 1, 0, 0, 0",1/5,over,1150,betmgm,0.073,0.082,-0.009,-0.09,"","",true
925,Keaton Mitchell,anytime_td,0.5,Denver Broncos @ Los Angeles Chargers,3,LAC,RB,DEN,true,19.0,0.2,9.0,1.065,12,"0, 1, 0, 0, 0",1/5,over,310,betmgm,0.222,0.236,-0.014,-0.09,"","",false
926,Jalen Hurts,anytime_td,0.5,Philadelphia Eagles @ Jacksonville Jaguars,3,PHI,QB,JAX,false,17.0,0.3,5.3,1.133,12,"0, 1, 0, 0, 0",1/5,over,210,draftkings,0.293,0.311,-0.018,-0.091,"","",false
927,Cole Kmet,anytime_td,0.5,Chicago Bears @ Green Bay Packers,3,CHI,TE,GB,false,24.0,0.1,2.2,0.994,12,"0, 0, 0, 1, 0",1/5,over,600,draftkings,0.129,0.134,-0.004,-0.094,"","",true
928,CeeDee Lamb,anytime_td,0.5,Tampa Bay Buccaneers @ Dallas Cowboys,3,DAL,WR,TB,true,28.5,0.6,11.0,0.92,12,"1, 0, 2, 1, 0",3/5,over,-111,betmgm,0.476,0.499,-0.023,-0.094,"","",false
929,Hunter Luepke,anytime_td,0.5,Tampa Bay Buccaneers @ Dallas Cowboys,3,DAL,RB,TB,true,28.5,0.1,2.0,0.8,12,"0, 0, 0, 0, 0",0/5,over,1050,betmgm,0.079,0.083,-0.004,-0.096,"","",true
930,Romeo Doubs,anytime_td,0.5,Las Vegas Raiders @ New England Patriots,3,NE,WR,LV,true,24.5,0.3,4.9,0.813,12,"2, 0, 0, 0, 0",1/5,over,175,betmgm,0.328,0.343,-0.015,-0.098,"","",false
931,Jerry Jeudy,anytime_td,0.5,Cleveland Browns @ New York Jets,3,CLE,WR,NYJ,false,18.5,0.1,3.9,0.92,12,"0, 0, 0, 0, 0",0/5,over,700,fanduel,0.113,0.121,-0.008,-0.099,"","",true
932,David Montgomery,anytime_td,0.5,Houston Texans @ Tennessee Titans,3,HOU,RB,TEN,false,22.5,0.5,11.4,0.949,12,"0, 0, 0, 3, 0",1/5,over,120,draftkings,0.409,0.421,-0.011,-0.099,"","",false
933,George Pickens,anytime_td,0.5,Tampa Bay Buccaneers @ Dallas Cowboys,3,DAL,WR,TB,true,28.5,0.4,7.0,0.92,12,"0, 0, 0, 0, 0",0/5,over,120,betmgm,0.409,0.438,-0.028,-0.099,"","",false
934,Brandin Cooks,anytime_td,0.5,San Francisco 49ers @ Seattle Seahawks,3,SF,WR,SEA,false,21.2,0.1,2.4,0.813,12,"0, 0, 0, 0, 0",0/5,over,900,betmgm,0.09,0.101,-0.011,-0.1,only 1 game this season,"",true
935,C.J. Stroud,anytime_td,0.5,Houston Texans @ Tennessee Titans,3,HOU,QB,TEN,false,22.5,0.1,2.6,0.8,12,"0, 0, 0, 0, 1",1/5,over,750,draftkings,0.106,0.113,-0.008,-0.1,"","",true
936,Parker Washington,anytime_td,0.5,Philadelphia Eagles @ Jacksonville Jaguars,3,JAX,WR,PHI,true,24.5,0.4,6.8,1.133,12,"0, 1, 0, 1, 1",3/5,over,150,betmgm,0.36,0.378,-0.018,-0.1,"","",false
937,Hunter Henry,anytime_td,0.5,Las Vegas Raiders @ New England Patriots,3,NE,TE,LV,true,24.5,0.3,4.3,1.2,12,"0, 0, 0, 0, 0",0/5,over,200,betmgm,0.3,0.32,-0.019,-0.1,"","",false
938,Chase Brown,anytime_td,0.5,Cincinnati Bengals @ Miami Dolphins,3,CIN,RB,MIA,false,24.5,0.6,20.3,1.2,12,"0, 0, 0, 1, 1",2/5,over,-150,betmgm,0.539,0.567,-0.028,-0.101,"","",false
939,Tyler Huntley,anytime_td,0.5,Baltimore Ravens @ Atlanta Falcons,2,BAL,QB,ATL,false,20.2,0.2,4.6,0.8,6,"0, 0, 0, 0, 0",0/5,over,475,draftkings,0.156,0.161,-0.005,-0.101,only 1 game this season,"",true
940,Jeremiyah Love,anytime_td,0.5,Detroit Lions @ Arizona Cardinals,3,ARI,RB,DET,true,24.5,0.5,17.3,1.065,4,"0, 1, 0, 1",2/4,over,-118,betmgm,0.486,0.519,-0.033,-0.102,"","",false
941,Jakobi Meyers,anytime_td,0.5,Philadelphia Eagles @ Jacksonville Jaguars,3,JAX,WR,PHI,true,24.5,0.2,5.4,1.133,12,"0, 1, 0, 1, 0",2/5,over,275,draftkings,0.239,0.251,-0.012,-0.102,"","",false
942,Jalon Daniels,anytime_td,0.5,Tampa Bay Buccaneers @ Dallas Cowboys,3,TB,QB,DAL,false,20.0,0.2,4.8,0.8,2,"0, 0",0/2,over,290,betmgm,0.23,0.252,-0.022,-0.104,only 2 games this season,"",false
943,Nick Kallerup,anytime_td,0.5,San Francisco 49ers @ Seattle Seahawks,2,SEA,TE,SF,true,24.2,0.0,0.2,0.8,4,"0, 0, 0, 0",0/4,over,4000,fanduel,0.022,0.026,-0.004,-0.104,only 0 games this season,"",true
944,Tai Felton,anytime_td,0.5,Minnesota Vikings @ New Orleans Saints,2,MIN,WR,NO,false,22.0,0.0,0.8,1.133,12,"0, 0, 0, 0, 0",0/5,over,1600,fanduel,0.053,0.06,-0.008,-0.106,only 2 games this season,"",true
945,TreVeyon Henderson,anytime_td,0.5,Las Vegas Raiders @ New England Patriots,2,NE,RB,LV,true,24.5,0.6,14.6,0.949,12,"0, 0, 1, 2, 0",2/5,over,-135,draftkings,0.514,0.536,-0.022,-0.106,"","",false
946,Bijan Robinson,anytime_td,0.5,Baltimore Ravens @ Atlanta Falcons,3,ATL,RB,BAL,true,23.2,0.8,25.2,1.065,12,"2, 2, 0, 1, 0",3/5,over,-230,fanduel,0.622,0.649,-0.028,-0.108,"","",false
947,Jacob Saylors,anytime_td,0.5,Detroit Lions @ Arizona Cardinals,3,DET,RB,ARI,false,30.0,0.0,0.0,0.833,12,"0, 0, 0, 0, 0",0/5,over,3300,fanduel,0.026,0.037,-0.011,-0.109,"","",true
948,Malachi Corley,anytime_td,0.5,Cleveland Browns @ New York Jets,3,CLE,WR,NYJ,false,18.5,0.0,0.9,0.92,12,"0, 0, 0, 0, 0",0/5,over,2000,betmgm,0.042,0.048,-0.006,-0.111,"","",true
949,Myles Price,anytime_td,0.5,Minnesota Vikings @ New Orleans Saints,2,MIN,WR,NO,false,22.0,0.0,0.8,1.133,12,"0, 0, 0, 0, 0",0/5,over,1600,fanduel,0.052,0.06,-0.008,-0.112,"","",true
950,Matthew Golden,anytime_td,0.5,Chicago Bears @ Green Bay Packers,3,GB,WR,CHI,true,21.5,0.2,7.3,0.92,12,"1, 1, 0, 0, 0",2/5,over,220,fanduel,0.278,0.304,-0.027,-0.112,"","",false
951,Ollie Gordon II,anytime_td,0.5,Cincinnati Bengals @ Miami Dolphins,3,MIA,RB,CIN,true,18.0,0.3,8.5,0.833,12,"1, 1, 0, 0, 0",2/5,over,165,betmgm,0.335,0.361,-0.026,-0.112,"","",false
952,Makai Lemon,anytime_td,0.5,Philadelphia Eagles @ Jacksonville Jaguars,3,PHI,WR,JAX,false,17.0,0.1,4.2,0.8,4,"0, 0, 0, 0",0/4,over,400,draftkings,0.177,0.198,-0.021,-0.113,"","",false
953,Cooper Kupp,anytime_td,0.5,San Francisco 49ers @ Seattle Seahawks,3,SEA,WR,SF,true,24.2,0.1,3.3,0.92,12,"0, 1, 0, 0, 0",1/5,over,380,betmgm,0.185,0.206,-0.022,-0.114,"","",false
954,Johnny Mundt,anytime_td,0.5,Philadelphia Eagles @ Jacksonville Jaguars,3,PHI,TE,JAX,false,17.0,0.0,1.4,0.994,12,"0, 0, 0, 0, 0",0/5,over,1100,draftkings,0.074,0.085,-0.011,-0.115,"","",true
955,DJ Moore,anytime_td,0.5,Buffalo Bills @ Los Angeles Rams,1,BUF,WR,LA,false,25.8,0.3,5.2,1.2,12,"0, 0, 0, 1, 0",1/5,over,180,betmgm,0.316,0.331,-0.015,-0.116,"","",false
956,Luke Farrell,anytime_td,0.5,San Francisco 49ers @ Seattle Seahawks,3,SF,TE,SEA,false,21.2,0.0,0.7,0.994,12,"0, 0, 0, 0, 0",0/5,over,1400,draftkings,0.059,0.064,-0.005,-0.117,"","",true
957,Treylon Burks,anytime_td,0.5,New York Giants @ Washington Commanders,2,WAS,WR,NYG,true,22.5,0.2,2.5,1.133,11,"1, 1, 0, 0, 0",2/5,over,380,draftkings,0.184,0.195,-0.011,-0.118,"","",false
958,Jalen Brooks,anytime_td,0.5,Detroit Lions @ Arizona Cardinals,3,ARI,WR,DET,true,24.5,0.0,0.6,1.133,8,"0, 0, 0, 0, 0",0/5,over,2500,draftkings,0.034,0.037,-0.003,-0.118,"","",true
959,Dont'e Thornton Jr.,anytime_td,0.5,Las Vegas Raiders @ New England Patriots,1,LV,WR,NE,false,21.0,0.1,2.5,1.133,11,"0, 0, 0, 0, 0",0/5,over,1000,draftkings,0.08,0.084,-0.004,-0.119,only 0 games this season,"",true
960,Khalil Shakir,anytime_td,0.5,Buffalo Bills @ Los Angeles Rams,3,BUF,WR,LA,false,25.8,0.2,5.8,1.2,12,"0, 0, 0, 0, 0",0/5,over,245,draftkings,0.255,0.274,-0.019,-0.12,"","",false
961,Tyler Badie,anytime_td,0.5,Denver Broncos @ Los Angeles Chargers,3,DEN,RB,LAC,false,22.5,0.1,3.0,1.065,12,"0, 0, 0, 0, 0",0/5,over,800,fanduel,0.098,0.112,-0.014,-0.12,"","",true
962,Josh Downs,anytime_td,0.5,Indianapolis Colts @ Pittsburgh Steelers,3,IND,WR,PIT,false,21.0,0.2,6.6,0.813,12,"0, 0, 0, 0, 0",0/5,over,230,draftkings,0.266,0.286,-0.02,-0.121,"","",false
963,Alvin Kamara,anytime_td,0.5,Minnesota Vikings @ New Orleans Saints,3,NO,RB,MIN,true,19.5,0.3,13.2,0.8,12,"2, 0, 0, 0, 0",1/5,over,165,betmgm,0.332,0.375,-0.044,-0.121,"","",false
964,Rhamondre Stevenson,anytime_td,0.5,Las Vegas Raiders @ New England Patriots,2,NE,RB,LV,true,24.5,0.6,13.8,0.949,12,"1, 0, 0, 0, 3",2/5,over,-140,fanduel,0.512,0.544,-0.032,-0.122,"","",false
965,Dak Prescott,anytime_td,0.5,Tampa Bay Buccaneers @ Dallas Cowboys,3,DAL,QB,TB,true,28.5,0.1,2.9,0.8,12,"0, 0, 0, 0, 0",0/5,over,500,draftkings,0.146,0.155,-0.009,-0.123,"","",true
966,Cade Otton,anytime_td,0.5,Tampa Bay Buccaneers @ Dallas Cowboys,3,TB,TE,DAL,false,20.0,0.1,5.7,1.191,12,"0, 0, 0, 0, 1",1/5,over,475,draftkings,0.153,0.162,-0.01,-0.123,"","",true
967,Tyson Bagent,anytime_td,0.5,Chicago Bears @ Green Bay Packers,3,CHI,QB,GB,false,24.0,0.1,1.8,0.8,4,"0, 0, 0, 0",0/4,over,650,betmgm,0.117,0.133,-0.016,-0.124,only 2 games this season,"",true
968,Dalton Schultz,anytime_td,0.5,Houston Texans @ Tennessee Titans,3,HOU,TE,TEN,false,22.5,0.2,5.9,0.994,12,"0, 0, 0, 0, 0",0/5,over,270,fanduel,0.237,0.263,-0.026,-0.124,"","",false
969,Charlie Kolar,anytime_td,0.5,Denver Broncos @ Los Angeles Chargers,1,LAC,TE,DEN,true,19.0,0.1,1.2,0.994,12,"0, 0, 0, 0, 0",0/5,over,850,betmgm,0.092,0.097,-0.006,-0.127,only 2 games this season,"",true
970,Jordan Addison,anytime_td,0.5,Minnesota Vikings @ New Orleans Saints,3,MIN,WR,NO,false,22.0,0.2,5.4,1.133,12,"0, 1, 0, 0, 0",1/5,over,230,betmgm,0.264,0.29,-0.025,-0.128,"","",false
971,Tre Harris,anytime_td,0.5,Denver Broncos @ Los Angeles Chargers,3,LAC,WR,DEN,true,19.0,0.1,4.8,0.92,12,"0, 0, 0, 0, 0",0/5,over,360,fanduel,0.189,0.216,-0.027,-0.13,"","",false
972,Drake London,anytime_td,0.5,Baltimore Ravens @ Atlanta Falcons,3,ATL,WR,BAL,true,23.2,0.4,7.3,0.92,12,"0, 0, 0, 0, 1",1/5,over,125,draftkings,0.386,0.418,-0.032,-0.132,"","",false
973,Najee Harris,anytime_td,0.5,New York Giants @ Washington Commanders,2,NYG,RB,WAS,false,19.0,0.1,7.2,0.833,6,"0, 0, 0, 0, 0",0/5,over,425,draftkings,0.165,0.177,-0.012,-0.132,"","",true
974,J.K. Dobbins,anytime_td,0.5,Denver Broncos @ Los Angeles Chargers,3,DEN,RB,LAC,false,22.5,0.3,14.2,1.065,12,"0, 0, 0, 0, 0",0/5,over,145,fanduel,0.354,0.383,-0.03,-0.133,"","",false
975,Chig Okonkwo,anytime_td,0.5,New York Giants @ Washington Commanders,3,WAS,TE,NYG,true,22.5,0.2,4.5,0.994,12,"0, 0, 0, 1, 1",2/5,over,330,fanduel,0.201,0.223,-0.021,-0.136,only 2 games this season,"",false
976,Josh Cuevas,anytime_td,0.5,Baltimore Ravens @ Atlanta Falcons,3,BAL,TE,ATL,false,20.2,0.0,0.5,1.191,2,"0, 0",0/2,over,1800,draftkings,0.045,0.054,-0.009,-0.139,only 2 games this season,"",true
977,Kendrick Bourne,anytime_td,0.5,Detroit Lions @ Arizona Cardinals,3,ARI,WR,DET,true,24.5,0.1,3.4,1.133,12,"0, 0, 0, 0, 0",0/5,over,550,draftkings,0.132,0.158,-0.025,-0.14,"","",true
978,DeMario Douglas,anytime_td,0.5,Las Vegas Raiders @ New England Patriots,3,NE,WR,LV,true,24.5,0.2,3.5,0.813,12,"0, 0, 0, 0, 0",0/5,over,320,fanduel,0.204,0.222,-0.018,-0.142,"","",false
979,Brian Thomas Jr,anytime_td,0.5,Philadelphia Eagles @ Jacksonville Jaguars,3,JAX,WR,PHI,true,24.5,0.1,4.0,1.133,12,"1, 0, 0, 0, 0",1/5,over,370,draftkings,0.182,0.201,-0.019,-0.144,"","",false
980,Jaylen Warren,anytime_td,0.5,Indianapolis Colts @ Pittsburgh Steelers,3,PIT,RB,IND,true,23.5,0.5,17.9,1.065,12,"0, 0, 0, 0, 0",0/5,over,-140,draftkings,0.498,0.548,-0.049,-0.146,"","",false
981,Dohnte Meyers,anytime_td,0.5,Cincinnati Bengals @ Miami Dolphins,3,CIN,WR,MIA,false,24.5,0.2,4.8,0.8,4,"0, 0, 0, 0",0/4,over,260,betmgm,0.237,0.266,-0.029,-0.146,"","",false
982,Ja'Marr Chase,anytime_td,0.5,Cincinnati Bengals @ Miami Dolphins,1,CIN,WR,MIA,false,24.5,0.4,8.2,0.8,12,"0, 1, 2, 0, 1",3/5,over,-111,betmgm,0.447,0.487,-0.04,-0.149,"","",false
983,Aaron Jones,anytime_td,0.5,Minnesota Vikings @ New Orleans Saints,3,MIN,RB,NO,false,22.0,0.4,21.1,1.2,12,"0, 0, 0, 1, 1",2/5,over,-120,fanduel,0.463,0.511,-0.048,-0.152,"","",false
984,Tyler Goodson,anytime_td,0.5,Tampa Bay Buccaneers @ Dallas Cowboys,3,DAL,RB,TB,true,28.5,0.1,3.0,0.8,12,"0, 0, 0, 0, 0",0/5,over,650,draftkings,0.113,0.123,-0.011,-0.154,only 2 games this season,"",true
985,Adonai Mitchell,anytime_td,0.5,Cleveland Browns @ New York Jets,1,NYJ,WR,CLE,true,21.0,0.2,7.1,1.2,12,"0, 0, 0, 0, 0",0/5,over,230,betmgm,0.256,0.281,-0.025,-0.156,only 2 games this season,"",false
986,Dyami Brown,anytime_td,0.5,New York Giants @ Washington Commanders,2,WAS,WR,NYG,true,22.5,0.1,3.1,1.133,12,"0, 0, 0, 0, 0",0/5,over,425,draftkings,0.161,0.187,-0.026,-0.156,"","",true
987,Skyy Moore,anytime_td,0.5,Chicago Bears @ Green Bay Packers,3,GB,WR,CHI,true,21.5,0.1,2.4,0.92,12,"0, 0, 0, 0, 0",0/5,over,550,betmgm,0.13,0.151,-0.022,-0.157,"","",true
988,Darnell Washington,anytime_td,0.5,Indianapolis Colts @ Pittsburgh Steelers,3,PIT,TE,IND,true,23.5,0.2,3.3,0.994,12,"1, 0, 0, 0, 0",1/5,over,333,betmgm,0.194,0.215,-0.021,-0.159,"","",false
989,Ladd McConkey,anytime_td,0.5,Denver Broncos @ Los Angeles Chargers,1,LAC,WR,DEN,true,19.0,0.2,4.1,0.92,12,"0, 0, 0, 1, 0",1/5,over,240,betmgm,0.247,0.272,-0.025,-0.16,"","",false
990,Emanuel Wilson,anytime_td,0.5,San Francisco 49ers @ Seattle Seahawks,3,SEA,RB,SF,true,24.2,0.4,14.1,0.833,12,"2, 0, 0, 0, 0",1/5,over,-115,fanduel,0.449,0.505,-0.056,-0.16,"","",false
991,Velus Jones Jr.,anytime_td,0.5,San Francisco 49ers @ Seattle Seahawks,2,SEA,WR,SF,true,24.2,0.0,1.1,0.92,5,"0, 0, 0, 0, 0",0/5,over,1600,draftkings,0.049,0.054,-0.005,-0.161,only 0 games this season,"",true
992,MarShawn Lloyd,anytime_td,0.5,Chicago Bears @ Green Bay Packers,3,GB,RB,CHI,true,21.5,0.3,10.1,0.833,4,"0, 0, 1, 0",1/4,over,125,betmgm,0.373,0.424,-0.052,-0.162,"","",false
993,Jaylen Wright,anytime_td,0.5,Cincinnati Bengals @ Miami Dolphins,3,MIA,RB,CIN,true,18.0,0.1,5.7,0.833,12,"0, 0, 0, 0, 0",0/5,over,280,betmgm,0.22,0.255,-0.036,-0.165,"","",false
994,Jordan Whittington,anytime_td,0.5,Buffalo Bills @ Los Angeles Rams,3,LA,WR,BUF,true,28.8,0.0,1.3,1.2,12,"0, 0, 0, 0, 0",0/5,over,1000,draftkings,0.076,0.089,-0.013,-0.169,only 2 games this season,"",true
995,Laquon Treadwell,anytime_td,0.5,Indianapolis Colts @ Pittsburgh Steelers,3,IND,WR,PIT,false,21.0,0.1,2.1,0.813,10,"0, 0, 0, 0, 0",0/5,over,600,draftkings,0.118,0.134,-0.016,-0.175,"","",true
996,Montorie Foster Jr.,anytime_td,0.5,San Francisco 49ers @ Seattle Seahawks,2,SEA,WR,SF,true,24.2,0.0,0.0,0.92,1,0,0/1,over,7000,fanduel,0.012,0.017,-0.005,-0.176,only 1 game this season,"",true
997,Rashid Shaheed,anytime_td,0.5,San Francisco 49ers @ Seattle Seahawks,3,SEA,WR,SF,true,24.2,0.1,4.1,0.92,12,"1, 0, 0, 0, 0",1/5,over,330,fanduel,0.191,0.221,-0.029,-0.177,"","",false
998,Chris Manhertz,anytime_td,0.5,New York Giants @ Washington Commanders,2,NYG,TE,WAS,false,19.0,0.0,0.3,1.2,5,"0, 0, 0, 0, 0",0/5,over,3000,fanduel,0.027,0.031,-0.004,-0.177,only 1 game this season,"",true
999,Jacob Cowing,anytime_td,0.5,San Francisco 49ers @ Seattle Seahawks,3,SF,WR,SEA,false,21.2,0.0,1.2,0.813,4,"0, 0, 0, 0",0/4,over,850,betmgm,0.087,0.103,-0.017,-0.178,"","",true
1000,Justin Jefferson,anytime_td,0.5,Minnesota Vikings @ New Orleans Saints,3,MIN,WR,NO,false,22.0,0.2,6.4,1.133,12,"0, 0, 2, 0, 0",1/5,over,165,draftkings,0.308,0.364,-0.056,-0.183,"","",false
1001,Dylan Laube,anytime_td,0.5,Las Vegas Raiders @ New England Patriots,3,LV,RB,NE,false,21.0,0.0,0.1,0.949,12,"0, 0, 0, 0, 0",0/5,over,3000,draftkings,0.026,0.037,-0.01,-0.184,"","",true
1002,Chris Brooks,anytime_td,0.5,Chicago Bears @ Green Bay Packers,2,GB,RB,CHI,true,21.5,0.1,4.7,0.833,12,"0, 0, 0, 0, 0",0/5,over,380,draftkings,0.17,0.202,-0.032,-0.186,"","",false
1003,LaJohntay Wester,anytime_td,0.5,Baltimore Ravens @ Atlanta Falcons,2,BAL,WR,ATL,false,20.2,0.0,0.6,0.92,12,"0, 0, 0, 0, 0",0/5,over,1900,draftkings,0.041,0.048,-0.007,-0.189,"","",true
1004,Tay Martin,anytime_td,0.5,Detroit Lions @ Arizona Cardinals,3,DET,WR,ARI,false,30.0,0.0,0.2,1.2,5,"0, 0, 0, 0, 0",0/5,over,3300,betmgm,0.024,0.029,-0.005,-0.193,"","",true
1005,Jordan Love,anytime_td,0.5,Chicago Bears @ Green Bay Packers,3,GB,QB,CHI,true,21.5,0.1,2.0,1.2,12,"0, 0, 0, 0, 0",0/5,over,800,draftkings,0.089,0.104,-0.014,-0.195,"","",true
1006,Treyton Welch,anytime_td,0.5,Minnesota Vikings @ New Orleans Saints,2,NO,TE,MIN,true,19.5,0.0,0.5,0.8,2,"0, 0",0/2,over,1700,draftkings,0.045,0.051,-0.007,-0.195,only 2 games this season,"",true
1007,Braelon Allen,anytime_td,0.5,Cleveland Browns @ New York Jets,3,NYJ,RB,CLE,true,21.0,0.3,9.1,0.8,8,"0, 0, 1, 0, 0",1/5,over,-105,draftkings,0.412,0.479,-0.067,-0.196,"","",false
1008,Riley Nowakowski,anytime_td,0.5,Indianapolis Colts @ Pittsburgh Steelers,3,PIT,FB,IND,true,23.5,0.0,0.0,1.0,1,0,0/1,over,4000,fanduel,0.02,0.028,-0.008,-0.197,only 1 game this season,"",true
1009,Reggie Gilliam,anytime_td,0.5,Las Vegas Raiders @ New England Patriots,2,NE,RB,LV,true,24.5,0.0,1.0,0.949,12,"0, 0, 0, 0, 0",0/5,over,1200,fanduel,0.061,0.074,-0.013,-0.204,only 1 game this season,"",true
1010,Brady Russell,anytime_td,0.5,San Francisco 49ers @ Seattle Seahawks,3,SEA,RB,SF,true,24.2,0.0,0.6,0.833,12,"0, 0, 0, 0, 0",0/5,over,2500,draftkings,0.03,0.036,-0.005,-0.208,"","",true
1011,Bauer Sharp,anytime_td,0.5,Tampa Bay Buccaneers @ Dallas Cowboys,3,TB,TE,DAL,false,20.0,0.0,0.0,1.191,3,"0, 0, 0",0/3,over,5000,draftkings,0.016,0.022,-0.007,-0.209,"","",true
1012,Nick Muse,anytime_td,0.5,Baltimore Ravens @ Atlanta Falcons,2,ATL,TE,BAL,true,23.2,0.0,0.0,0.994,2,"0, 0",0/2,over,2200,draftkings,0.034,0.049,-0.015,-0.21,only 2 games this season,"",true
1013,Colbie Young,anytime_td,0.5,Cincinnati Bengals @ Miami Dolphins,3,CIN,WR,MIA,false,24.5,0.0,1.0,0.8,2,"0, 0",0/2,over,475,draftkings,0.136,0.174,-0.038,-0.218,only 2 games this season,"",true
1014,Corey Kiner,anytime_td,0.5,Las Vegas Raiders @ New England Patriots,2,NE,RB,LV,true,24.5,0.1,3.6,0.949,8,"0, 0, 0, 0, 0",0/5,over,340,draftkings,0.177,0.215,-0.038,-0.219,"","",false
1015,Barion Brown,anytime_td,0.5,Minnesota Vikings @ New Orleans Saints,3,NO,WR,MIN,true,19.5,0.0,0.7,0.92,3,"0, 0, 0",0/3,over,1300,fanduel,0.056,0.07,-0.015,-0.219,"","",true
1016,Malik Benson,anytime_td,0.5,Las Vegas Raiders @ New England Patriots,2,LV,WR,NE,false,21.0,0.0,1.1,1.133,4,"0, 0, 0, 0",0/4,over,750,fanduel,0.092,0.112,-0.02,-0.219,"","",true
1017,Alex Bachman,anytime_td,0.5,Buffalo Bills @ Los Angeles Rams,3,LA,WR,BUF,true,28.8,0.0,0.2,1.2,12,"0, 0, 0, 0, 0",0/5,over,2700,fanduel,0.028,0.036,-0.008,-0.22,only 1 game this season,"",true
1018,Charlie Jones,anytime_td,0.5,New York Giants @ Washington Commanders,2,NYG,WR,WAS,false,19.0,0.0,0.1,1.2,12,"0, 0, 0, 0, 0",0/5,over,1900,draftkings,0.039,0.054,-0.015,-0.222,only 1 game this season,"",true
1019,Zavion Thomas,anytime_td,0.5,Chicago Bears @ Green Bay Packers,2,CHI,WR,GB,false,24.0,0.0,0.3,0.92,3,"0, 0, 0",0/3,over,1400,draftkings,0.051,0.066,-0.015,-0.228,"","",true
1020,Travis Homer,anytime_td,0.5,Indianapolis Colts @ Pittsburgh Steelers,2,PIT,RB,IND,true,23.5,0.0,1.0,1.065,11,"0, 0, 0, 0, 0",0/5,over,1100,draftkings,0.063,0.077,-0.014,-0.241,"","",true
1021,Kaleb Johnson,anytime_td,0.5,Chicago Bears @ Green Bay Packers,3,GB,RB,CHI,true,21.5,0.1,5.2,0.833,12,"0, 0, 0, 0, 0",0/5,over,190,fanduel,0.261,0.329,-0.068,-0.244,"","",false
1022,Teagan Quitoriano,anytime_td,0.5,Detroit Lions @ Arizona Cardinals,3,ATL,TE,BAL,true,23.2,0.0,0.0,0.994,2,"0, 0",0/2,over,2800,betmgm,0.026,0.037,-0.011,-0.245,only 0 games this season,"",true
1023,Isaiah Davis,anytime_td,0.5,Cleveland Browns @ New York Jets,3,NYJ,RB,CLE,true,21.0,0.1,2.2,0.8,12,"0, 0, 0, 0, 0",0/5,over,500,draftkings,0.126,0.156,-0.03,-0.246,"","",true
1024,Tom Kennedy,anytime_td,0.5,Detroit Lions @ Arizona Cardinals,3,DET,WR,ARI,false,30.0,0.0,0.1,1.2,10,"0, 0, 0, 0, 0",0/5,over,2200,draftkings,0.033,0.044,-0.011,-0.247,"","",true
1025,Roschon Johnson,anytime_td,0.5,Chicago Bears @ Green Bay Packers,2,CHI,RB,GB,false,24.0,0.0,1.6,1.2,8,"0, 0, 0, 0, 0",0/5,over,600,draftkings,0.107,0.132,-0.025,-0.252,only 2 games this season,"",true
1026,E.J. Jenkins,anytime_td,0.5,Philadelphia Eagles @ Jacksonville Jaguars,3,PHI,TE,JAX,false,17.0,0.0,0.0,0.994,3,"0, 0, 0",0/3,over,4000,draftkings,0.018,0.026,-0.008,-0.252,only 2 games this season,"",true
1027,Kaden Wetjen,anytime_td,0.5,Indianapolis Colts @ Pittsburgh Steelers,3,PIT,WR,IND,true,23.5,0.0,0.0,1.027,4,"0, 0, 0, 0",0/4,over,2200,draftkings,0.032,0.046,-0.014,-0.253,"","",true
1028,Will Shipley,anytime_td,0.5,Philadelphia Eagles @ Jacksonville Jaguars,3,PHI,RB,JAX,false,17.0,0.1,4.2,0.8,12,"0, 0, 0, 0, 0",0/5,over,265,draftkings,0.205,0.256,-0.051,-0.253,"","",false
1029,Eli Heidenreich,anytime_td,0.5,Indianapolis Colts @ Pittsburgh Steelers,2,PIT,RB,IND,true,23.5,0.0,0.0,1.065,2,"0, 0",0/2,over,2200,fanduel,0.032,0.046,-0.014,-0.262,only 2 games this season,"",true
1030,Hayden Rucci,anytime_td,0.5,Denver Broncos @ Los Angeles Chargers,3,LAC,TE,DEN,true,19.0,0.0,0.0,0.994,2,"0, 0",0/2,over,1800,draftkings,0.038,0.055,-0.016,-0.269,only 1 game this season,"",true
1031,Oscar Delp,anytime_td,0.5,Minnesota Vikings @ New Orleans Saints,2,NO,TE,MIN,true,19.5,0.0,0.5,0.8,2,"0, 0",0/2,over,600,fanduel,0.104,0.137,-0.034,-0.275,only 2 games this season,"",true
1032,Malik McClain,anytime_td,0.5,Cleveland Browns @ New York Jets,2,NYJ,WR,CLE,true,21.0,0.0,0.0,1.2,1,0,0/1,over,2700,fanduel,0.026,0.037,-0.011,-0.281,only 1 game this season,"",true
1033,Carsen Ryan,anytime_td,0.5,Cleveland Browns @ New York Jets,3,CLE,TE,NYJ,false,18.5,0.0,0.0,0.8,2,"0, 0",0/2,over,4500,draftkings,0.015,0.022,-0.007,-0.292,only 2 games this season,"",true
1034,Anthony Gould,anytime_td,0.5,Indianapolis Colts @ Pittsburgh Steelers,2,IND,WR,PIT,false,21.0,0.0,0.1,0.813,12,"0, 0, 0, 0, 0",0/5,over,1600,draftkings,0.041,0.056,-0.015,-0.302,"","",true
1035,Devin Duvernay,anytime_td,0.5,Detroit Lions @ Arizona Cardinals,2,ARI,WR,DET,true,24.5,0.0,0.1,1.133,12,"0, 0, 0, 0, 0",0/5,over,1700,draftkings,0.038,0.053,-0.015,-0.31,"","",true
1036,Cameron Latu,anytime_td,0.5,Las Vegas Raiders @ New England Patriots,2,NE,TE,LV,true,24.5,0.0,0.0,1.2,12,"0, 0, 0, 0, 0",0/5,over,1800,draftkings,0.036,0.052,-0.015,-0.314,"","",true
1037,Simi Fehoko,anytime_td,0.5,Detroit Lions @ Arizona Cardinals,2,ARI,WR,DET,true,24.5,0.0,0.0,1.133,10,"0, 0, 0, 0, 0",0/5,over,3000,draftkings,0.022,0.031,-0.009,-0.317,"","",true
1038,Ko Kieft,anytime_td,0.5,Tampa Bay Buccaneers @ Dallas Cowboys,2,TB,TE,DAL,false,20.0,0.0,0.0,1.191,3,"0, 0, 0",0/3,over,5000,fanduel,0.013,0.019,-0.006,-0.317,only 1 game this season,"",true
1039,Brayden Willis,anytime_td,0.5,San Francisco 49ers @ Seattle Seahawks,2,SF,TE,SEA,false,21.2,0.0,0.0,0.994,9,"0, 0, 0, 0, 0",0/5,over,1400,draftkings,0.045,0.064,-0.019,-0.319,"","",true
1040,Jamaal Pritchett,anytime_td,0.5,Cleveland Browns @ New York Jets,3,NYJ,WR,CLE,true,21.0,0.0,0.0,1.2,1,0,0/1,over,2800,draftkings,0.023,0.033,-0.01,-0.327,only 1 game this season,"",true
1041,Thomas Fidone,anytime_td,0.5,New York Giants @ Washington Commanders,2,NYG,TE,WAS,false,19.0,0.0,0.0,1.2,1,0,0/1,over,3000,draftkings,0.021,0.03,-0.009,-0.352,only 0 games this season,"",true
1042,Michael Carter,anytime_td,0.5,Houston Texans @ Tennessee Titans,1,PHI,CB,JAX,false,17.0,0.0,0.0,1.0,10,"0, 0, 0, 0, 0",0/5,over,4500,draftkings,0.014,0.02,-0.006,-0.352,"","",true
1043,Dean Connors,anytime_td,0.5,Buffalo Bills @ Los Angeles Rams,2,LA,RB,BUF,true,28.8,0.0,0.0,1.2,2,"0, 0",0/2,over,3000,draftkings,0.021,0.03,-0.009,-0.352,only 2 games this season,"",true
1044,Los Angeles Rams Defense,anytime_td,0.5,Buffalo Bills @ Los Angeles Rams,1,,,,,,,,,,,,,,,,,,,,"no stats match (rookie with no games, or name mismatch)",
1045,Pittsburgh Steelers Defense,anytime_td,0.5,Indianapolis Colts @ Pittsburgh Steelers,1,,,,,,,,,,,,,,,,,,,,"no stats match (rookie with no games, or name mismatch)",
1046,Tennessee Titans D/ST,anytime_td,0.5,Houston Texans @ Tennessee Titans,2,,,,,,,,,,,,,,,,,,,,"no stats match (rookie with no games, or name mismatch)",
1047,Cincinnati Bengals Defense,anytime_td,0.5,Cincinnati Bengals @ Miami Dolphins,1,,,,,,,,,,,,,,,,,,,,"no stats match (rookie with no games, or name mismatch)",
1048,Green Bay Packers Defense,anytime_td,0.5,Chicago Bears @ Green Bay Packers,1,,,,,,,,,,,,,,,,,,,,"no stats match (rookie with no games, or name mismatch)",
1049,Baltimore Ravens Defense,anytime_td,0.5,Baltimore Ravens @ Atlanta Falcons,1,,,,,,,,,,,,,,,,,,,,"no stats match (rookie with no games, or name mismatch)",
1050,Denver Broncos Defense,anytime_td,0.5,Denver Broncos @ Los Angeles Chargers,1,,,,,,,,,,,,,,,,,,,,"no stats match (rookie with no games, or name mismatch)",
1051,Jack Endries,anytime_td,0.5,Cincinnati Bengals @ Miami Dolphins,2,,,,,,,,,,,,,,,,,,,,"no stats match (rookie with no games, or name mismatch)",
1052,Indianapolis Colts Defense,anytime_td,0.5,Indianapolis Colts @ Pittsburgh Steelers,1,,,,,,,,,,,,,,,,,,,,"no stats match (rookie with no games, or name mismatch)",
1053,Dallas Cowboys D/ST,anytime_td,0.5,Tampa Bay Buccaneers @ Dallas Cowboys,2,,,,,,,,,,,,,,,,,,,,"no stats match (rookie with no games, or name mismatch)",
1054,Atlanta Falcons Defense,anytime_td,0.5,Baltimore Ravens @ Atlanta Falcons,1,,,,,,,,,,,,,,,,,,,,"no stats match (rookie with no games, or name mismatch)",
1055,Dallas Cowboys Defense,anytime_td,0.5,Tampa Bay Buccaneers @ Dallas Cowboys,1,,,,,,,,,,,,,,,,,,,,"no stats match (rookie with no games, or name mismatch)",
1056,Drew Ogletree,anytime_td,0.5,Indianapolis Colts @ Pittsburgh Steelers,2,,,,,,,,,,,,,,,,,,,,"no stats match (rookie with no games, or name mismatch)",
1057,Buffalo Bills D/ST,anytime_td,0.5,Buffalo Bills @ Los Angeles Rams,2,,,,,,,,,,,,,,,,,,,,"no stats match (rookie with no games, or name mismatch)",
1058,Pittsburgh Steelers D/ST,anytime_td,0.5,Indianapolis Colts @ Pittsburgh Steelers,2,,,,,,,,,,,,,,,,,,,,"no stats match (rookie with no games, or name mismatch)",
1059,New Orleans Saints Defense,anytime_td,0.5,Minnesota Vikings @ New Orleans Saints,1,,,,,,,,,,,,,,,,,,,,"no stats match (rookie with no games, or name mismatch)",
1060,Cleveland Browns Defense,anytime_td,0.5,Cleveland Browns @ New York Jets,1,,,,,,,,,,,,,,,,,,,,"no stats match (rookie with no games, or name mismatch)",
1061,Arizona Cardinals Defense,anytime_td,0.5,Detroit Lions @ Arizona Cardinals,1,,,,,,,,,,,,,,,,,,,,"no stats match (rookie with no games, or name mismatch)",
1062,CJ Daniels,anytime_td,0.5,Buffalo Bills @ Los Angeles Rams,2,,,,,,,,,,,,,,,,,,,,"no stats match (rookie with no games, or name mismatch)",
1063,Tanner Arkin,anytime_td,0.5,Las Vegas Raiders @ New England Patriots,2,,,,,,,,,,,,,,,,,,,,"no stats match (rookie with no games, or name mismatch)",
1064,New York Giants D/ST,anytime_td,0.5,New York Giants @ Washington Commanders,1,,,,,,,,,,,,,,,,,,,,"no stats match (rookie with no games, or name mismatch)",
1065,New York Jets Defense,anytime_td,0.5,Cleveland Browns @ New York Jets,1,,,,,,,,,,,,,,,,,,,,"no stats match (rookie with no games, or name mismatch)",
1066,Reggie Virgil,anytime_td,0.5,Detroit Lions @ Arizona Cardinals,2,,,,,,,,,,,,,,,,,,,,"no stats match (rookie with no games, or name mismatch)",
1067,Denver Broncos D/ST,anytime_td,0.5,Denver Broncos @ Los Angeles Chargers,2,,,,,,,,,,,,,,,,,,,,"no stats match (rookie with no games, or name mismatch)",
1068,Detroit Lions Defense,anytime_td,0.5,Detroit Lions @ Arizona Cardinals,1,,,,,,,,,,,,,,,,,,,,"no stats match (rookie with no games, or name mismatch)",
1069,Jacksonville Jaguars D/ST,anytime_td,0.5,Philadelphia Eagles @ Jacksonville Jaguars,2,,,,,,,,,,,,,,,,,,,,"no stats match (rookie with no games, or name mismatch)",
1070,Houston Texans D/ST,anytime_td,0.5,Houston Texans @ Tennessee Titans,2,,,,,,,,,,,,,,,,,,,,"no stats match (rookie with no games, or name mismatch)",
1071,Miami Dolphins D/ST,anytime_td,0.5,Cincinnati Bengals @ Miami Dolphins,1,,,,,,,,,,,,,,,,,,,,"no stats match (rookie with no games, or name mismatch)",
1072,San Francisco 49ers D/ST,anytime_td,0.5,San Francisco 49ers @ Seattle Seahawks,2,,,,,,,,,,,,,,,,,,,,"no stats match (rookie with no games, or name mismatch)",
1073,Dallen Bentley,anytime_td,0.5,Denver Broncos @ Los Angeles Chargers,2,,,,,,,,,,,,,,,,,,,,"no stats match (rookie with no games, or name mismatch)",
1074,Joshua Palmer,rec_yds,19.5,Buffalo Bills @ Los Angeles Rams,2,,,,,,,,,,,,,,,,,,,,"no stats match (rookie with no games, or name mismatch)",
1075,Philadelphia Eagles D/ST,anytime_td,0.5,Philadelphia Eagles @ Jacksonville Jaguars,2,,,,,,,,,,,,,,,,,,,,"no stats match (rookie with no games, or name mismatch)",
1076,Jacksonville Jaguars Defense,anytime_td,0.5,Philadelphia Eagles @ Jacksonville Jaguars,1,,,,,,,,,,,,,,,,,,,,"no stats match (rookie with no games, or name mismatch)",
1077,Los Angeles Chargers D/ST,anytime_td,0.5,Denver Broncos @ Los Angeles Chargers,2,,,,,,,,,,,,,,,,,,,,"no stats match (rookie with no games, or name mismatch)",
1078,Zonovan Knight,anytime_td,0.5,Detroit Lions @ Arizona Cardinals,1,,,,,,,,,,,,,,,,,,,,"no stats match (rookie with no games, or name mismatch)",
1079,Seattle Seahawks D/ST,anytime_td,0.5,San Francisco 49ers @ Seattle Seahawks,2,,,,,,,,,,,,,,,,,,,,"no stats match (rookie with no games, or name mismatch)",
1080,Miami Dolphins Defense,anytime_td,0.5,Cincinnati Bengals @ Miami Dolphins,1,,,,,,,,,,,,,,,,,,,,"no stats match (rookie with no games, or name mismatch)",
1081,Justin Joly,anytime_td,0.5,Cincinnati Bengals @ Miami Dolphins,2,,,,,,,,,,,,,,,,,,,,"no stats match (rookie with no games, or name mismatch)",
1082,Green Bay Packers D/ST,anytime_td,0.5,Chicago Bears @ Green Bay Packers,2,,,,,,,,,,,,,,,,,,,,"no stats match (rookie with no games, or name mismatch)",
1083,Detroit Lions D/ST,anytime_td,0.5,Detroit Lions @ Arizona Cardinals,2,,,,,,,,,,,,,,,,,,,,"no stats match (rookie with no games, or name mismatch)",
1084,Los Angeles Rams D/ST,anytime_td,0.5,Buffalo Bills @ Los Angeles Rams,2,,,,,,,,,,,,,,,,,,,,"no stats match (rookie with no games, or name mismatch)",
1085,New Orleans Saints D/ST,anytime_td,0.5,Minnesota Vikings @ New Orleans Saints,2,,,,,,,,,,,,,,,,,,,,"no stats match (rookie with no games, or name mismatch)",
1086,Baltimore Ravens D/ST,anytime_td,0.5,Baltimore Ravens @ Atlanta Falcons,2,,,,,,,,,,,,,,,,,,,,"no stats match (rookie with no games, or name mismatch)",
1087,Tennessee Titans Defense,anytime_td,0.5,Houston Texans @ Tennessee Titans,1,,,,,,,,,,,,,,,,,,,,"no stats match (rookie with no games, or name mismatch)",
1088,Cincinnati Bengals D/ST,anytime_td,0.5,Cincinnati Bengals @ Miami Dolphins,1,,,,,,,,,,,,,,,,,,,,"no stats match (rookie with no games, or name mismatch)",
1089,Cleveland Browns D/ST,anytime_td,0.5,Cleveland Browns @ New York Jets,2,,,,,,,,,,,,,,,,,,,,"no stats match (rookie with no games, or name mismatch)",
1090,Los Angeles Chargers Defense,anytime_td,0.5,Denver Broncos @ Los Angeles Chargers,1,,,,,,,,,,,,,,,,,,,,"no stats match (rookie with no games, or name mismatch)",
1091,Indianapolis Colts D/ST,anytime_td,0.5,Indianapolis Colts @ Pittsburgh Steelers,2,,,,,,,,,,,,,,,,,,,,"no stats match (rookie with no games, or name mismatch)",
1092,Chicago Bears Defense,anytime_td,0.5,Chicago Bears @ Green Bay Packers,1,,,,,,,,,,,,,,,,,,,,"no stats match (rookie with no games, or name mismatch)",
1093,Joshua Palmer,receptions,1.5,Buffalo Bills @ Los Angeles Rams,2,,,,,,,,,,,,,,,,,,,,"no stats match (rookie with no games, or name mismatch)",
1094,Max Klare,anytime_td,0.5,Buffalo Bills @ Los Angeles Rams,2,,,,,,,,,,,,,,,,,,,,"no stats match (rookie with no games, or name mismatch)",
1095,Tampa Bay Buccaneers D/ST,anytime_td,0.5,Tampa Bay Buccaneers @ Dallas Cowboys,2,,,,,,,,,,,,,,,,,,,,"no stats match (rookie with no games, or name mismatch)",
1096,James Jordan,anytime_td,0.5,San Francisco 49ers @ Seattle Seahawks,2,,,,,,,,,,,,,,,,,,,,"no stats match (rookie with no games, or name mismatch)",
1097,Buffalo Bills Defense,anytime_td,0.5,Buffalo Bills @ Los Angeles Rams,1,,,,,,,,,,,,,,,,,,,,"no stats match (rookie with no games, or name mismatch)",
1098,Atlanta Falcons D/ST,anytime_td,0.5,Baltimore Ravens @ Atlanta Falcons,2,,,,,,,,,,,,,,,,,,,,"no stats match (rookie with no games, or name mismatch)",
1099,New England Patriots D/ST,anytime_td,0.5,Las Vegas Raiders @ New England Patriots,2,,,,,,,,,,,,,,,,,,,,"no stats match (rookie with no games, or name mismatch)",
1100,Las Vegas Raiders D/ST,anytime_td,0.5,Las Vegas Raiders @ New England Patriots,2,,,,,,,,,,,,,,,,,,,,"no stats match (rookie with no games, or name mismatch)",
1101,Philadelphia Eagles Defense,anytime_td,0.5,Philadelphia Eagles @ Jacksonville Jaguars,1,,,,,,,,,,,,,,,,,,,,"no stats match (rookie with no games, or name mismatch)",
1102,Dameon Pierce,anytime_td,0.5,Philadelphia Eagles @ Jacksonville Jaguars,3,KC,,,,,,,,,,,,,,,,,,,team not on this week's slate (bye or traded?),
1103,Washington Commanders D/ST,anytime_td,0.5,New York Giants @ Washington Commanders,1,,,,,,,,,,,,,,,,,,,,"no stats match (rookie with no games, or name mismatch)",
1104,Seydou Traore,anytime_td,0.5,Cincinnati Bengals @ Miami Dolphins,3,,,,,,,,,,,,,,,,,,,,"no stats match (rookie with no games, or name mismatch)",
1105,CJ Williams,anytime_td,0.5,Philadelphia Eagles @ Jacksonville Jaguars,2,,,,,,,,,,,,,,,,,,,,"no stats match (rookie with no games, or name mismatch)",
1106,New York Jets D/ST,anytime_td,0.5,Cleveland Browns @ New York Jets,2,,,,,,,,,,,,,,,,,,,,"no stats match (rookie with no games, or name mismatch)",
1107,Chicago Bears D/ST,anytime_td,0.5,Chicago Bears @ Green Bay Packers,2,,,,,,,,,,,,,,,,,,,,"no stats match (rookie with no games, or name mismatch)",
1108,San Francisco 49ers Defense,anytime_td,0.5,San Francisco 49ers @ Seattle Seahawks,1,,,,,,,,,,,,,,,,,,,,"no stats match (rookie with no games, or name mismatch)",
1109,Washington Commanders Defense,anytime_td,0.5,New York Giants @ Washington Commanders,1,,,,,,,,,,,,,,,,,,,,"no stats match (rookie with no games, or name mismatch)",
1110,Houston Texans Defense,anytime_td,0.5,Houston Texans @ Tennessee Titans,1,,,,,,,,,,,,,,,,,,,,"no stats match (rookie with no games, or name mismatch)",
1111,Minnesota Vikings Defense,anytime_td,0.5,Minnesota Vikings @ New Orleans Saints,1,,,,,,,,,,,,,,,,,,,,"no stats match (rookie with no games, or name mismatch)",
1112,Seattle Seahawks Defense,anytime_td,0.5,San Francisco 49ers @ Seattle Seahawks,1,,,,,,,,,,,,,,,,,,,,"no stats match (rookie with no games, or name mismatch)",
1113,New York Giants Defense,anytime_td,0.5,New York Giants @ Washington Commanders,1,,,,,,,,,,,,,,,,,,,,"no stats match (rookie with no games, or name mismatch)",
1114,New England Patriots Defense,anytime_td,0.5,Las Vegas Raiders @ New England Patriots,1,,,,,,,,,,,,,,,,,,,,"no stats match (rookie with no games, or name mismatch)",
1115,Las Vegas Raiders Defense,anytime_td,0.5,Las Vegas Raiders @ New England Patriots,1,,,,,,,,,,,,,,,,,,,,"no stats match (rookie with no games, or name mismatch)",
1116,Tampa Bay Buccaneers Defense,anytime_td,0.5,Tampa Bay Buccaneers @ Dallas Cowboys,1,,,,,,,,,,,,,,,,,,,,"no stats match (rookie with no games, or name mismatch)",
1117,Tanner Koziol,anytime_td,0.5,Philadelphia Eagles @ Jacksonville Jaguars,3,,,,,,,,,,,,,,,,,,,,"no stats match (rookie with no games, or name mismatch)",
1118,Skyler Bell,anytime_td,0.5,Buffalo Bills @ Los Angeles Rams,3,,,,,,,,,,,,,,,,,,,,"no stats match (rookie with no games, or name mismatch)",
1119,Joshua Palmer,anytime_td,0.5,Buffalo Bills @ Los Angeles Rams,3,,,,,,,,,,,,,,,,,,,,"no stats match (rookie with no games, or name mismatch)",
1120,Arizona Cardinals D/ST,anytime_td,0.5,Detroit Lions @ Arizona Cardinals,2,,,,,,,,,,,,,,,,,,,,"no stats match (rookie with no games, or name mismatch)",
1121,Minnesota Vikings D/ST,anytime_td,0.5,Minnesota Vikings @ New Orleans Saints,2,,,,,,,,,,,,,,,,,,,,"no stats match (rookie with no games, or name mismatch)",
