rank,player,market,line,game,n_books,team,pos,opp,home,implied_total,proj,base_avg,opp_adj,n_games,last5,hit_last5,pick,odds,book,p_model,p_fair,edge,ev,flags,note,longshot
1,Bam Knight,anytime_td,0.5,Arizona Cardinals @ New York Giants,1,ARI,RB,NYG,false,23.5,0.3,8.1,1.108,12,"0, 0, 0, 1, 1",2/5,over,1600,fanduel,0.119,0.054,0.064,1.019,only 1 game this season; huge gap vs market: check news/role,"",true
2,Ja'Tavion Sanders,anytime_td,0.5,Detroit Lions @ Carolina Panthers,1,CAR,TE,DET,true,23.5,0.1,2.3,1.2,12,"1, 0, 0, 0, 0",1/5,over,4000,draftkings,0.048,0.023,0.025,0.971,only 0 games this season; huge gap vs market: check news/role,"",true
3,Jalen Tolbert,anytime_td,0.5,Miami Dolphins @ Minnesota Vikings,3,DAL,WR,HOU,false,22.8,0.1,2.7,1.2,12,"0, 0, 0, 0, 1",1/5,over,3500,betmgm,0.054,0.032,0.022,0.941,only 0 games this season,"",true
4,Connor Heyward,anytime_td,0.5,Kansas City Chiefs @ Las Vegas Raiders,3,LV,FB,KC,true,21.5,0.1,1.3,1.0,12,"0, 0, 0, 1, 0",1/5,over,2200,fanduel,0.082,0.061,0.021,0.886,"","",true
5,Sean Tucker,anytime_td,0.5,Green Bay Packers @ Tampa Bay Buccaneers,3,TB,RB,GB,true,17.8,0.3,6.2,1.2,12,"0, 0, 1, 1, 1",3/5,over,1200,draftkings,0.138,0.083,0.056,0.8,only 0 games this season,"",true
6,Alec Ingold,anytime_td,0.5,Los Angeles Chargers @ Seattle Seahawks,3,LAC,FB,SEA,false,17.8,0.1,1.5,1.0,12,"0, 0, 0, 0, 0",0/5,over,3300,fanduel,0.052,0.038,0.014,0.781,"","",true
7,Luke McCaffrey,anytime_td,0.5,Indianapolis Colts @ Washington Commanders,2,WAS,WR,IND,true,21.0,0.1,1.2,1.026,10,"0, 0, 0, 0, 1",1/5,over,3000,fanduel,0.054,0.038,0.016,0.684,only 1 game this season,"",true
8,Greg Dortch,anytime_td,0.5,New England Patriots @ Buffalo Bills,3,BUF,WR,NE,true,28.2,0.1,1.8,1.145,12,"0, 0, 0, 0, 1",1/5,over,2500,betmgm,0.064,0.041,0.023,0.667,"","",true
9,Devin Singletary,anytime_td,0.5,Arizona Cardinals @ New York Giants,2,NYG,RB,ARI,true,21.0,0.3,9.1,0.961,12,"0, 1, 1, 1, 0",3/5,over,1100,draftkings,0.138,0.081,0.058,0.66,only 2 games this season,"",true
10,Kimani Vidal,anytime_td,0.5,Los Angeles Chargers @ Seattle Seahawks,3,LAC,RB,SEA,false,17.8,0.2,8.1,0.814,12,"0, 0, 0, 0, 0",0/5,over,1700,fanduel,0.091,0.058,0.034,0.642,only 2 games this season,"",true
11,Elijah Moore,anytime_td,0.5,Los Angeles Rams @ Philadelphia Eagles,3,BUF,WR,NE,true,28.2,0.1,2.6,1.145,9,"0, 0, 0, 0, 0",0/5,over,2200,draftkings,0.066,0.05,0.016,0.529,only 0 games this season,"",true
12,Kylen Granson,anytime_td,0.5,Tennessee Titans @ Baltimore Ravens,2,PHI,TE,LA,true,19.5,0.1,1.1,0.861,12,"0, 0, 0, 0, 0",0/5,over,5000,draftkings,0.03,0.02,0.009,0.51,only 0 games this season,"",true
13,DJ Giddens,anytime_td,0.5,Indianapolis Colts @ Washington Commanders,2,IND,RB,WAS,false,25.5,0.1,5.6,0.8,5,"0, 0, 0, 0, 0",0/5,over,2000,fanduel,0.072,0.045,0.027,0.509,only 0 games this season,"",true
14,Jahdae Walker,anytime_td,0.5,New York Jets @ Chicago Bears,2,CHI,WR,NYJ,true,23.5,0.2,1.7,1.026,7,"1, 1, 0, 1, 0",3/5,over,1700,fanduel,0.082,0.055,0.027,0.476,only 1 game this season,"",true
15,Adam Prentice,anytime_td,0.5,Denver Broncos @ San Francisco 49ers,2,DEN,FB,SF,false,22.8,0.1,1.0,1.0,12,"0, 0, 0, 0, 0",0/5,over,2800,draftkings,0.051,0.036,0.015,0.473,only 2 games this season,"",true
16,Kirk Cousins,anytime_td,0.5,Kansas City Chiefs @ Las Vegas Raiders,3,LV,QB,KC,true,21.5,0.1,3.0,0.8,12,"0, 0, 0, 0, 0",0/5,over,1800,fanduel,0.077,0.056,0.021,0.472,"","",true
17,Corey Kiner,anytime_td,0.5,New England Patriots @ Buffalo Bills,3,NE,RB,BUF,false,21.2,0.1,4.7,1.2,7,"0, 0, 0, 0, 0",0/5,over,2200,fanduel,0.063,0.045,0.018,0.456,"","",true
18,Sam Roush,anytime_td,0.5,New York Jets @ Chicago Bears,3,CHI,TE,NYJ,true,23.5,0.1,1.9,0.8,2,"0, 0",0/2,over,1900,fanduel,0.071,0.057,0.014,0.43,only 2 games this season,"",true
19,David Martin-Robinson,anytime_td,0.5,Tennessee Titans @ Baltimore Ravens,3,TEN,TE,BAL,false,15.5,0.1,0.8,1.056,11,"0, 0, 0, 0, 0",0/5,over,4500,draftkings,0.031,0.023,0.008,0.419,only 0 games this season,"",true
20,Austin Ekeler,anytime_td,0.5,Indianapolis Colts @ Washington Commanders,2,WAS,RB,IND,true,21.0,0.3,10.6,1.2,2,"0, 0",0/2,over,850,draftkings,0.149,0.107,0.042,0.412,only 0 games this season,"",true
21,Marquez Valdes-Scantling,anytime_td,0.5,Los Angeles Chargers @ Seattle Seahawks,2,LAC,WR,SEA,false,17.8,0.1,3.2,0.906,10,"0, 0, 0, 0, 1",1/5,over,2000,draftkings,0.067,0.045,0.022,0.408,only 1 game this season,"",true
22,Nate Adkins,anytime_td,0.5,Denver Broncos @ San Francisco 49ers,2,DEN,TE,SF,false,22.8,0.2,2.0,0.8,9,"1, 1, 0, 0, 0",2/5,over,1300,draftkings,0.101,0.075,0.025,0.408,"","",true
23,Erick All,anytime_td,0.5,Jacksonville Jaguars @ Cincinnati Bengals,3,CIN,TE,JAX,true,27.0,0.2,3.0,0.861,1,0,0/1,over,1200,betmgm,0.108,0.08,0.028,0.399,only 1 game this season,"",true
24,Tory Horton,anytime_td,0.5,Los Angeles Chargers @ Seattle Seahawks,3,SEA,WR,LAC,true,24.8,0.3,2.9,1.026,9,"0, 2, 0, 0, 1",2/5,over,800,draftkings,0.155,0.109,0.046,0.399,only 1 game this season,"",true
25,Rasheen Ali,anytime_td,0.5,Tennessee Titans @ Baltimore Ravens,3,BAL,RB,TEN,true,27.0,0.0,0.9,0.961,12,"0, 0, 0, 0, 0",0/5,over,4000,draftkings,0.034,0.032,0.001,0.375,"","",true
26,Mitchell Tinsley,anytime_td,0.5,Jacksonville Jaguars @ Cincinnati Bengals,3,CIN,WR,JAX,true,27.0,0.2,3.2,0.8,8,"0, 0, 0, 1, 0",1/5,over,1050,betmgm,0.116,0.084,0.032,0.338,only 0 games this season,"",true
27,Andrew Beck,anytime_td,0.5,New York Jets @ Chicago Bears,3,NYJ,FB,CHI,false,20.0,0.1,0.8,1.0,12,"0, 1, 0, 0, 0",1/5,over,2800,draftkings,0.046,0.032,0.014,0.329,only 1 game this season,"",true
28,Josh Whyle,anytime_td,0.5,Green Bay Packers @ Tampa Bay Buccaneers,3,GB,TE,TB,false,20.8,0.1,1.0,1.056,6,"0, 0, 0, 0, 0",0/5,over,3000,fanduel,0.043,0.032,0.01,0.327,only 0 games this season,"",true
29,Theo Johnson,anytime_td,0.5,Arizona Cardinals @ New York Giants,3,NYG,TE,ARI,true,21.0,0.2,3.9,1.2,12,"0, 0, 0, 0, 0",0/5,over,850,draftkings,0.138,0.108,0.03,0.314,only 2 games this season,"",true
30,Ray Davis,anytime_td,0.5,New England Patriots @ Buffalo Bills,3,BUF,RB,NE,true,28.2,0.1,3.7,0.961,12,"0, 0, 1, 0, 0",1/5,over,1600,draftkings,0.076,0.067,0.009,0.292,Questionable (Hamstring); only 2 games this season,"",true
31,Jared Wayne,anytime_td,0.5,Dallas Cowboys @ Houston Texans,3,HOU,WR,DAL,true,25.8,0.2,3.9,1.026,4,"0, 0, 0, 0",0/4,over,1150,betmgm,0.103,0.084,0.019,0.286,"","",true
32,DJ Herman,anytime_td,0.5,Miami Dolphins @ Minnesota Vikings,3,MIA,RB,MIN,false,14.2,0.0,1.4,0.8,2,"0, 0",0/2,over,3000,draftkings,0.041,0.043,-0.002,0.283,only 2 games this season,"",true
33,Tyler Conklin,anytime_td,0.5,Detroit Lions @ Carolina Panthers,2,LAC,TE,SEA,false,17.8,0.1,1.7,1.056,6,"0, 0, 0, 0, 0",0/5,over,2200,draftkings,0.056,0.047,0.008,0.279,only 0 games this season,"",true
34,Travis Hunter,rec_yds,4.5,Jacksonville Jaguars @ Cincinnati Bengals,1,JAX,CB,CIN,false,24.5,20.8,20.4,1.0,10,"0, 0, 8, 101, 15",3/5,over,154,fanduel,0.5,0.371,0.129,0.27,role change (43 last season -> 3 this season); line far from history: new role?; fringe player line,"",false
35,Cade Stover,anytime_td,0.5,Dallas Cowboys @ Houston Texans,3,HOU,TE,DAL,true,25.8,0.1,2.5,1.2,7,"0, 0, 0, 0, 0",0/5,over,1500,fanduel,0.079,0.061,0.018,0.261,only 1 game this season,"",true
36,Darius Slayton,receptions,1.5,Indianapolis Colts @ Washington Commanders,2,NYG,WR,ARI,true,21.0,2.6,2.8,0.951,12,"4, 2, 1, 4, 2",4/5,over,168,fanduel,0.469,0.353,0.116,0.256,line far from history: new role?; only 0 games this season,"",false
37,Daniel Bellinger,anytime_td,0.5,Tennessee Titans @ Baltimore Ravens,3,TEN,TE,BAL,false,15.5,0.1,1.9,1.056,12,"0, 0, 0, 1, 0",1/5,over,1700,draftkings,0.07,0.059,0.011,0.256,"","",true
38,Jaylen Wright,receptions,0.5,Miami Dolphins @ Minnesota Vikings,1,MIA,RB,MIN,false,14.2,0.3,0.4,0.948,11,"0, 0, 2, 0, 1",2/5,under,182,fanduel,0.445,0.332,0.113,0.254,role change (1 last season -> 0 this season); fringe player line; only 2 games this season,"",false
39,Kene Nwangwu,anytime_td,0.5,New York Jets @ Chicago Bears,2,NYJ,RB,CHI,false,20.0,0.1,2.4,0.961,10,"0, 0, 0, 0, 0",0/5,over,2700,fanduel,0.044,0.037,0.007,0.232,only 0 games this season,"",true
40,Tai Felton,receptions,1.5,Miami Dolphins @ Minnesota Vikings,3,MIN,WR,MIA,true,24.2,0.2,0.2,0.971,12,"0, 0, 1, 1, 0",0/5,under,-112,fanduel,0.651,0.511,0.14,0.232,line far from history: new role?; only 1 game this season,"",false
41,Ameer Abdullah,anytime_td,0.5,Jacksonville Jaguars @ Cincinnati Bengals,3,JAX,RB,CIN,false,24.5,0.1,3.5,0.814,12,"0, 0, 0, 0, 0",0/5,over,1250,betmgm,0.091,0.085,0.006,0.232,"","",true
42,Tai Felton,rec_yds,11.5,Miami Dolphins @ Minnesota Vikings,1,MIN,WR,MIA,true,24.2,1.8,1.9,0.935,12,"0, 0, 6, 10, 0",0/5,under,-105,betmgm,0.63,0.48,0.151,0.231,line far from history: new role?; fringe player line; only 1 game this season; huge gap vs market: check news/role,"",false
43,Kevin Coleman Jr.,receptions,1.5,Miami Dolphins @ Minnesota Vikings,2,MIA,WR,MIN,false,14.2,0.5,0.5,1.03,2,"1, 0",0/2,under,108,fanduel,0.591,0.458,0.133,0.229,line far from history: new role?; only 2 games this season,"",false
44,Tyrone Tracy Jr.,anytime_td,0.5,Arizona Cardinals @ New York Giants,3,NYG,RB,ARI,true,21.0,0.2,8.6,0.961,12,"0, 0, 0, 1, 0",1/5,over,1050,betmgm,0.107,0.083,0.024,0.229,"","",true
45,Jalon Daniels,rush_yds,34.5,Green Bay Packers @ Tampa Bay Buccaneers,1,TB,QB,GB,true,17.8,6.9,9.0,0.812,1,9,0/1,under,-113,draftkings,0.651,0.502,0.149,0.228,line far from history: new role?; only 1 game this season,"",false
46,Braelon Allen,rush_yds,55.5,New York Jets @ Chicago Bears,2,NYJ,RB,CHI,false,20.0,19.1,19.4,1.014,7,"14, 7, 40, 26, 30",0/5,under,-110,draftkings,0.642,0.498,0.144,0.226,line far from history: new role?,"",false
47,Jalon Daniels,rush_yds,32.5,Green Bay Packers @ Tampa Bay Buccaneers,1,TB,QB,GB,true,17.8,6.9,9.0,0.812,1,9,0/1,under,-113,fanduel,0.65,0.5,0.15,0.225,line far from history: new role?; only 1 game this season,"",false
48,Tyson Bagent,rush_yds,14.5,New York Jets @ Chicago Bears,2,CHI,QB,NYJ,true,23.5,1.3,1.6,0.837,3,"0, 0, 7",0/3,under,-112,draftkings,0.647,0.5,0.147,0.225,line far from history: new role?; fringe player line; only 1 game this season,"",false
49,Tank Bigsby,anytime_td,0.5,Los Angeles Rams @ Philadelphia Eagles,3,PHI,RB,LA,true,19.5,0.2,6.5,0.8,12,"0, 1, 0, 1, 0",2/5,over,900,draftkings,0.122,0.094,0.028,0.224,"","",true
50,Kevin Coleman Jr.,rec_yds,16.5,Miami Dolphins @ Minnesota Vikings,1,MIA,WR,MIN,false,14.2,1.6,1.6,1.055,2,"3, 0",0/2,under,-113,fanduel,0.649,0.5,0.149,0.224,line far from history: new role?; only 2 games this season,"",false
51,Kevin Coleman Jr.,rec_yds,17.5,Miami Dolphins @ Minnesota Vikings,1,MIA,WR,MIN,false,14.2,1.6,1.6,1.055,2,"3, 0",0/2,under,-115,draftkings,0.654,0.506,0.148,0.222,line far from history: new role?; only 2 games this season,"",false
52,Braelon Allen,receptions,1.5,New York Jets @ Chicago Bears,3,NYJ,RB,CHI,false,20.0,1.1,1.2,0.897,7,"3, 1, 0, 0, 2",2/5,under,138,draftkings,0.514,0.427,0.087,0.222,role change (0 last season -> 1 this season),"",false
53,Tai Felton,rec_yds,13.5,Miami Dolphins @ Minnesota Vikings,2,MIN,WR,MIA,true,24.2,1.8,1.9,0.935,12,"0, 0, 6, 10, 0",0/5,under,-113,draftkings,0.647,0.501,0.146,0.219,line far from history: new role?; fringe player line; only 1 game this season,"",false
54,Payne Durham,anytime_td,0.5,Green Bay Packers @ Tampa Bay Buccaneers,3,TB,TE,GB,true,17.8,0.0,0.7,1.056,9,"0, 0, 0, 0, 0",0/5,over,4000,draftkings,0.03,0.028,0.002,0.217,only 1 game this season,"",true
55,Jalon Daniels,rush_yds,33.5,Green Bay Packers @ Tampa Bay Buccaneers,1,TB,QB,GB,true,17.8,6.9,9.0,0.812,1,9,0/1,under,-115,betmgm,0.65,0.5,0.15,0.215,line far from history: new role?; only 1 game this season,"",false
56,Braelon Allen,rush_yds,56.5,New York Jets @ Chicago Bears,1,NYJ,RB,CHI,false,20.0,19.1,19.4,1.014,7,"14, 7, 40, 26, 30",0/5,under,-113,fanduel,0.644,0.5,0.144,0.214,line far from history: new role?,"",false
57,Kevin Coleman Jr.,rec_yds,14.5,Miami Dolphins @ Minnesota Vikings,1,MIA,WR,MIN,false,14.2,1.6,1.6,1.055,2,"3, 0",0/2,under,-115,betmgm,0.649,0.5,0.149,0.213,line far from history: new role?; fringe player line; only 2 games this season,"",false
58,Ben Sinnott,anytime_td,0.5,Indianapolis Colts @ Washington Commanders,3,WAS,TE,IND,true,21.0,0.1,1.4,1.056,11,"0, 0, 0, 0, 0",0/5,over,1700,fanduel,0.067,0.061,0.006,0.212,only 2 games this season,"",true
59,Kaleb Johnson,rush_yds,30.5,Green Bay Packers @ Tampa Bay Buccaneers,1,GB,RB,TB,false,20.8,8.8,10.3,0.867,12,"6, 32, 0, 4, 4",1/5,under,-110,draftkings,0.634,0.496,0.139,0.211,role change (7 last season -> 13 this season); line far from history: new role?,"",false
60,Darius Slayton,rec_yds,13.5,Indianapolis Colts @ Washington Commanders,2,NYG,WR,ARI,true,21.0,38.6,37.8,1.04,12,"34, 36, 8, 53, 41",4/5,over,-113,draftkings,0.642,0.501,0.141,0.21,line far from history: new role?; fringe player line; only 0 games this season,"",false
61,Kirk Cousins,rush_yds,0.5,Kansas City Chiefs @ Las Vegas Raiders,2,LV,QB,KC,true,21.5,0.0,0.0,1.097,12,"3, 1, -6, 0, 1",3/5,under,-121,draftkings,0.662,0.521,0.141,0.209,role change (1 last season -> -1 this season); line far from history: new role?; fringe player line,"",false
62,Ty Johnson,rec_yds,10.5,New England Patriots @ Buffalo Bills,1,BUF,RB,NE,true,28.2,32.8,28.9,1.067,12,"50, 20, 33, 0, 15",4/5,over,-111,betmgm,0.635,0.493,0.142,0.208,line far from history: new role?; fringe player line; only 1 game this season,"",false
63,Chimere Dike,anytime_td,0.5,Tennessee Titans @ Baltimore Ravens,3,TEN,WR,BAL,false,15.5,0.1,2.6,0.906,12,"0, 0, 0, 0, 0",0/5,over,1600,draftkings,0.071,0.056,0.015,0.208,"","",true
64,Tanner Hudson,anytime_td,0.5,Jacksonville Jaguars @ Cincinnati Bengals,3,CIN,TE,JAX,true,27.0,0.1,1.9,0.861,12,"0, 0, 0, 0, 0",0/5,over,1200,draftkings,0.093,0.077,0.016,0.207,only 2 games this season,"",true
65,Dontayvion Wicks,receptions,3.5,Los Angeles Rams @ Philadelphia Eagles,3,PHI,WR,LA,true,19.5,2.4,2.6,0.932,12,"2, 5, 2, 1, 2",1/5,under,125,betmgm,0.537,0.433,0.104,0.207,"","",false
66,Kenny Gainwell,anytime_td,0.5,Green Bay Packers @ Tampa Bay Buccaneers,3,TB,RB,GB,true,17.8,0.3,9.6,1.2,12,"0, 0, 0, 1, 0",1/5,over,550,draftkings,0.186,0.155,0.031,0.206,"","",true
67,Braelon Allen,rec_yds,12.5,New York Jets @ Chicago Bears,1,NYJ,RB,CHI,false,20.0,4.3,4.0,1.089,7,"3, 8, 0, 0, 17",1/5,under,-109,draftkings,0.629,0.494,0.135,0.206,line far from history: new role?; fringe player line,"",false
68,George Holani,rush_yds,34.5,Los Angeles Chargers @ Seattle Seahawks,1,SEA,RB,LAC,true,24.8,14.3,13.3,1.044,12,"10, 13, 29, 6, 31",0/5,under,-111,draftkings,0.634,0.498,0.136,0.204,role change (7 last season -> 17 this season); line far from history: new role?,"",false
69,Kaleb Johnson,rush_yds,31.5,Green Bay Packers @ Tampa Bay Buccaneers,1,GB,RB,TB,false,20.8,8.8,10.3,0.867,12,"6, 32, 0, 4, 4",1/5,under,-113,fanduel,0.638,0.5,0.138,0.203,role change (7 last season -> 13 this season); line far from history: new role?,"",false
70,Marlin Klein,anytime_td,0.5,Dallas Cowboys @ Houston Texans,3,HOU,TE,DAL,true,25.8,0.1,1.0,1.2,1,0,0/1,over,2700,fanduel,0.043,0.035,0.008,0.201,only 1 game this season,"",true
71,Oronde Gadsden II,receptions,2.5,Los Angeles Chargers @ Seattle Seahawks,2,LAC,TE,SEA,false,17.8,1.6,1.7,0.966,12,"0, 2, 2, 2, 3",1/5,under,122,draftkings,0.541,0.433,0.107,0.2,role change (3 last season -> 1 this season),"",false
72,Tyson Bagent,rush_yds,13.5,New York Jets @ Chicago Bears,1,CHI,QB,NYJ,true,23.5,1.3,1.6,0.837,3,"0, 0, 7",0/3,under,-120,betmgm,0.654,0.51,0.144,0.199,line far from history: new role?; fringe player line; only 1 game this season,"",false
73,Ty Johnson,rec_yds,11.5,New England Patriots @ Buffalo Bills,1,BUF,RB,NE,true,28.2,32.8,28.9,1.067,12,"50, 20, 33, 0, 15",4/5,over,-113,fanduel,0.636,0.5,0.136,0.199,line far from history: new role?; fringe player line; only 1 game this season,"",false
74,George Holani,rush_yds,35.5,Los Angeles Chargers @ Seattle Seahawks,1,SEA,RB,LAC,true,24.8,14.3,13.3,1.044,12,"10, 13, 29, 6, 31",0/5,under,-113,fanduel,0.636,0.5,0.136,0.199,role change (7 last season -> 17 this season); line far from history: new role?,"",false
75,Keaton Mitchell,rec_yds,11.5,Los Angeles Chargers @ Seattle Seahawks,1,LAC,RB,SEA,false,17.8,3.4,3.6,1.004,12,"-5, 15, 0, 0, 7",1/5,under,-113,draftkings,0.634,0.502,0.132,0.195,line far from history: new role?; fringe player line,"",false
76,Makai Lemon,rec_yds,36.5,Los Angeles Rams @ Philadelphia Eagles,1,PHI,WR,LA,true,19.5,13.0,14.5,0.925,3,"29, 14, -5",0/3,under,-112,draftkings,0.631,0.5,0.131,0.195,line far from history: new role?,"",false
77,Adam Trautman,rec_yds,5.5,Denver Broncos @ San Francisco 49ers,2,DEN,TE,SF,false,22.8,16.1,16.2,0.991,12,"10, 24, 14, 17, 47",5/5,over,-105,draftkings,0.611,0.493,0.119,0.193,line far from history: new role?; fringe player line; only 1 game this season,"",false
78,Efton Chism III,anytime_td,0.5,New England Patriots @ Buffalo Bills,3,NE,WR,BUF,false,21.2,0.1,1.0,1.026,10,"0, 0, 0, 1, 0",1/5,over,2000,draftkings,0.057,0.056,0.001,0.192,only 2 games this season,"",true
79,Jordan Addison,receptions,4.5,Miami Dolphins @ Minnesota Vikings,3,MIN,WR,MIA,true,24.2,2.2,2.3,0.971,12,"5, 2, 0, 1, 0",1/5,under,-115,betmgm,0.636,0.514,0.123,0.19,line far from history: new role?,"",false
80,Nicholas Singleton,anytime_td,0.5,Tennessee Titans @ Baltimore Ravens,3,TEN,RB,BAL,false,15.5,0.1,4.0,1.108,1,0,0/1,over,1600,fanduel,0.07,0.059,0.011,0.189,only 1 game this season,"",true
81,Saquon Barkley,rec_yds,12.5,Los Angeles Rams @ Philadelphia Eagles,1,PHI,RB,LA,true,19.5,5.8,5.7,1.041,12,"-2, 11, -3, 0, 0",0/5,under,100,betmgm,0.594,0.465,0.129,0.188,role change (17 last season -> 2 this season); line far from history: new role?; fringe player line,"",false
82,Braelon Allen,rec_yds,11.5,New York Jets @ Chicago Bears,1,NYJ,RB,CHI,false,20.0,4.3,4.0,1.089,7,"3, 8, 0, 0, 17",1/5,under,-113,fanduel,0.63,0.5,0.13,0.188,line far from history: new role?; fringe player line,"",false
83,Ty Johnson,rec_yds,12.5,New England Patriots @ Buffalo Bills,1,BUF,RB,NE,true,28.2,32.8,28.9,1.067,12,"50, 20, 33, 0, 15",4/5,over,-115,draftkings,0.635,0.506,0.129,0.188,line far from history: new role?; fringe player line; only 1 game this season,"",false
84,Keaton Mitchell,rec_yds,10.5,Los Angeles Chargers @ Seattle Seahawks,1,LAC,RB,SEA,false,17.8,3.4,3.6,1.004,12,"-5, 15, 0, 0, 7",1/5,under,-113,fanduel,0.63,0.5,0.13,0.188,line far from history: new role?; fringe player line,"",false
85,Makai Lemon,rec_yds,35.5,Los Angeles Rams @ Philadelphia Eagles,2,PHI,WR,LA,true,19.5,13.0,14.5,0.925,3,"29, 14, -5",0/3,under,-113,fanduel,0.63,0.5,0.13,0.188,line far from history: new role?,"",false
86,Tory Horton,rec_yds,8.5,Los Angeles Chargers @ Seattle Seahawks,1,SEA,WR,LAC,true,24.8,30.4,29.0,1.022,9,"48, 48, 0, 0, 39",3/5,over,-115,betmgm,0.635,0.5,0.135,0.187,line far from history: new role?; fringe player line; only 1 game this season,"",false
87,Matthew Stafford,anytime_td,0.5,Los Angeles Rams @ Philadelphia Eagles,3,LA,QB,PHI,false,23.0,0.1,1.9,1.2,12,"0, 0, 0, 0, 0",0/5,over,2200,draftkings,0.051,0.047,0.005,0.183,"","",true
88,Kaleb Johnson,rush_yds,32.5,Green Bay Packers @ Tampa Bay Buccaneers,1,GB,RB,TB,false,20.8,8.8,10.3,0.867,12,"6, 32, 0, 4, 4",0/5,under,-120,betmgm,0.645,0.509,0.136,0.183,role change (7 last season -> 13 this season); line far from history: new role?,"",false
89,Braelon Allen,rec_yds,10.5,New York Jets @ Chicago Bears,1,NYJ,RB,CHI,false,20.0,4.3,4.0,1.089,7,"3, 8, 0, 0, 17",1/5,under,-110,betmgm,0.619,0.49,0.129,0.182,line far from history: new role?; fringe player line,"",false
90,Saquon Barkley,rec_yds,15.5,Los Angeles Rams @ Philadelphia Eagles,2,PHI,RB,LA,true,19.5,5.8,5.7,1.041,12,"-2, 11, -3, 0, 0",0/5,under,-113,draftkings,0.627,0.501,0.126,0.181,role change (17 last season -> 2 this season); line far from history: new role?,"",false
91,Makai Lemon,receptions,3.5,Los Angeles Rams @ Philadelphia Eagles,3,PHI,WR,LA,true,19.5,2.1,2.3,0.932,3,"3, 1, 3",0/3,under,-103,draftkings,0.598,0.498,0.1,0.18,"","",false
92,Cyrus Allen,anytime_td,0.5,Kansas City Chiefs @ Las Vegas Raiders,3,KC,WR,LV,false,26.0,0.1,1.0,0.8,1,0,0/1,over,2800,betmgm,0.041,0.036,0.004,0.18,only 1 game this season,"",true
93,Malik Willis,anytime_td,0.5,Miami Dolphins @ Minnesota Vikings,3,MIA,QB,MIN,false,14.2,0.3,5.9,0.8,7,"0, 0, 1, 2, 0",2/5,over,490,fanduel,0.199,0.176,0.024,0.176,"","",true
94,Keaton Mitchell,rec_yds,9.5,Los Angeles Chargers @ Seattle Seahawks,1,LAC,RB,SEA,false,17.8,3.4,3.6,1.004,12,"-5, 15, 0, 0, 7",1/5,under,-115,betmgm,0.627,0.5,0.127,0.173,line far from history: new role?; fringe player line,"",false
95,Matthew Hibner,anytime_td,0.5,Tennessee Titans @ Baltimore Ravens,3,BAL,TE,TEN,true,27.0,0.1,1.5,0.861,2,"1, 0",1/2,over,1050,betmgm,0.102,0.094,0.008,0.172,only 2 games this season,"",true
96,Troy Franklin,rec_yds,5.5,Denver Broncos @ San Francisco 49ers,2,DEN,WR,SF,false,22.8,24.0,24.8,0.962,12,"21, 27, 0, 0, 17",3/5,over,-113,draftkings,0.621,0.501,0.12,0.171,role change (42 last season -> 16 this season); line far from history: new role?; fringe player line,"",false
97,John Metchie III,anytime_td,0.5,Detroit Lions @ Carolina Panthers,3,CAR,WR,DET,true,23.5,0.2,4.0,1.026,12,"1, 0, 0, 0, 0",1/5,over,650,draftkings,0.156,0.141,0.015,0.171,only 2 games this season,"",true
98,Isaiah Davis,rush_yds,20.5,New York Jets @ Chicago Bears,1,NYJ,RB,CHI,false,20.0,10.6,10.8,1.014,12,"0, 0, 11, 8, 58",1/5,under,-107,draftkings,0.605,0.489,0.115,0.17,role change (15 last season -> 0 this season); line far from history: new role?; only 2 games this season,"",false
99,Josh Downs,receptions,6.5,Indianapolis Colts @ Washington Commanders,2,IND,WR,WAS,false,25.5,4.8,4.2,1.118,12,"5, 7, 2, 4, 2",1/5,under,111,draftkings,0.555,0.451,0.104,0.17,"","",false
100,Emari Demercado,anytime_td,0.5,Dallas Cowboys @ Houston Texans,2,DAL,RB,HOU,false,22.8,0.1,4.5,0.8,12,"0, 0, 0, 0, 0",0/5,over,1300,draftkings,0.083,0.075,0.008,0.169,only 2 games this season,"",true
101,Ollie Gordon II,rush_yds,24.5,Miami Dolphins @ Minnesota Vikings,2,MIA,RB,MIN,false,14.2,13.6,16.4,0.909,12,"41, 7, 9, 0, -1",1/5,under,-110,draftkings,0.611,0.503,0.108,0.166,role change (12 last season -> 24 this season); line far from history: new role?; only 2 games this season,"",false
102,Jordan Addison,rec_yds,63.5,Miami Dolphins @ Minnesota Vikings,1,MIN,WR,MIA,true,24.2,33.4,35.1,0.935,12,"90, 21, 0, 8, 0",1/5,under,-110,draftkings,0.611,0.496,0.115,0.166,line far from history: new role?,"",false
103,John Bates,anytime_td,0.5,Indianapolis Colts @ Washington Commanders,3,WAS,TE,IND,true,21.0,0.1,1.7,1.056,12,"0, 0, 1, 0, 0",1/5,over,1400,fanduel,0.078,0.072,0.005,0.166,only 2 games this season,"",true
104,Eric Saubert,anytime_td,0.5,Los Angeles Chargers @ Seattle Seahawks,3,SEA,TE,LAC,true,24.8,0.1,1.1,0.861,12,"1, 0, 0, 0, 0",1/5,over,1450,betmgm,0.075,0.075,0.0,0.165,"","",true
105,Tory Horton,rec_yds,10.5,Los Angeles Chargers @ Seattle Seahawks,1,SEA,WR,LAC,true,24.8,30.4,29.0,1.022,9,"48, 48, 0, 0, 39",3/5,over,-117,draftkings,0.628,0.509,0.119,0.165,line far from history: new role?; fringe player line; only 1 game this season,"",false
106,Jaylen Wright,rec_yds,5.5,Miami Dolphins @ Minnesota Vikings,1,MIA,RB,MIN,false,14.2,3.5,3.8,1.004,11,"0, 0, 17, 0, 18",2/5,under,100,fanduel,0.583,0.471,0.112,0.165,role change (5 last season -> 0 this season); fringe player line; only 2 games this season,"",false
107,Isaiah Davis,rush_yds,21.5,New York Jets @ Chicago Bears,2,NYJ,RB,CHI,false,20.0,10.6,10.8,1.014,12,"0, 0, 11, 8, 58",1/5,under,-113,fanduel,0.618,0.505,0.113,0.165,role change (15 last season -> 0 this season); line far from history: new role?; only 2 games this season,"",false
108,Darius Cooper,receptions,1.5,Los Angeles Rams @ Philadelphia Eagles,1,PHI,WR,LA,true,19.5,0.9,1.0,0.932,9,"0, 2, 0, 3, 1",2/5,under,125,betmgm,0.518,0.417,0.101,0.165,role change (2 last season -> 1 this season),"",false
109,Keon Coleman,rec_yds,12.5,New England Patriots @ Buffalo Bills,1,BUF,WR,NE,true,28.2,32.5,32.3,0.947,12,"37, 63, 1, 49, 16",4/5,over,-113,fanduel,0.617,0.5,0.117,0.163,line far from history: new role?; fringe player line,"",false
110,Matthew Golden,receptions,4.5,Green Bay Packers @ Tampa Bay Buccaneers,3,GB,WR,TB,false,20.8,3.2,3.4,0.942,12,"5, 4, 6, 1, 1",2/5,under,-101,draftkings,0.583,0.498,0.085,0.161,role change (2 last season -> 5 this season),"",false
111,Calvin Ridley,rec_yds,5.5,Tennessee Titans @ Baltimore Ravens,1,TEN,WR,BAL,false,15.5,28.7,29.5,1.053,9,"0, 35, 13, 18, 131",4/5,over,-113,fanduel,0.616,0.5,0.116,0.16,role change (43 last season -> 18 this season); line far from history: new role?; fringe player line; only 2 games this season,"",false
112,Laquon Treadwell,receptions,1.5,Indianapolis Colts @ Washington Commanders,3,IND,WR,WAS,false,25.5,1.0,0.9,1.118,9,"1, 3, 0, 0, 0",1/5,under,122,draftkings,0.522,0.429,0.093,0.16,role change (0 last season -> 1 this season),"",false
113,Jared Goff,rush_yds,1.5,Detroit Lions @ Carolina Panthers,2,DET,QB,CAR,false,27.0,4.9,3.9,1.2,12,"6, 7, 2, 0, 2",4/5,over,-103,draftkings,0.588,0.49,0.098,0.159,role change (3 last season -> 5 this season); line far from history: new role?; fringe player line,"",false
114,Darius Cooper,rec_yds,18.5,Los Angeles Rams @ Philadelphia Eagles,3,PHI,WR,LA,true,19.5,10.6,11.9,0.925,9,"0, 26, 0, 33, 4",2/5,under,-109,draftkings,0.605,0.498,0.107,0.159,role change (15 last season -> 9 this season); line far from history: new role?,"",false
115,Keon Coleman,rec_yds,13.5,New England Patriots @ Buffalo Bills,1,BUF,WR,NE,true,28.2,32.5,32.3,0.947,12,"37, 63, 1, 49, 16",4/5,over,-110,draftkings,0.607,0.496,0.111,0.158,line far from history: new role?; fringe player line,"",false
116,Tory Horton,rec_yds,11.5,Los Angeles Chargers @ Seattle Seahawks,1,SEA,WR,LAC,true,24.8,30.4,29.0,1.022,9,"48, 48, 0, 0, 39",3/5,over,-113,fanduel,0.614,0.5,0.114,0.157,line far from history: new role?; fringe player line; only 1 game this season,"",false
117,Jordan Addison,rec_yds,62.5,Miami Dolphins @ Minnesota Vikings,2,MIN,WR,MIA,true,24.2,33.4,35.1,0.935,12,"90, 21, 0, 8, 0",1/5,under,-113,fanduel,0.613,0.5,0.113,0.155,line far from history: new role?,"",false
118,Skyy Moore,rec_yds,17.5,Green Bay Packers @ Tampa Bay Buccaneers,2,GB,WR,TB,false,20.8,9.5,10.4,0.932,12,"31, 6, 0, 0, 0",1/5,under,-113,fanduel,0.612,0.503,0.109,0.153,role change (5 last season -> 12 this season); line far from history: new role?,"",false
119,Jaylen Wright,rush_yds,29.5,Miami Dolphins @ Minnesota Vikings,1,MIA,RB,MIN,false,14.2,17.4,21.1,0.909,11,"11, -1, 23, 56, 35",2/5,under,-108,draftkings,0.599,0.492,0.107,0.153,role change (32 last season -> 5 this season); line far from history: new role?; only 2 games this season,"",false
120,Colson Yankoff,anytime_td,0.5,Indianapolis Colts @ Washington Commanders,2,WAS,TE,IND,true,21.0,0.0,0.8,1.056,12,"0, 0, 0, 0, 0",0/5,over,3000,fanduel,0.037,0.035,0.002,0.152,"","",true
121,Keon Coleman,receptions,1.5,New England Patriots @ Buffalo Bills,3,BUF,WR,NE,true,28.2,2.7,2.6,1.03,12,"1, 6, 1, 2, 2",3/5,over,110,betmgm,0.548,0.457,0.091,0.151,line far from history: new role?,"",false
122,Jaylen Wright,rec_yds,6.5,Miami Dolphins @ Minnesota Vikings,2,MIA,RB,MIN,false,14.2,3.5,3.8,1.004,11,"0, 0, 17, 0, 18",2/5,under,-115,betmgm,0.615,0.505,0.11,0.15,role change (5 last season -> 0 this season); line far from history: new role?; fringe player line; only 2 games this season,"",false
123,Tory Horton,receptions,1.5,Los Angeles Chargers @ Seattle Seahawks,2,SEA,WR,LAC,true,24.8,2.1,2.1,0.991,9,"3, 4, 0, 0, 3",3/5,over,154,draftkings,0.453,0.379,0.074,0.15,only 1 game this season,"",false
124,Ollie Gordon II,rec_yds,6.5,Miami Dolphins @ Minnesota Vikings,1,MIA,RB,MIN,false,14.2,3.8,4.1,1.004,12,"14, 0, 2, 0, 0",1/5,under,-111,draftkings,0.605,0.498,0.107,0.149,role change (2 last season -> 7 this season); line far from history: new role?; fringe player line; only 2 games this season,"",false
125,Tyler Warren,rec_yds,54.5,Indianapolis Colts @ Washington Commanders,1,IND,TE,WAS,false,25.5,36.8,32.4,1.098,12,"55, 21, 13, 26, 43",1/5,under,-110,draftkings,0.602,0.496,0.106,0.149,"","",false
126,Isaac TeSlaa,anytime_td,0.5,Detroit Lions @ Carolina Panthers,3,DET,WR,CAR,false,27.0,0.3,2.9,0.8,12,"0, 0, 0, 0, 1",1/5,over,475,draftkings,0.2,0.17,0.03,0.148,"","",true
127,Isaiah Davis,receptions,1.5,New York Jets @ Chicago Bears,3,NYJ,RB,CHI,false,20.0,0.7,0.8,0.897,12,"0, 0, 1, 4, 1",1/5,under,-120,betmgm,0.625,0.525,0.099,0.145,role change (1 last season -> 0 this season); line far from history: new role?; only 2 games this season,"",false
128,Tyler Warren,rec_yds,55.5,Indianapolis Colts @ Washington Commanders,1,IND,TE,WAS,false,25.5,36.8,32.4,1.098,12,"55, 21, 13, 26, 43",0/5,under,-113,fanduel,0.607,0.5,0.107,0.144,"","",false
129,Ryan Miller,rec_yds,3.5,Miami Dolphins @ Minnesota Vikings,1,MIA,WR,MIN,false,14.2,20.3,21.2,1.055,11,"15, 77, 0, 0, 0",2/5,over,-114,draftkings,0.61,0.504,0.105,0.144,role change (4 last season -> 46 this season); line far from history: new role?; fringe player line; only 2 games this season,"",false
130,Oronde Gadsden II,rec_yds,28.5,Los Angeles Chargers @ Seattle Seahawks,1,LAC,TE,SEA,false,17.8,16.4,20.7,0.838,12,"0, 18, 32, 23, 32",2/5,under,-115,draftkings,0.611,0.506,0.105,0.143,role change (44 last season -> 17 this season); line far from history: new role?,"",false
131,Ollie Gordon II,rush_yds,23.5,Miami Dolphins @ Minnesota Vikings,1,MIA,RB,MIN,false,14.2,13.6,16.4,0.909,12,"41, 7, 9, 0, -1",1/5,under,-113,fanduel,0.606,0.5,0.106,0.142,role change (12 last season -> 24 this season); line far from history: new role?; only 2 games this season,"",false
132,Jonnu Smith,rec_yds,5.5,Green Bay Packers @ Tampa Bay Buccaneers,1,GB,TE,TB,false,20.8,19.1,18.4,1.057,12,"16, 50, 2, 18, 0",3/5,over,-121,draftkings,0.625,0.519,0.106,0.142,role change (13 last season -> 33 this season); line far from history: new role?; fringe player line; only 2 games this season,"",false
133,Chuba Hubbard,rush_yds,62.5,Detroit Lions @ Carolina Panthers,1,CAR,RB,DET,true,23.5,46.5,46.7,0.983,12,"82, 53, 49, 10, 12",1/5,under,105,betmgm,0.557,0.455,0.101,0.141,role change (34 last season -> 61 this season),"",false
134,Skyy Moore,receptions,1.5,Green Bay Packers @ Tampa Bay Buccaneers,3,GB,WR,TB,false,20.8,1.1,1.2,0.942,12,"3, 2, 0, 0, 0",2/5,under,115,betmgm,0.53,0.454,0.075,0.139,role change (0 last season -> 2 this season),"",false
135,Oronde Gadsden II,rec_yds,27.5,Los Angeles Chargers @ Seattle Seahawks,1,LAC,TE,SEA,false,17.8,16.4,20.7,0.838,12,"0, 18, 32, 23, 32",2/5,under,-113,fanduel,0.604,0.5,0.104,0.139,role change (44 last season -> 17 this season); line far from history: new role?,"",false
136,Troy Franklin,anytime_td,0.5,Denver Broncos @ San Francisco 49ers,2,DEN,WR,SF,false,22.8,0.2,3.0,0.906,12,"0, 0, 0, 0, 0",0/5,over,1000,fanduel,0.103,0.086,0.017,0.137,"","",true
137,Malik Washington,rush_yds,4.5,Miami Dolphins @ Minnesota Vikings,1,MIA,WR,MIN,false,14.2,3.4,4.7,0.8,12,"5, 4, 0, 22, 1",2/5,under,-102,draftkings,0.574,0.478,0.096,0.136,role change (6 last season -> 3 this season); fringe player line,"",false
138,Malik Washington,rush_yds,5.5,Miami Dolphins @ Minnesota Vikings,1,MIA,WR,MIN,false,14.2,3.4,4.7,0.8,12,"5, 4, 0, 22, 1",1/5,under,-113,fanduel,0.602,0.5,0.102,0.135,role change (6 last season -> 3 this season); fringe player line,"",false
139,Jaylen Wright,rush_yds,27.5,Miami Dolphins @ Minnesota Vikings,2,MIA,RB,MIN,false,14.2,17.4,21.1,0.909,11,"11, -1, 23, 56, 35",2/5,under,-111,betmgm,0.597,0.495,0.101,0.135,role change (32 last season -> 5 this season); only 2 games this season,"",false
140,Ian Thomas,anytime_td,0.5,Kansas City Chiefs @ Las Vegas Raiders,2,LV,TE,KC,true,21.5,0.1,1.5,1.056,10,"0, 0, 0, 0, 0",0/5,over,2200,fanduel,0.049,0.042,0.007,0.134,only 1 game this season,"",true
141,Dalton Schultz,receptions,4.5,Dallas Cowboys @ Houston Texans,3,HOU,TE,DAL,true,25.8,5.9,5.6,1.03,12,"3, 12, 4, 4, 3",1/5,over,110,betmgm,0.54,0.472,0.068,0.134,"","",false
142,Theo Johnson,rec_yds,7.5,Arizona Cardinals @ New York Giants,1,NYG,TE,ARI,true,21.0,26.1,24.9,1.066,12,"0, 9, 0, 72, 29",3/5,over,-110,draftkings,0.593,0.496,0.097,0.133,role change (35 last season -> 4 this season); line far from history: new role?; fringe player line; only 2 games this season,"",false
143,Ty Johnson,rush_yds,4.5,New England Patriots @ Buffalo Bills,2,BUF,RB,NE,true,28.2,13.2,12.3,1.003,12,"0, 36, 15, 16, 13",4/5,over,-113,fanduel,0.601,0.502,0.099,0.133,line far from history: new role?; fringe player line; only 1 game this season,"",false
144,Skyy Moore,rec_yds,16.5,Green Bay Packers @ Tampa Bay Buccaneers,1,GB,WR,TB,false,20.8,9.5,10.4,0.932,12,"31, 6, 0, 0, 0",1/5,under,-115,betmgm,0.606,0.5,0.106,0.133,role change (5 last season -> 12 this season); line far from history: new role?,"",false
145,Matthew Stafford,rush_yds,0.5,Los Angeles Rams @ Philadelphia Eagles,1,LA,QB,PHI,false,23.0,3.0,3.2,0.945,12,"13, -1, -1, 3, 0",2/5,over,-101,draftkings,0.569,0.475,0.094,0.133,role change (0 last season -> 4 this season); line far from history: new role?; fringe player line,"",false
146,Malik Nabers,receptions,4.5,Arizona Cardinals @ New York Giants,3,NYG,WR,ARI,true,21.0,3.8,4.0,0.951,7,"5, 1, 6, 2, 2",2/5,under,120,betmgm,0.514,0.448,0.067,0.132,"","",false
147,Mark Andrews,rec_yds,38.5,Tennessee Titans @ Baltimore Ravens,1,BAL,TE,TEN,true,27.0,26.5,31.5,0.8,12,"24, 49, 49, 14, 28",2/5,under,-114,draftkings,0.603,0.504,0.099,0.132,"","",false
148,Ty Johnson,anytime_td,0.5,New England Patriots @ Buffalo Bills,3,BUF,RB,NE,true,28.2,0.3,6.4,0.961,12,"0, 2, 0, 1, 0",2/5,over,500,draftkings,0.189,0.157,0.032,0.132,only 1 game this season,"",true
149,Jauan Jennings,anytime_td,0.5,Miami Dolphins @ Minnesota Vikings,3,MIN,WR,MIA,true,24.2,0.3,3.9,0.8,12,"0, 0, 0, 1, 1",2/5,over,410,fanduel,0.222,0.198,0.024,0.132,only 2 games this season,"",true
150,Chuba Hubbard,rush_yds,66.5,Detroit Lions @ Carolina Panthers,2,CAR,RB,DET,true,23.5,46.5,46.7,0.983,12,"82, 53, 49, 10, 12",1/5,under,-112,draftkings,0.597,0.5,0.097,0.13,role change (34 last season -> 61 this season),"",false
151,Foster Moreau,rec_yds,6.5,Dallas Cowboys @ Houston Texans,1,HOU,TE,DAL,true,25.8,15.4,14.5,1.025,10,"7, 34, 15, 5, 16",4/5,over,-113,fanduel,0.6,0.5,0.1,0.13,role change (8 last season -> 19 this season); line far from history: new role?; fringe player line,"",false
152,Bo Nix,rush_yds,16.5,Denver Broncos @ San Francisco 49ers,2,DEN,QB,SF,false,22.8,10.8,13.4,0.8,12,"7, 6, 2, 49, 42",2/5,under,-113,fanduel,0.599,0.503,0.096,0.13,role change (21 last season -> 5 this season),"",false
153,Ollie Gordon II,rec_yds,5.5,Miami Dolphins @ Minnesota Vikings,2,MIA,RB,MIN,false,14.2,3.8,4.1,1.004,12,"14, 0, 2, 0, 0",1/5,under,-113,fanduel,0.599,0.505,0.094,0.129,role change (2 last season -> 7 this season); fringe player line; only 2 games this season,"",false
154,Tony Pollard,rec_yds,9.5,Tennessee Titans @ Baltimore Ravens,2,TEN,RB,BAL,false,15.5,6.4,8.6,0.8,12,"22, 1, -1, 17, 10",3/5,under,-113,fanduel,0.598,0.503,0.095,0.128,fringe player line,"",false
155,RJ Harvey,anytime_td,0.5,Denver Broncos @ San Francisco 49ers,2,DEN,RB,SF,false,22.8,0.6,12.7,0.961,12,"0, 0, 0, 1, 1",2/5,over,240,draftkings,0.332,0.281,0.051,0.127,only 2 games this season,"",false
156,Jonnu Smith,rec_yds,6.5,Green Bay Packers @ Tampa Bay Buccaneers,1,GB,TE,TB,false,20.8,19.1,18.4,1.057,12,"16, 50, 2, 18, 0",3/5,over,-113,fanduel,0.597,0.5,0.097,0.126,role change (13 last season -> 33 this season); line far from history: new role?; fringe player line; only 2 games this season,"",false
157,MarShawn Lloyd,rec_yds,7.5,Green Bay Packers @ Tampa Bay Buccaneers,1,GB,RB,TB,false,20.8,5.1,4.7,1.111,3,"7, 6, 0",0/3,under,-113,draftkings,0.597,0.502,0.095,0.126,fringe player line,"",false
158,Tyler Warren,rec_yds,53.5,Indianapolis Colts @ Washington Commanders,1,IND,TE,WAS,false,25.5,36.8,32.4,1.098,12,"55, 21, 13, 26, 43",1/5,under,-115,betmgm,0.602,0.5,0.102,0.125,"","",false
159,Dontayvion Wicks,rec_yds,54.5,Los Angeles Rams @ Philadelphia Eagles,2,PHI,WR,LA,true,19.5,38.4,43.0,0.925,12,"32, 74, 73, 7, 12",2/5,under,-110,draftkings,0.589,0.498,0.091,0.125,role change (26 last season -> 60 this season),"",false
160,Calvin Ridley,rec_yds,7.5,Tennessee Titans @ Baltimore Ravens,1,TEN,WR,BAL,false,15.5,28.7,29.5,1.053,9,"0, 35, 13, 18, 131",4/5,over,-111,draftkings,0.592,0.498,0.094,0.125,role change (43 last season -> 18 this season); line far from history: new role?; fringe player line; only 2 games this season,"",false
161,Drake Maye,anytime_td,0.5,New England Patriots @ Buffalo Bills,3,NE,QB,BUF,false,21.2,0.2,5.1,0.8,12,"0, 0, 0, 0, 0",0/5,over,470,fanduel,0.197,0.204,-0.007,0.125,"","",true
162,Mark Andrews,rec_yds,37.5,Tennessee Titans @ Baltimore Ravens,1,BAL,TE,TEN,true,27.0,26.5,31.5,0.8,12,"24, 49, 49, 14, 28",2/5,under,-113,fanduel,0.596,0.5,0.096,0.124,"","",false
163,Elijah Higgins,rec_yds,3.5,Arizona Cardinals @ New York Giants,1,ARI,TE,NYG,false,23.5,16.7,17.1,0.961,12,"20, 0, 28, 0, 91",3/5,over,-114,draftkings,0.599,0.504,0.094,0.124,role change (18 last season -> 10 this season); line far from history: new role?; fringe player line; only 2 games this season,"",false
164,T.J. Hockenson,receptions,4.5,Miami Dolphins @ Minnesota Vikings,3,MIN,TE,MIA,true,24.2,2.9,2.9,0.987,12,"2, 3, 4, 1, 4",0/5,under,-130,fanduel,0.634,0.549,0.085,0.122,"","",false
165,Jonnu Smith,receptions,1.5,Green Bay Packers @ Tampa Bay Buccaneers,1,GB,TE,TB,false,20.8,1.9,1.8,1.03,12,"2, 2, 1, 5, 0",3/5,over,177,draftkings,0.405,0.342,0.064,0.122,only 2 games this season,"",false
166,Woody Marks,rec_yds,10.5,Dallas Cowboys @ Houston Texans,1,HOU,RB,DAL,true,25.8,7.6,8.0,0.915,12,"6, 27, -2, 0, 4",1/5,under,-109,draftkings,0.585,0.494,0.092,0.122,fringe player line,"",false
167,Dontayvion Wicks,rec_yds,56.5,Los Angeles Rams @ Philadelphia Eagles,1,PHI,WR,LA,true,19.5,38.4,43.0,0.925,12,"32, 74, 73, 7, 12",2/5,under,-113,fanduel,0.595,0.5,0.095,0.121,role change (26 last season -> 60 this season),"",false
168,Tommy Tremble,rec_yds,12.5,Detroit Lions @ Carolina Panthers,2,CAR,TE,DET,true,23.5,25.2,20.8,1.2,12,"41, 4, 25, 38, 6",3/5,over,-108,draftkings,0.582,0.496,0.086,0.121,line far from history: new role?; fringe player line,"",false
169,David Moore,anytime_td,0.5,Detroit Lions @ Carolina Panthers,3,CAR,WR,DET,true,23.5,0.1,1.3,1.026,4,"0, 0, 0, 0",0/4,over,2200,draftkings,0.049,0.046,0.003,0.121,only 1 game this season,"",true
170,Jonnu Smith,anytime_td,0.5,Green Bay Packers @ Tampa Bay Buccaneers,3,GB,TE,TB,false,20.8,0.2,3.3,1.056,12,"0, 0, 0, 0, 0",0/5,over,850,fanduel,0.118,0.106,0.012,0.121,only 2 games this season,"",true
171,Deion Burks,anytime_td,0.5,Indianapolis Colts @ Washington Commanders,3,IND,WR,WAS,false,25.5,0.1,2.0,1.2,1,0,0/1,over,1600,betmgm,0.066,0.066,0.0,0.121,only 1 game this season,"",true
172,Kaytron Allen,rush_yds,13.5,Indianapolis Colts @ Washington Commanders,1,WAS,RB,IND,true,21.0,21.6,20.3,1.082,2,"24, 16",2/2,over,-113,fanduel,0.593,0.5,0.093,0.118,fringe player line; only 2 games this season,"",false
173,Foster Moreau,receptions,1.5,Dallas Cowboys @ Houston Texans,3,HOU,TE,DAL,true,25.8,1.7,1.6,1.03,10,"2, 2, 2, 1, 1",3/5,over,180,betmgm,0.399,0.351,0.047,0.116,role change (1 last season -> 2 this season),"",false
174,Keon Coleman,rec_yds,15.5,New England Patriots @ Buffalo Bills,1,BUF,WR,NE,true,28.2,32.5,32.3,0.947,12,"37, 63, 1, 49, 16",4/5,over,-111,betmgm,0.587,0.491,0.096,0.116,line far from history: new role?,"",false
175,Elic Ayomanor,anytime_td,0.5,Tennessee Titans @ Baltimore Ravens,3,TEN,WR,BAL,false,15.5,0.2,4.2,0.906,12,"0, 0, 1, 0, 1",2/5,over,700,fanduel,0.14,0.129,0.01,0.116,"","",true
176,Colby Parkinson,anytime_td,0.5,Los Angeles Rams @ Philadelphia Eagles,3,LA,TE,PHI,false,23.0,0.3,3.3,0.8,12,"0, 0, 0, 2, 0",1/5,over,380,betmgm,0.232,0.211,0.021,0.115,Questionable (Knee),"",false
177,Aaron Jones,rec_yds,19.5,Miami Dolphins @ Minnesota Vikings,2,MIN,RB,MIA,true,24.2,14.3,13.8,1.019,12,"34, 0, 0, 10, 8",1/5,under,-110,draftkings,0.584,0.498,0.086,0.115,"","",false
178,Javonte Williams,rec_yds,13.5,Dallas Cowboys @ Houston Texans,2,DAL,RB,HOU,false,22.8,9.8,12.2,0.8,12,"5, 20, 31, 0, 9",2/5,under,-110,betmgm,0.584,0.495,0.089,0.115,role change (9 last season -> 19 this season); fringe player line,"",false
179,Darren Waller,anytime_td,0.5,Detroit Lions @ Carolina Panthers,3,CAR,TE,DET,true,23.5,0.5,4.4,1.2,12,"0, 2, 0, 0, 0",1/5,over,270,fanduel,0.301,0.259,0.042,0.115,"","",false
180,Malik Nabers,rec_yds,55.5,Arizona Cardinals @ New York Giants,1,NYG,WR,ARI,true,21.0,40.6,39.7,1.04,7,"26, 1, 69, 20, 13",1/5,under,-110,draftkings,0.583,0.496,0.088,0.114,role change (68 last season -> 32 this season),"",false
181,Aaron Jones,rec_yds,20.5,Miami Dolphins @ Minnesota Vikings,1,MIN,RB,MIA,true,24.2,14.3,13.8,1.019,12,"34, 0, 0, 10, 8",1/5,under,-110,betmgm,0.583,0.49,0.094,0.114,"","",false
182,Jonathan Taylor,rush_yds,91.5,Indianapolis Colts @ Washington Commanders,2,IND,RB,WAS,false,25.5,70.6,78.5,0.87,12,"68, 92, 98, 26, 70",2/5,under,-110,draftkings,0.583,0.498,0.085,0.113,"","",false
183,Darnell Mooney,rec_yds,18.5,Arizona Cardinals @ New York Giants,1,NYG,WR,ARI,true,21.0,30.8,30.1,1.04,12,"20, 48, 27, 20, 35",5/5,over,-113,fanduel,0.59,0.5,0.09,0.112,"","",false
184,Elijah Higgins,receptions,0.5,Arizona Cardinals @ New York Giants,2,ARI,TE,NYG,false,23.5,2.1,2.0,1.051,12,"3, 0, 3, 0, 7",3/5,over,-149,draftkings,0.665,0.576,0.09,0.112,line far from history: new role?; fringe player line; only 2 games this season,"",false
185,Tyler Allgeier,anytime_td,0.5,Arizona Cardinals @ New York Giants,3,ARI,RB,NYG,false,23.5,0.4,10.0,1.108,12,"0, 0, 0, 0, 0",0/5,over,320,draftkings,0.264,0.238,0.026,0.111,"","",false
186,Jaylin Noel,rec_yds,10.5,Dallas Cowboys @ Houston Texans,1,HOU,WR,DAL,true,25.8,24.7,24.9,0.955,12,"17, 31, 53, 13, 54",5/5,over,-115,betmgm,0.594,0.5,0.094,0.111,role change (17 last season -> 34 this season); line far from history: new role?; fringe player line,"",false
187,Seth McGowan,rush_yds,6.5,Indianapolis Colts @ Washington Commanders,1,IND,RB,WAS,false,25.5,4.9,5.4,0.87,3,"14, 0, 0",1/3,under,-113,fanduel,0.589,0.5,0.089,0.11,fringe player line,"",false
188,Jeremy Ruckert,rec_yds,18.5,New York Jets @ Chicago Bears,2,NYJ,TE,CHI,false,20.0,13.9,15.2,0.94,12,"39, 5, 4, 2, 14",1/5,under,-110,draftkings,0.582,0.498,0.084,0.11,"","",false
189,Dawson Knox,anytime_td,0.5,New England Patriots @ Buffalo Bills,3,BUF,TE,NE,true,28.2,0.2,2.6,0.8,12,"0, 1, 0, 1, 0",2/5,over,600,draftkings,0.159,0.141,0.018,0.11,"","",true
190,Theo Johnson,receptions,1.5,Arizona Cardinals @ New York Giants,2,NYG,TE,ARI,true,21.0,1.7,1.7,1.008,12,"0, 1, 0, 3, 3",2/5,over,182,fanduel,0.393,0.342,0.051,0.109,role change (3 last season -> 0 this season); only 2 games this season,"",false
191,Foster Moreau,rec_yds,7.5,Dallas Cowboys @ Houston Texans,1,HOU,TE,DAL,true,25.8,15.4,14.5,1.025,10,"7, 34, 15, 5, 16",3/5,over,-108,draftkings,0.576,0.492,0.084,0.109,role change (8 last season -> 19 this season); line far from history: new role?; fringe player line,"",false
192,Javonte Williams,rec_yds,12.5,Dallas Cowboys @ Houston Texans,1,DAL,RB,HOU,false,22.8,9.8,12.2,0.8,12,"5, 20, 31, 0, 9",2/5,under,-107,draftkings,0.573,0.489,0.083,0.108,role change (9 last season -> 19 this season); fringe player line,"",false
193,T.J. Hockenson,rec_yds,38.5,Miami Dolphins @ Minnesota Vikings,2,MIN,TE,MIA,true,24.2,29.2,25.7,1.115,12,"11, 29, 36, 2, 66",1/5,under,-111,draftkings,0.582,0.499,0.084,0.107,"","",false
194,Mark Andrews,rec_yds,36.5,Tennessee Titans @ Baltimore Ravens,1,BAL,TE,TEN,true,27.0,26.5,31.5,0.8,12,"24, 49, 49, 14, 28",2/5,under,-115,betmgm,0.592,0.5,0.092,0.107,"","",false
195,Malik Washington,receptions,4.5,Miami Dolphins @ Minnesota Vikings,2,MIA,WR,MIN,false,14.2,3.2,3.3,1.03,12,"5, 4, 3, 3, 1",1/5,under,-128,draftkings,0.621,0.552,0.069,0.105,"","",false
196,Brenen Thompson,anytime_td,0.5,Los Angeles Chargers @ Seattle Seahawks,1,LAC,WR,SEA,false,17.8,0.1,3.0,0.906,1,0,0/1,over,1200,fanduel,0.085,0.071,0.014,0.105,Out (Quadricep); only 1 game this season,"",true
197,Chris Rodriguez Jr.,anytime_td,0.5,Jacksonville Jaguars @ Cincinnati Bengals,3,JAX,RB,CIN,false,24.5,0.4,9.0,0.814,12,"1, 0, 0, 1, 1",3/5,over,300,draftkings,0.276,0.248,0.028,0.104,"","",false
198,Jaylen Waddle,receptions,4.5,Denver Broncos @ San Francisco 49ers,2,DEN,WR,SF,false,22.8,3.5,3.5,0.981,12,"2, 8, 1, 0, 5",2/5,under,-108,draftkings,0.573,0.504,0.068,0.103,"","",false
199,Brock Wright,anytime_td,0.5,Detroit Lions @ Carolina Panthers,3,DET,TE,CAR,false,27.0,0.1,1.9,1.2,11,"0, 0, 0, 0, 0",0/5,over,850,betmgm,0.116,0.11,0.006,0.103,"","",true
200,Konata Mumpfield,anytime_td,0.5,Los Angeles Rams @ Philadelphia Eagles,3,LA,WR,PHI,false,23.0,0.2,3.5,1.145,12,"1, 0, 0, 0, 0",1/5,over,700,betmgm,0.138,0.124,0.014,0.103,"","",true
201,Mo Alie-Cox,anytime_td,0.5,Indianapolis Colts @ Washington Commanders,3,IND,TE,WAS,false,25.5,0.1,1.9,1.2,12,"0, 0, 1, 0, 0",1/5,over,1150,betmgm,0.088,0.08,0.008,0.103,only 1 game this season,"",true
202,Jaylen Wright,receptions,1.5,Miami Dolphins @ Minnesota Vikings,2,MIA,RB,MIN,false,14.2,0.3,0.4,0.948,11,"0, 0, 2, 0, 1",1/5,under,-200,betmgm,0.735,0.642,0.093,0.102,role change (1 last season -> 0 this season); line far from history: new role?; only 2 games this season,"",false
203,Chris Moore,rec_yds,6.5,Tennessee Titans @ Baltimore Ravens,1,BAL,WR,TEN,true,27.0,19.6,18.3,1.017,12,"4, 6, 53, 15, 0",2/5,over,-111,betmgm,0.58,0.493,0.087,0.102,Questionable (Ankle); line far from history: new role?; fringe player line,"",false
204,Tetairoa McMillan,receptions,4.5,Detroit Lions @ Carolina Panthers,2,CAR,WR,DET,true,23.5,4.0,3.7,1.079,12,"2, 5, 5, 4, 1",2/5,under,128,fanduel,0.483,0.419,0.064,0.102,"","",false
205,Theo Johnson,rec_yds,8.5,Arizona Cardinals @ New York Giants,2,NYG,TE,ARI,true,21.0,26.1,24.9,1.066,12,"0, 9, 0, 72, 29",3/5,over,-113,fanduel,0.585,0.5,0.085,0.102,role change (35 last season -> 4 this season); line far from history: new role?; fringe player line; only 2 games this season,"",false
206,Malik Nabers,rec_yds,57.5,Arizona Cardinals @ New York Giants,1,NYG,WR,ARI,true,21.0,40.6,39.7,1.04,7,"26, 1, 69, 20, 13",1/5,under,-115,betmgm,0.59,0.5,0.09,0.102,role change (68 last season -> 32 this season),"",false
207,Tutu Atwell,anytime_td,0.5,Los Angeles Rams @ Philadelphia Eagles,2,LA,WR,PHI,false,23.0,0.1,2.0,1.145,9,"0, 0, 0, 0, 0",0/5,over,1400,draftkings,0.073,0.062,0.012,0.102,only 1 game this season,"",true
208,Malik Nabers,rec_yds,54.5,Arizona Cardinals @ New York Giants,1,NYG,WR,ARI,true,21.0,40.6,39.7,1.04,7,"26, 1, 69, 20, 13",1/5,under,-113,fanduel,0.585,0.5,0.085,0.102,role change (68 last season -> 32 this season),"",false
209,Marcus Mariota,rush_yds,25.5,Indianapolis Colts @ Washington Commanders,1,WAS,QB,IND,true,21.0,19.7,18.4,1.09,12,"11, 3, -1, 43, 7",1/5,under,-109,draftkings,0.575,0.494,0.081,0.102,role change (30 last season -> 7 this season); only 2 games this season,"",false
210,Isaiah Davis,rec_yds,9.5,New York Jets @ Chicago Bears,2,NYJ,RB,CHI,false,20.0,8.3,7.9,1.089,12,"0, 0, 9, 52, 7",1/5,under,-113,fanduel,0.584,0.504,0.08,0.101,role change (12 last season -> 0 this season); fringe player line; only 2 games this season,"",false
211,Treylon Burks,rec_yds,15.5,Indianapolis Colts @ Washington Commanders,1,WAS,WR,IND,true,21.0,11.7,11.1,1.066,10,"13, 0, 12, 11, 30",1/5,under,-113,fanduel,0.584,0.5,0.084,0.1,role change (16 last season -> 6 this season); only 2 games this season,"",false
212,Marcus Mariota,rush_yds,26.5,Indianapolis Colts @ Washington Commanders,1,WAS,QB,IND,true,21.0,19.7,18.4,1.09,12,"11, 3, -1, 43, 7",1/5,under,-113,fanduel,0.584,0.5,0.084,0.1,role change (30 last season -> 7 this season); only 2 games this season,"",false
213,Cody White,rec_yds,11.5,Kansas City Chiefs @ Las Vegas Raiders,1,LV,WR,KC,true,21.5,8.6,9.4,0.923,11,"4, 24, 0, 0, 9",1/5,under,-115,betmgm,0.588,0.5,0.088,0.1,fringe player line,"",false
214,Darius Cooper,receptions,2.5,Los Angeles Rams @ Philadelphia Eagles,2,PHI,WR,LA,true,19.5,0.9,1.0,0.932,9,"0, 2, 0, 3, 1",1/5,under,-186,draftkings,0.715,0.623,0.092,0.1,role change (2 last season -> 1 this season); line far from history: new role?,"",false
215,Woody Marks,rec_yds,9.5,Dallas Cowboys @ Houston Texans,2,HOU,RB,DAL,true,25.8,7.6,8.0,0.915,12,"6, 27, -2, 0, 4",1/5,under,-111,betmgm,0.578,0.495,0.083,0.099,fringe player line,"",false
216,Jaylin Noel,rec_yds,11.5,Dallas Cowboys @ Houston Texans,1,HOU,WR,DAL,true,25.8,24.7,24.9,0.955,12,"17, 31, 53, 13, 54",5/5,over,-113,fanduel,0.583,0.5,0.083,0.099,role change (17 last season -> 34 this season); line far from history: new role?; fringe player line,"",false
217,Jeremy Ruckert,anytime_td,0.5,New York Jets @ Chicago Bears,3,NYJ,TE,CHI,false,20.0,0.2,2.7,0.8,12,"1, 0, 0, 0, 0",1/5,over,800,draftkings,0.122,0.115,0.007,0.099,"","",true
218,Seth McGowan,rush_yds,5.5,Indianapolis Colts @ Washington Commanders,1,IND,RB,WAS,false,25.5,4.9,5.4,0.87,3,"14, 0, 0",1/3,under,-108,draftkings,0.57,0.492,0.078,0.098,fringe player line,"",false
219,Malik Washington,receptions,3.5,Miami Dolphins @ Minnesota Vikings,1,MIA,WR,MIN,false,14.2,3.2,3.3,1.03,12,"5, 4, 3, 3, 1",2/5,under,146,fanduel,0.446,0.38,0.067,0.098,"","",false
220,Jonathan Taylor,rush_yds,90.5,Indianapolis Colts @ Washington Commanders,1,IND,RB,WAS,false,25.5,70.6,78.5,0.87,12,"68, 92, 98, 26, 70",2/5,under,-113,fanduel,0.583,0.5,0.083,0.098,"","",false
221,Trey McBride,receptions,7.5,Arizona Cardinals @ New York Giants,1,ARI,TE,NYG,false,23.5,8.9,8.4,1.051,12,"9, 8, 9, 7, 10",4/5,over,124,fanduel,0.49,0.417,0.073,0.098,"","",false
222,Jaylen Waddle,rec_yds,59.5,Denver Broncos @ San Francisco 49ers,1,DEN,WR,SF,false,22.8,47.0,48.7,0.962,12,"10, 138, 2, 0, 72",2/5,under,-111,draftkings,0.577,0.498,0.079,0.097,"","",false
223,Jordan Love,rush_yds,4.5,Green Bay Packers @ Tampa Bay Buccaneers,2,GB,QB,TB,false,20.8,4.6,4.5,1.04,12,"0, 0, 0, 7, 29",2/5,under,-106,draftkings,0.565,0.494,0.071,0.097,role change (13 last season -> 0 this season); fringe player line,"",false
224,Dawson Knox,receptions,1.5,New England Patriots @ Buffalo Bills,2,BUF,TE,NE,true,28.2,1.9,2.1,0.88,12,"1, 2, 1, 2, 5",3/5,over,152,fanduel,0.435,0.382,0.053,0.097,role change (2 last season -> 1 this season),"",false
225,Bo Melton,anytime_td,0.5,Green Bay Packers @ Tampa Bay Buccaneers,3,GB,WR,TB,false,20.8,0.1,1.3,0.906,12,"0, 0, 0, 0, 0",0/5,over,1600,fanduel,0.065,0.066,-0.001,0.097,"","",true
226,Laquon Treadwell,rec_yds,25.5,Indianapolis Colts @ Washington Commanders,1,IND,WR,WAS,false,25.5,19.8,17.5,1.092,9,"20, 61, 0, 0, 0",1/5,under,-113,fanduel,0.582,0.5,0.082,0.097,role change (0 last season -> 27 this season),"",false
227,Cooper Kupp,rec_yds,21.5,Los Angeles Chargers @ Seattle Seahawks,1,SEA,WR,LAC,true,24.8,34.2,32.7,1.022,12,"46, 20, 35, 29, 6",3/5,over,-113,fanduel,0.582,0.5,0.082,0.097,"","",false
228,TreVeyon Henderson,anytime_td,0.5,New England Patriots @ Buffalo Bills,3,NE,RB,BUF,false,21.2,0.6,14.1,1.2,12,"0, 1, 2, 0, 0",2/5,over,215,draftkings,0.348,0.308,0.04,0.096,only 2 games this season,"",false
229,Laquon Treadwell,rec_yds,24.5,Indianapolis Colts @ Washington Commanders,1,IND,WR,WAS,false,25.5,19.8,17.5,1.092,9,"20, 61, 0, 0, 0",1/5,under,-111,draftkings,0.577,0.498,0.079,0.096,role change (0 last season -> 27 this season),"",false
230,Bhayshul Tuten,rush_yds,55.5,Jacksonville Jaguars @ Cincinnati Bengals,2,JAX,RB,CIN,false,24.5,44.8,47.9,0.915,12,"73, 65, 66, 23, 7",3/5,under,-109,draftkings,0.571,0.497,0.075,0.096,role change (20 last season -> 68 this season),"",false
231,Jeremiyah Love,rec_yds,17.5,Arizona Cardinals @ New York Giants,2,ARI,RB,NYG,false,23.5,14.7,15.2,0.956,3,"19, 16, 9",1/3,under,-110,draftkings,0.574,0.508,0.066,0.096,"","",false
232,Jahmyr Gibbs,receptions,4.5,Detroit Lions @ Carolina Panthers,3,DET,RB,CAR,false,27.0,6.0,5.7,1.025,12,"7, 6, 5, 3, 2",3/5,over,-111,betmgm,0.575,0.516,0.059,0.093,"","",false
233,MarShawn Lloyd,rush_yds,23.5,Green Bay Packers @ Tampa Bay Buccaneers,1,GB,RB,TB,false,20.8,18.1,21.3,0.867,3,"11, 20, 37",1/3,under,-113,fanduel,0.58,0.5,0.08,0.093,"","",false
234,Jaylin Noel,rec_yds,12.5,Dallas Cowboys @ Houston Texans,1,HOU,WR,DAL,true,25.8,24.7,24.9,0.955,12,"17, 31, 53, 13, 54",5/5,over,-107,draftkings,0.564,0.489,0.075,0.092,role change (17 last season -> 34 this season); line far from history: new role?; fringe player line,"",false
235,KaVontae Turpin,anytime_td,0.5,Dallas Cowboys @ Houston Texans,3,DAL,WR,HOU,false,22.8,0.1,2.4,1.2,12,"1, 0, 0, 0, 1",2/5,over,1150,betmgm,0.087,0.082,0.005,0.091,"","",true
236,Will Shipley,anytime_td,0.5,Los Angeles Rams @ Philadelphia Eagles,3,PHI,RB,LA,true,19.5,0.1,3.5,0.8,12,"0, 0, 0, 0, 0",0/5,over,1300,fanduel,0.078,0.078,-0.0,0.091,"","",true
237,Emanuel Wilson,rush_yds,47.5,Los Angeles Chargers @ Seattle Seahawks,2,SEA,RB,LAC,true,24.8,38.9,36.3,1.044,12,"14, 92, 3, 44, 16",1/5,under,-110,draftkings,0.572,0.498,0.074,0.091,"","",false
238,Isaiah Davis,rec_yds,10.5,New York Jets @ Chicago Bears,1,NYJ,RB,CHI,false,20.0,8.3,7.9,1.089,12,"0, 0, 9, 52, 7",1/5,under,-120,betmgm,0.595,0.51,0.085,0.091,role change (12 last season -> 0 this season); fringe player line; only 2 games this season,"",false
239,DeMario Douglas,receptions,2.5,New England Patriots @ Buffalo Bills,3,NE,WR,BUF,false,21.2,2.0,1.9,1.059,12,"1, 1, 5, 2, 1",1/5,under,112,fanduel,0.514,0.447,0.067,0.09,"","",false
240,Kalif Raymond,receptions,3.5,New York Jets @ Chicago Bears,3,CHI,WR,NYJ,true,23.5,4.5,4.5,1.001,12,"6, 5, 8, 3, 1",3/5,over,114,fanduel,0.509,0.445,0.064,0.09,role change (2 last season -> 6 this season),"",false
241,Jackson Hawes,anytime_td,0.5,New England Patriots @ Buffalo Bills,3,BUF,TE,NE,true,28.2,0.1,1.3,0.8,12,"0, 0, 0, 0, 1",1/5,over,1050,betmgm,0.095,0.083,0.012,0.089,only 1 game this season,"",true
242,MarShawn Lloyd,rush_yds,22.5,Green Bay Packers @ Tampa Bay Buccaneers,1,GB,RB,TB,false,20.8,18.1,21.3,0.867,3,"11, 20, 37",1/3,under,-111,draftkings,0.572,0.498,0.074,0.088,"","",false
243,Saquon Barkley,receptions,2.5,Los Angeles Rams @ Philadelphia Eagles,3,PHI,RB,LA,true,19.5,1.3,1.2,1.127,12,"1, 1, 1, 0, 0",0/5,under,-155,betmgm,0.661,0.575,0.086,0.088,role change (2 last season -> 1 this season); line far from history: new role?,"",false
244,Treylon Burks,receptions,1.5,Indianapolis Colts @ Washington Commanders,1,WAS,WR,IND,true,21.0,1.2,1.2,0.981,10,"2, 0, 2, 1, 2",3/5,under,112,fanduel,0.513,0.441,0.072,0.088,only 2 games this season,"",false
245,Cody White,rec_yds,9.5,Kansas City Chiefs @ Las Vegas Raiders,2,LV,WR,KC,true,21.5,8.6,9.4,0.923,11,"4, 24, 0, 0, 9",1/5,under,-111,draftkings,0.572,0.499,0.073,0.087,fringe player line,"",false
246,Jared Goff,anytime_td,0.5,Detroit Lions @ Carolina Panthers,3,DET,QB,CAR,false,27.0,0.1,2.2,1.2,12,"0, 0, 0, 0, 0",0/5,over,1350,betmgm,0.075,0.071,0.004,0.087,"","",true
247,MarShawn Lloyd,rec_yds,6.5,Green Bay Packers @ Tampa Bay Buccaneers,1,GB,RB,TB,false,20.8,5.1,4.7,1.111,3,"7, 6, 0",1/3,under,-110,betmgm,0.57,0.49,0.08,0.087,fringe player line,"",false
248,Xavier Worthy,rec_yds,34.5,Kansas City Chiefs @ Las Vegas Raiders,1,KC,WR,LV,false,26.0,27.9,27.3,0.983,12,"20, 25, 18, 0, 41",1/5,under,-112,draftkings,0.574,0.5,0.074,0.086,role change (38 last season -> 21 this season),"",false
249,Justice Hill,receptions,1.5,Tennessee Titans @ Baltimore Ravens,3,BAL,RB,TEN,true,27.0,1.2,1.3,0.922,12,"0, 2, 1, 0, 1",1/5,under,107,draftkings,0.525,0.469,0.056,0.086,role change (2 last season -> 1 this season),"",false
250,Ted Hurst III,rec_yds,21.5,Green Bay Packers @ Tampa Bay Buccaneers,1,TB,WR,GB,true,17.8,33.2,34.6,1.014,3,"40, 27, 36",3/3,over,-113,fanduel,0.576,0.5,0.076,0.086,"","",false
251,Tony Pollard,rec_yds,7.5,Tennessee Titans @ Baltimore Ravens,1,TEN,RB,BAL,false,15.5,6.4,8.6,0.8,12,"22, 1, -1, 17, 10",3/5,under,-111,betmgm,0.571,0.491,0.08,0.086,fringe player line,"",false
252,Quentin Johnston,rec_yds,34.5,Los Angeles Chargers @ Seattle Seahawks,1,LAC,WR,SEA,false,17.8,29.1,35.0,0.878,12,"40, 7, 17, 98, 104",3/5,under,-110,draftkings,0.569,0.496,0.073,0.086,role change (57 last season -> 21 this season),"",false
253,Christian Watson,anytime_td,0.5,Green Bay Packers @ Tampa Bay Buccaneers,3,GB,WR,TB,false,20.8,0.7,8.1,0.906,12,"1, 1, 2, 1, 0",4/5,over,175,fanduel,0.395,0.343,0.052,0.086,"","",false
254,Cam Ward,rush_yds,11.5,Tennessee Titans @ Baltimore Ravens,1,TEN,QB,BAL,false,15.5,8.9,10.0,0.958,12,"2, 7, 21, 11, 10",1/5,under,-115,betmgm,0.581,0.5,0.081,0.085,fringe player line,"",false
255,Jameis Winston,pass_yds,208.5,Arizona Cardinals @ New York Giants,2,NYG,QB,ARI,true,21.0,168.6,167.8,1.022,4,"118, 111, 366, 201",1/4,under,-112,draftkings,0.573,0.5,0.073,0.085,only 2 games this season,"",false
256,Elijah Higgins,rec_yds,4.5,Arizona Cardinals @ New York Giants,1,ARI,TE,NYG,false,23.5,16.7,17.1,0.961,12,"20, 0, 28, 0, 91",3/5,over,-113,fanduel,0.575,0.5,0.075,0.085,role change (18 last season -> 10 this season); line far from history: new role?; fringe player line; only 2 games this season,"",false
257,Geno Smith,rush_yds,11.5,New York Jets @ Chicago Bears,1,NYJ,QB,CHI,false,20.0,8.8,8.4,1.078,12,"12, 17, 7, 1, 0",2/5,under,-119,draftkings,0.59,0.514,0.076,0.085,fringe player line,"",false
258,Jordan Love,rush_yds,5.5,Green Bay Packers @ Tampa Bay Buccaneers,1,GB,QB,TB,false,20.8,4.6,4.5,1.04,12,"0, 0, 0, 7, 29",2/5,under,-120,betmgm,0.591,0.51,0.081,0.084,role change (13 last season -> 0 this season); fringe player line,"",false
259,Johnny Mundt,rec_yds,9.5,Los Angeles Rams @ Philadelphia Eagles,1,PHI,TE,LA,true,19.5,7.1,8.9,0.82,12,"4, 8, 16, 0, 12",2/5,under,-120,betmgm,0.591,0.51,0.081,0.084,fringe player line; only 2 games this season,"",false
260,Trey McBride,receptions,6.5,Arizona Cardinals @ New York Giants,2,ARI,TE,NYG,false,23.5,8.9,8.4,1.051,12,"9, 8, 9, 7, 10",5/5,over,-130,betmgm,0.613,0.541,0.072,0.084,"","",false
261,Quentin Johnston,rec_yds,35.5,Los Angeles Chargers @ Seattle Seahawks,1,LAC,WR,SEA,false,17.8,29.1,35.0,0.878,12,"40, 7, 17, 98, 104",3/5,under,-113,fanduel,0.575,0.5,0.075,0.083,role change (57 last season -> 21 this season),"",false
262,T.J. Hockenson,rec_yds,37.5,Miami Dolphins @ Minnesota Vikings,1,MIN,TE,MIA,true,24.2,29.2,25.7,1.115,12,"11, 29, 36, 2, 66",1/5,under,-115,betmgm,0.579,0.5,0.079,0.083,"","",false
263,Jalen Nailor,receptions,1.5,Kansas City Chiefs @ Las Vegas Raiders,3,LV,WR,KC,true,21.5,1.5,1.6,0.971,12,"1, 1, 3, 3, 0",2/5,under,140,betmgm,0.451,0.408,0.044,0.083,"","",false
264,Jaylen Waddle,rec_yds,56.5,Denver Broncos @ San Francisco 49ers,1,DEN,WR,SF,false,22.8,47.0,48.7,0.962,12,"10, 138, 2, 0, 72",2/5,under,-113,fanduel,0.573,0.5,0.073,0.081,"","",false
265,Chris Bell,receptions,2.5,Miami Dolphins @ Minnesota Vikings,2,MIA,WR,MIN,false,14.2,1.8,1.8,1.03,3,"4, 0, 1",1/3,under,-111,draftkings,0.569,0.498,0.071,0.081,"","",false
266,Johnny Mundt,rec_yds,8.5,Los Angeles Rams @ Philadelphia Eagles,2,PHI,TE,LA,true,19.5,7.1,8.9,0.82,12,"4, 8, 16, 0, 12",2/5,under,-113,fanduel,0.574,0.502,0.072,0.081,fringe player line; only 2 games this season,"",false
267,Justice Hill,rec_yds,11.5,Tennessee Titans @ Baltimore Ravens,3,BAL,RB,TEN,true,27.0,9.9,9.9,0.952,12,"0, 12, 10, 0, 12",2/5,under,-110,draftkings,0.566,0.495,0.071,0.08,role change (17 last season -> 7 this season); fringe player line,"",false
268,Bhayshul Tuten,rush_yds,52.5,Jacksonville Jaguars @ Cincinnati Bengals,1,JAX,RB,CIN,false,24.5,44.8,47.9,0.915,12,"73, 65, 66, 23, 7",3/5,under,100,betmgm,0.54,0.465,0.074,0.08,role change (20 last season -> 68 this season),"",false
269,Samaje Perine,anytime_td,0.5,Jacksonville Jaguars @ Cincinnati Bengals,3,CIN,RB,JAX,true,27.0,0.2,7.2,0.814,12,"0, 0, 0, 0, 1",1/5,over,450,draftkings,0.196,0.193,0.003,0.079,"","",true
270,Josh Downs,rec_yds,71.5,Indianapolis Colts @ Washington Commanders,2,IND,WR,WAS,false,25.5,60.1,53.2,1.092,12,"77, 72, 37, 61, 34",2/5,under,-111,draftkings,0.567,0.499,0.068,0.079,role change (35 last season -> 62 this season),"",false
271,David Montgomery,rush_yds,44.5,Dallas Cowboys @ Houston Texans,3,HOU,RB,DAL,true,25.8,37.4,33.3,1.083,12,"33, 10, 60, 42, 25",1/5,under,-112,draftkings,0.57,0.503,0.067,0.079,"","",false
272,Xavier Worthy,rec_yds,35.5,Kansas City Chiefs @ Las Vegas Raiders,1,KC,WR,LV,false,26.0,27.9,27.3,0.983,12,"20, 25, 18, 0, 41",1/5,under,-118,betmgm,0.584,0.507,0.077,0.079,role change (38 last season -> 21 this season),"",false
273,Drake Maye,rush_yds,28.5,New England Patriots @ Buffalo Bills,1,NE,QB,BUF,false,21.2,23.1,25.7,0.913,12,"18, 17, 47, 41, 22",2/5,under,-116,draftkings,0.579,0.508,0.071,0.078,"","",false
274,Ryan Miller,rec_yds,6.5,Miami Dolphins @ Minnesota Vikings,1,MIA,WR,MIN,false,14.2,20.3,21.2,1.055,11,"15, 77, 0, 0, 0",2/5,over,102,fanduel,0.534,0.467,0.067,0.078,role change (4 last season -> 46 this season); line far from history: new role?; fringe player line; only 2 games this season,"",false
275,Kyle Williams,anytime_td,0.5,New England Patriots @ Buffalo Bills,3,NE,WR,BUF,false,21.2,0.1,1.9,1.026,12,"0, 0, 0, 0, 0",0/5,over,800,fanduel,0.12,0.119,0.001,0.078,"","",true
276,Tyjae Spears,rec_yds,12.5,Tennessee Titans @ Baltimore Ravens,3,TEN,RB,BAL,false,15.5,11.7,15.8,0.8,12,"0, 29, 12, 9, -1",1/5,under,-110,draftkings,0.565,0.499,0.066,0.078,Questionable (Ankle); fringe player line,"",false
277,Brock Purdy,rush_yds,17.5,Denver Broncos @ San Francisco 49ers,2,SF,QB,DEN,true,25.8,25.0,25.9,0.932,12,"34, 30, 29, 21, 28",5/5,over,-112,draftkings,0.569,0.5,0.069,0.078,role change (16 last season -> 31 this season),"",false
278,Tyjae Spears,anytime_td,0.5,Tennessee Titans @ Baltimore Ravens,3,TEN,RB,BAL,false,15.5,0.2,7.8,1.108,12,"0, 0, 0, 0, 0",0/5,over,650,fanduel,0.144,0.145,-0.001,0.077,Questionable (Ankle),"",true
279,Rashid Shaheed,rec_yds,23.5,Los Angeles Chargers @ Seattle Seahawks,1,SEA,WR,LAC,true,24.8,19.8,18.9,1.022,12,"14, 35, 4, 2, 8",1/5,under,-113,fanduel,0.571,0.5,0.071,0.077,role change (38 last season -> 18 this season),"",false
280,Kenny Gainwell,receptions,2.5,Green Bay Packers @ Tampa Bay Buccaneers,1,TB,RB,GB,true,17.8,3.0,3.5,0.897,12,"2, 3, 1, 8, 3",3/5,over,144,fanduel,0.441,0.383,0.058,0.077,role change (4 last season -> 2 this season),"",false
281,Justin Herbert,pass_yds,200.5,Los Angeles Chargers @ Seattle Seahawks,1,LAC,QB,SEA,false,17.8,175.5,209.3,0.885,12,"226, 192, 209, 236, 300",4/5,under,-113,draftkings,0.571,0.502,0.069,0.077,"","",false
282,Jacory Croskey-Merritt,rush_yds,60.5,Indianapolis Colts @ Washington Commanders,1,WAS,RB,IND,true,21.0,50.2,47.2,1.082,12,"36, 43, 63, 29, 105",2/5,under,-113,fanduel,0.571,0.5,0.071,0.077,"","",false
283,Chris Moore,rec_yds,7.5,Tennessee Titans @ Baltimore Ravens,1,BAL,WR,TEN,true,27.0,19.6,18.3,1.017,12,"4, 6, 53, 15, 0",2/5,over,-113,draftkings,0.571,0.502,0.069,0.076,Questionable (Ankle); line far from history: new role?; fringe player line,"",false
284,Chris Rodriguez Jr.,rush_yds,19.5,Jacksonville Jaguars @ Cincinnati Bengals,2,JAX,RB,CIN,false,24.5,33.5,35.8,0.915,12,"37, 13, 23, 65, 63",4/5,over,-113,draftkings,0.571,0.501,0.07,0.076,role change (42 last season -> 24 this season); line far from history: new role?,"",false
285,Jacory Croskey-Merritt,rush_yds,59.5,Indianapolis Colts @ Washington Commanders,1,WAS,RB,IND,true,21.0,50.2,47.2,1.082,12,"36, 43, 63, 29, 105",2/5,under,-111,draftkings,0.566,0.498,0.068,0.076,"","",false
286,Geno Smith,rush_yds,10.5,New York Jets @ Chicago Bears,2,NYJ,QB,CHI,false,20.0,8.8,8.4,1.078,12,"12, 17, 7, 1, 0",2/5,under,-113,fanduel,0.571,0.505,0.066,0.076,fringe player line,"",false
287,Kirk Cousins,pass_yds,229.5,Kansas City Chiefs @ Las Vegas Raiders,1,LV,QB,KC,true,21.5,194.2,211.1,0.931,12,"248, 253, 160, 180, 126",2/5,under,-115,betmgm,0.575,0.5,0.075,0.075,"","",false
288,Jahmyr Gibbs,rec_yds,35.5,Detroit Lions @ Carolina Panthers,1,DET,RB,CAR,false,27.0,54.0,49.2,1.045,12,"65, 61, 30, 33, 23",2/5,over,-114,fanduel,0.573,0.5,0.073,0.075,"","",false
289,Cam Ward,rush_yds,10.5,Tennessee Titans @ Baltimore Ravens,1,TEN,QB,BAL,false,15.5,8.9,10.0,0.958,12,"2, 7, 21, 11, 10",2/5,under,-113,fanduel,0.57,0.5,0.07,0.075,fringe player line,"",false
290,Colston Loveland,rec_yds,34.5,New York Jets @ Chicago Bears,2,CHI,TE,NYJ,true,23.5,29.2,32.7,0.882,12,"31, 3, 0, 91, 94",2/5,under,-114,draftkings,0.573,0.502,0.07,0.075,role change (45 last season -> 11 this season),"",false
291,Mike Washington Jr.,anytime_td,0.5,Kansas City Chiefs @ Las Vegas Raiders,3,LV,RB,KC,true,21.5,0.2,5.2,1.108,3,"1, 0, 0",1/3,over,575,betmgm,0.159,0.154,0.005,0.075,"","",true
292,Isaiah Likely,rec_yds,41.5,Arizona Cardinals @ New York Giants,3,NYG,TE,ARI,true,21.0,36.0,34.4,1.066,12,"13, 33, 78, 32, 27",1/5,under,-112,draftkings,0.567,0.507,0.06,0.074,"","",false
293,Calvin Ridley,receptions,1.5,Tennessee Titans @ Baltimore Ravens,1,TEN,WR,BAL,false,15.5,1.7,1.6,1.099,9,"0, 2, 1, 1, 5",2/5,over,182,fanduel,0.381,0.332,0.049,0.074,role change (2 last season -> 1 this season); only 2 games this season,"",false
294,Demond Claiborne,anytime_td,0.5,Miami Dolphins @ Minnesota Vikings,3,MIN,RB,MIA,true,24.2,0.1,2.1,1.2,2,"0, 0",0/2,over,1200,fanduel,0.083,0.09,-0.008,0.073,only 2 games this season,"",true
295,Samaje Perine,rec_yds,8.5,Jacksonville Jaguars @ Cincinnati Bengals,3,CIN,RB,JAX,true,27.0,14.5,12.4,1.111,12,"5, 16, 30, 10, 8",3/5,over,-111,betmgm,0.564,0.498,0.067,0.073,role change (6 last season -> 17 this season); line far from history: new role?; fringe player line,"",false
296,Xavier Worthy,rec_yds,33.5,Kansas City Chiefs @ Las Vegas Raiders,1,KC,WR,LV,false,26.0,27.9,27.3,0.983,12,"20, 25, 18, 0, 41",1/5,under,-113,fanduel,0.569,0.5,0.069,0.072,role change (38 last season -> 21 this season),"",false
297,Gunnar Helm,rec_yds,19.5,Tennessee Titans @ Baltimore Ravens,1,TEN,TE,BAL,false,15.5,16.7,18.9,0.961,12,"14, 13, 28, 1, 9",1/5,under,-110,draftkings,0.562,0.496,0.066,0.072,"","",false
298,Zach Ertz,anytime_td,0.5,Los Angeles Rams @ Philadelphia Eagles,3,PHI,TE,LA,true,19.5,0.3,4.9,0.861,12,"0, 0, 0, 0, 0",0/5,over,500,draftkings,0.179,0.157,0.022,0.072,only 1 game this season,"",true
299,Kaelon Black,rush_yds,23.5,Denver Broncos @ San Francisco 49ers,2,SF,RB,DEN,true,25.8,39.1,33.1,1.139,3,"17, 25, 65",2/3,over,-112,draftkings,0.566,0.5,0.066,0.072,"","",false
300,Daniel Jones,rush_yds,11.5,Indianapolis Colts @ Washington Commanders,1,IND,QB,WAS,false,25.5,10.5,8.8,1.154,12,"5, 10, 4, 4, 1",0/5,under,-108,draftkings,0.557,0.492,0.065,0.072,role change (13 last season -> 6 this season); fringe player line,"",false
301,Joe Burrow,anytime_td,0.5,Jacksonville Jaguars @ Cincinnati Bengals,3,CIN,QB,JAX,true,27.0,0.1,2.3,0.8,11,"0, 0, 0, 0, 0",0/5,over,1000,fanduel,0.097,0.1,-0.003,0.072,"","",true
302,Kyle Juszczyk,anytime_td,0.5,Denver Broncos @ San Francisco 49ers,2,SF,FB,DEN,true,25.8,0.2,1.8,1.0,12,"0, 1, 0, 1, 0",2/5,over,800,draftkings,0.119,0.103,0.016,0.072,only 2 games this season,"",true
303,AJ Dillon,rush_yds,13.5,Detroit Lions @ Carolina Panthers,1,CAR,RB,DET,true,23.5,11.3,11.4,0.983,9,"16, -3, 28, 0, 2",2/5,under,-114,fanduel,0.571,0.5,0.071,0.072,fringe player line,"",false
304,Sam Darnold,rush_yds,4.5,Los Angeles Chargers @ Seattle Seahawks,3,SEA,QB,LAC,true,24.8,4.3,4.7,0.901,12,"5, 0, 9, 2, 7",3/5,under,-109,draftkings,0.559,0.495,0.064,0.072,role change (6 last season -> 2 this season); fringe player line; only 2 games this season,"",false
305,Mike Washington Jr.,rush_yds,16.5,Kansas City Chiefs @ Las Vegas Raiders,3,LV,RB,KC,true,21.5,31.5,34.8,0.914,3,"54, 7, 41",2/3,over,-112,draftkings,0.566,0.5,0.066,0.071,line far from history: new role?,"",false
306,Brock Bowers,rec_yds,73.5,Kansas City Chiefs @ Las Vegas Raiders,1,LV,TE,KC,true,21.5,61.8,66.3,0.942,12,"116, 33, 28, 46, 63",1/5,under,-113,draftkings,0.568,0.502,0.066,0.071,only 1 game this season,"",false
307,Darnell Mooney,rec_yds,20.5,Arizona Cardinals @ New York Giants,2,NYG,WR,ARI,true,21.0,30.8,30.1,1.04,12,"20, 48, 27, 20, 35",3/5,over,-115,betmgm,0.573,0.504,0.069,0.071,"","",false
308,Dohnte Meyers,rec_yds,21.5,Jacksonville Jaguars @ Cincinnati Bengals,1,CIN,WR,JAX,true,27.0,18.1,16.3,1.058,3,"29, 0, 18",1/3,under,-114,draftkings,0.57,0.504,0.066,0.071,"","",false
309,Justin Herbert,pass_yds,199.5,Los Angeles Chargers @ Seattle Seahawks,1,LAC,QB,SEA,false,17.8,175.5,209.3,0.885,12,"226, 192, 209, 236, 300",4/5,under,-113,fanduel,0.568,0.5,0.068,0.071,"","",false
310,Jameis Winston,pass_yds,207.5,Arizona Cardinals @ New York Giants,1,NYG,QB,ARI,true,21.0,168.6,167.8,1.022,4,"118, 111, 366, 201",1/4,under,-115,betmgm,0.572,0.5,0.072,0.07,only 2 games this season,"",false
311,Colston Loveland,rec_yds,33.5,New York Jets @ Chicago Bears,1,CHI,TE,NYJ,true,23.5,29.2,32.7,0.882,12,"31, 3, 0, 91, 94",2/5,under,-113,fanduel,0.568,0.5,0.068,0.07,role change (45 last season -> 11 this season),"",false
312,Justin Herbert,anytime_td,0.5,Los Angeles Chargers @ Seattle Seahawks,3,LAC,QB,SEA,false,17.8,0.1,4.8,0.8,12,"0, 0, 0, 0, 1",1/5,over,700,fanduel,0.134,0.133,0.0,0.069,"","",true
313,Quentin Johnston,anytime_td,0.5,Los Angeles Chargers @ Seattle Seahawks,3,LAC,WR,SEA,false,17.8,0.3,5.8,0.906,12,"0, 0, 0, 0, 1",1/5,over,350,draftkings,0.238,0.213,0.025,0.069,"","",false
314,Kirk Cousins,pass_yds,222.5,Kansas City Chiefs @ Las Vegas Raiders,1,LV,QB,KC,true,21.5,194.2,211.1,0.931,12,"248, 253, 160, 180, 126",2/5,under,-113,draftkings,0.567,0.502,0.065,0.069,"","",false
315,Gunnar Helm,rec_yds,20.5,Tennessee Titans @ Baltimore Ravens,1,TEN,TE,BAL,false,15.5,16.7,18.9,0.961,12,"14, 13, 28, 1, 9",1/5,under,-115,betmgm,0.572,0.5,0.072,0.069,"","",false
316,Malik Washington,rec_yds,40.5,Miami Dolphins @ Minnesota Vikings,1,MIA,WR,MIN,false,14.2,34.6,36.2,1.055,12,"56, 43, 53, 6, 4",3/5,under,-111,draftkings,0.562,0.498,0.064,0.069,role change (19 last season -> 51 this season),"",false
317,Kirk Cousins,pass_yds,223.5,Kansas City Chiefs @ Las Vegas Raiders,1,LV,QB,KC,true,21.5,194.2,211.1,0.931,12,"248, 253, 160, 180, 126",2/5,under,-113,fanduel,0.567,0.5,0.067,0.069,"","",false
318,DJ Moore,receptions,3.5,New England Patriots @ Buffalo Bills,3,BUF,WR,NE,true,28.2,3.3,3.1,1.03,12,"6, 0, 5, 1, 1",2/5,under,130,betmgm,0.465,0.417,0.047,0.069,"","",false
319,Marcus Mariota,pass_yds,211.5,Indianapolis Colts @ Washington Commanders,1,WAS,QB,IND,true,21.0,181.0,169.7,1.085,11,"183, 111, 95, 211, 294",1/5,under,-115,betmgm,0.571,0.5,0.071,0.068,only 2 games this season,"",false
320,Josh Downs,rec_yds,72.5,Indianapolis Colts @ Washington Commanders,1,IND,WR,WAS,false,25.5,60.1,53.2,1.092,12,"77, 72, 37, 61, 34",1/5,under,-115,betmgm,0.571,0.5,0.071,0.068,role change (35 last season -> 62 this season),"",false
321,Kyler Murray,rush_yds,22.5,Miami Dolphins @ Minnesota Vikings,1,MIN,QB,MIA,true,24.2,19.0,22.9,0.812,7,"17, 9, 25, 41, 37",3/5,under,-114,draftkings,0.569,0.504,0.065,0.068,role change (35 last season -> 13 this season); only 2 games this season,"",false
322,Aaron Jones,receptions,3.5,Miami Dolphins @ Minnesota Vikings,3,MIN,RB,MIA,true,24.2,2.2,2.2,0.999,12,"5, 0, 0, 3, 2",1/5,under,-154,fanduel,0.648,0.575,0.073,0.068,"","",false
323,RJ Harvey,rush_yds,15.5,Denver Broncos @ San Francisco 49ers,1,DEN,RB,SF,false,22.8,28.9,28.1,1.025,12,"6, 18, 28, 43, 50",4/5,over,-113,fanduel,0.567,0.5,0.067,0.068,role change (32 last season -> 12 this season); line far from history: new role?; only 2 games this season,"",false
324,Xavier Hutchinson,anytime_td,0.5,Dallas Cowboys @ Houston Texans,3,HOU,WR,DAL,true,25.8,0.3,6.3,1.026,12,"0, 0, 0, 0, 0",0/5,over,400,draftkings,0.214,0.2,0.013,0.068,"","",false
325,TreVeyon Henderson,rec_yds,7.5,New England Patriots @ Buffalo Bills,3,NE,RB,BUF,false,21.2,7.0,6.9,1.037,12,"6, 0, 0, 0, 9",1/5,under,-113,fanduel,0.566,0.504,0.062,0.068,role change (13 last season -> 3 this season); fringe player line; only 2 games this season,"",false
326,Trey McBride,anytime_td,0.5,Arizona Cardinals @ New York Giants,3,ARI,TE,NYG,false,23.5,0.7,10.8,0.861,12,"0, 1, 1, 0, 1",3/5,over,160,betmgm,0.411,0.371,0.04,0.067,"","",false
327,Dohnte Meyers,receptions,2.5,Jacksonville Jaguars @ Cincinnati Bengals,3,CIN,WR,JAX,true,27.0,1.5,1.4,0.981,3,"3, 0, 1",1/3,under,-168,draftkings,0.669,0.604,0.064,0.067,line far from history: new role?,"",false
328,Puka Nacua,rec_yds,66.5,Los Angeles Rams @ Philadelphia Eagles,2,LA,WR,PHI,false,23.0,103.5,101.1,1.018,12,"74, 76, 47, 225, 181",4/5,over,-113,fanduel,0.566,0.502,0.064,0.067,only 1 game this season,"",false
329,Khalil Shakir,rec_yds,39.5,New England Patriots @ Buffalo Bills,1,BUF,WR,NE,true,28.2,33.6,33.3,0.947,12,"6, 38, 50, 35, 34",1/5,under,-114,draftkings,0.569,0.504,0.064,0.067,"","",false
330,Bhayshul Tuten,rec_yds,10.5,Jacksonville Jaguars @ Cincinnati Bengals,2,JAX,RB,CIN,false,24.5,9.9,8.1,1.189,12,"17, -3, 22, 0, 16",3/5,under,-109,draftkings,0.556,0.497,0.059,0.066,role change (5 last season -> 12 this season); fringe player line,"",false
331,Kyren Williams,rush_yds,56.5,Los Angeles Rams @ Philadelphia Eagles,1,LA,RB,PHI,false,23.0,79.4,73.9,1.068,12,"88, 85, 41, 60, 92",4/5,over,-113,fanduel,0.565,0.5,0.065,0.066,"","",false
332,AJ Dillon,rush_yds,12.5,Detroit Lions @ Carolina Panthers,2,CAR,RB,DET,true,23.5,11.3,11.4,0.983,9,"16, -3, 28, 0, 2",2/5,under,-109,draftkings,0.556,0.492,0.064,0.066,fringe player line,"",false
333,Rashid Shaheed,rec_yds,21.5,Los Angeles Chargers @ Seattle Seahawks,1,SEA,WR,LAC,true,24.8,19.8,18.9,1.022,12,"14, 35, 4, 2, 8",1/5,under,-110,draftkings,0.558,0.496,0.063,0.066,role change (38 last season -> 18 this season),"",false
334,Laquon Treadwell,rec_yds,22.5,Indianapolis Colts @ Washington Commanders,1,IND,WR,WAS,false,25.5,19.8,17.5,1.092,9,"20, 61, 0, 0, 0",1/5,under,-115,betmgm,0.57,0.5,0.07,0.066,role change (0 last season -> 27 this season),"",false
335,Mark Andrews,receptions,3.5,Tennessee Titans @ Baltimore Ravens,3,BAL,TE,TEN,true,27.0,3.2,3.5,0.902,12,"3, 6, 4, 2, 4",3/5,under,124,fanduel,0.476,0.426,0.05,0.065,"","",false
336,DeMario Douglas,rec_yds,30.5,New England Patriots @ Buffalo Bills,1,NE,WR,BUF,false,21.2,25.9,24.0,1.095,12,"38, 9, 20, 29, 10",1/5,under,-113,fanduel,0.565,0.5,0.065,0.065,"","",false
337,Ollie Gordon II,receptions,1.5,Miami Dolphins @ Minnesota Vikings,3,MIA,RB,MIN,false,14.2,0.8,0.9,0.948,12,"3, 0, 1, 0, 0",1/5,under,-182,draftkings,0.688,0.633,0.054,0.065,role change (0 last season -> 2 this season); line far from history: new role?; only 2 games this season,"",false
338,George Holani,rec_yds,11.5,Los Angeles Chargers @ Seattle Seahawks,1,SEA,RB,LAC,true,24.8,11.5,11.5,0.974,12,"48, 2, 0, 0, 0",1/5,under,-118,draftkings,0.576,0.513,0.064,0.065,role change (2 last season -> 17 this season); fringe player line,"",false
339,Josh Cuevas,anytime_td,0.5,Tennessee Titans @ Baltimore Ravens,3,BAL,TE,TEN,true,27.0,0.1,1.0,0.861,1,0,0/1,over,1900,draftkings,0.053,0.049,0.004,0.064,only 1 game this season,"",true
340,Jalen Nailor,rec_yds,21.5,Kansas City Chiefs @ Las Vegas Raiders,1,LV,WR,KC,true,21.5,18.8,20.6,0.923,12,"16, 9, 27, 49, 0",2/5,under,-115,betmgm,0.569,0.5,0.069,0.064,"","",false
341,Ty Johnson,receptions,1.5,New England Patriots @ Buffalo Bills,3,BUF,RB,NE,true,28.2,2.6,2.6,0.973,12,"4, 2, 3, 0, 3",4/5,over,-125,betmgm,0.591,0.53,0.061,0.064,line far from history: new role?; only 1 game this season,"",false
342,George Holani,receptions,1.5,Los Angeles Chargers @ Seattle Seahawks,2,SEA,RB,LAC,true,24.8,1.3,1.4,0.973,12,"5, 1, 0, 0, 0",1/5,under,109,draftkings,0.509,0.466,0.043,0.064,role change (0 last season -> 2 this season),"",false
343,Brock Bowers,rec_yds,72.5,Kansas City Chiefs @ Las Vegas Raiders,1,LV,TE,KC,true,21.5,61.8,66.3,0.942,12,"116, 33, 28, 46, 63",1/5,under,-113,fanduel,0.564,0.5,0.064,0.064,only 1 game this season,"",false
344,Quentin Johnston,receptions,2.5,Los Angeles Chargers @ Seattle Seahawks,2,LAC,WR,SEA,false,17.8,2.4,2.6,0.971,12,"3, 1, 2, 5, 4",3/5,under,140,fanduel,0.443,0.395,0.049,0.064,role change (4 last season -> 2 this season),"",false
345,Brock Bowers,rec_yds,74.5,Kansas City Chiefs @ Las Vegas Raiders,1,LV,TE,KC,true,21.5,61.8,66.3,0.942,12,"116, 33, 28, 46, 63",1/5,under,-115,betmgm,0.569,0.5,0.069,0.064,only 1 game this season,"",false
346,Dare Ogunbowale,anytime_td,0.5,Dallas Cowboys @ Houston Texans,2,HOU,RB,DAL,true,25.8,0.1,2.3,1.2,12,"0, 0, 0, 1, 0",1/5,over,1600,draftkings,0.063,0.056,0.006,0.064,only 0 games this season,"",true
347,Bhayshul Tuten,rec_yds,11.5,Jacksonville Jaguars @ Cincinnati Bengals,1,JAX,RB,CIN,false,24.5,9.9,8.1,1.189,12,"17, -3, 22, 0, 16",3/5,under,-115,betmgm,0.569,0.5,0.069,0.063,role change (5 last season -> 12 this season); fringe player line,"",false
348,Marcus Mariota,pass_yds,204.5,Indianapolis Colts @ Washington Commanders,1,WAS,QB,IND,true,21.0,181.0,169.7,1.085,11,"183, 111, 95, 211, 294",2/5,under,-111,draftkings,0.559,0.498,0.061,0.063,only 2 games this season,"",false
349,DJ Moore,rec_yds,49.5,New England Patriots @ Buffalo Bills,2,BUF,WR,NE,true,28.2,45.2,44.8,0.947,12,"67, 0, 100, 11, 7",2/5,under,-110,draftkings,0.557,0.498,0.059,0.063,"","",false
350,Matthew Golden,rec_yds,57.5,Green Bay Packers @ Tampa Bay Buccaneers,1,GB,WR,TB,false,20.8,50.5,55.3,0.932,12,"100, 58, 95, 8, 12",3/5,under,-112,draftkings,0.561,0.5,0.061,0.063,role change (26 last season -> 84 this season),"",false
351,Jauan Jennings,rec_yds,26.5,Miami Dolphins @ Minnesota Vikings,2,MIN,WR,MIA,true,24.2,24.8,26.0,0.935,12,"1, 0, 35, 42, 71",3/5,under,-110,draftkings,0.557,0.498,0.059,0.063,role change (43 last season -> 0 this season); only 2 games this season,"",false
352,Bhayshul Tuten,receptions,1.5,Jacksonville Jaguars @ Cincinnati Bengals,3,JAX,RB,CIN,false,24.5,1.3,1.2,1.127,12,"2, 2, 1, 0, 1",2/5,under,115,betmgm,0.494,0.442,0.052,0.062,role change (1 last season -> 2 this season),"",false
353,Stefon Diggs,receptions,5.5,Indianapolis Colts @ Washington Commanders,1,WAS,WR,IND,true,21.0,4.4,4.5,0.981,12,"4, 5, 4, 3, 6",1/5,under,-114,fanduel,0.566,0.5,0.066,0.062,"","",false
354,Michael Wilson,receptions,5.5,Arizona Cardinals @ New York Giants,2,ARI,WR,NYG,false,23.5,6.4,6.2,1.03,12,"11, 2, 5, 5, 5",1/5,over,120,fanduel,0.483,0.425,0.058,0.062,"","",false
355,Chris Bell,rec_yds,34.5,Miami Dolphins @ Minnesota Vikings,2,MIA,WR,MIN,false,14.2,31.7,33.1,1.055,3,"67, 0, 25",1/3,under,-113,fanduel,0.563,0.502,0.061,0.062,"","",false
356,Garrett Wilson,rec_yds,74.5,New York Jets @ Chicago Bears,1,NYJ,WR,CHI,false,20.0,65.2,68.7,0.975,10,"107, 57, 79, 0, 13",2/5,under,-110,draftkings,0.556,0.496,0.061,0.062,"","",false
357,Cam Ward,rush_yds,9.5,Tennessee Titans @ Baltimore Ravens,1,TEN,QB,BAL,false,15.5,8.9,10.0,0.958,12,"2, 7, 21, 11, 10",3/5,under,-110,draftkings,0.556,0.496,0.06,0.061,fringe player line,"",false
358,Jameis Winston,anytime_td,0.5,Arizona Cardinals @ New York Giants,3,NYG,QB,ARI,true,21.0,0.1,2.2,0.8,5,"0, 0, 0, 1, 1",2/5,over,850,draftkings,0.112,0.108,0.004,0.061,only 2 games this season,"",true
359,Kalif Raymond,rec_yds,31.5,New York Jets @ Chicago Bears,2,CHI,WR,NYJ,true,23.5,50.7,54.3,0.923,12,"90, 40, 84, 52, 5",4/5,over,-113,fanduel,0.562,0.502,0.06,0.06,role change (19 last season -> 71 this season),"",false
360,Kenny Gainwell,rec_yds,8.5,Green Bay Packers @ Tampa Bay Buccaneers,1,TB,RB,GB,true,17.8,21.8,22.9,1.004,12,"14, 5, 3, 64, 12",3/5,over,-113,fanduel,0.563,0.5,0.063,0.06,role change (29 last season -> 7 this season); line far from history: new role?; fringe player line,"",false
361,Brock Bowers,anytime_td,0.5,Kansas City Chiefs @ Las Vegas Raiders,3,LV,TE,KC,true,21.5,0.6,8.5,1.056,12,"1, 1, 0, 1, 2",4/5,over,170,fanduel,0.393,0.364,0.028,0.06,only 1 game this season,"",false
362,Khalil Shakir,rec_yds,38.5,New England Patriots @ Buffalo Bills,1,BUF,WR,NE,true,28.2,33.6,33.3,0.947,12,"6, 38, 50, 35, 34",1/5,under,-113,fanduel,0.562,0.5,0.062,0.059,"","",false
363,Ted Hurst III,rec_yds,23.5,Green Bay Packers @ Tampa Bay Buccaneers,1,TB,WR,GB,true,17.8,33.2,34.6,1.014,3,"40, 27, 36",3/3,over,-109,draftkings,0.553,0.494,0.059,0.059,"","",false
364,Kalif Raymond,rec_yds,30.5,New York Jets @ Chicago Bears,1,CHI,WR,NYJ,true,23.5,50.7,54.3,0.923,12,"90, 40, 84, 52, 5",4/5,over,-115,betmgm,0.567,0.5,0.067,0.059,role change (19 last season -> 71 this season),"",false
365,Wan'Dale Robinson,receptions,3.5,Tennessee Titans @ Baltimore Ravens,3,TEN,WR,BAL,false,15.5,5.6,5.4,1.099,12,"7, 1, 5, 11, 3",3/5,over,-160,betmgm,0.652,0.583,0.069,0.059,"","",false
366,Cam Ward,pass_yds,187.5,Tennessee Titans @ Baltimore Ravens,1,TEN,QB,BAL,false,15.5,167.8,182.2,0.999,12,"181, 183, 140, 251, 228",2/5,under,-113,fanduel,0.562,0.5,0.062,0.059,"","",false
367,Ted Hurst III,rec_yds,22.5,Green Bay Packers @ Tampa Bay Buccaneers,1,TB,WR,GB,true,17.8,33.2,34.6,1.014,3,"40, 27, 36",3/3,over,-115,betmgm,0.566,0.5,0.066,0.059,"","",false
368,Justin Herbert,pass_yds,198.5,Los Angeles Chargers @ Seattle Seahawks,1,LAC,QB,SEA,false,17.8,175.5,209.3,0.885,12,"226, 192, 209, 236, 300",4/5,under,-115,betmgm,0.566,0.5,0.066,0.059,"","",false
369,Garrett Wilson,rec_yds,75.5,New York Jets @ Chicago Bears,1,NYJ,WR,CHI,false,20.0,65.2,68.7,0.975,10,"107, 57, 79, 0, 13",2/5,under,-113,fanduel,0.562,0.5,0.062,0.059,"","",false
370,Rashid Shaheed,rec_yds,22.5,Los Angeles Chargers @ Seattle Seahawks,1,SEA,WR,LAC,true,24.8,19.8,18.9,1.022,12,"14, 35, 4, 2, 8",1/5,under,-115,betmgm,0.567,0.5,0.067,0.059,role change (38 last season -> 18 this season),"",false
371,Jeremiyah Love,rush_yds,67.5,Arizona Cardinals @ New York Giants,1,ARI,RB,NYG,false,23.5,58.3,56.1,1.028,3,"90, 29, 41",1/3,under,-115,draftkings,0.566,0.506,0.06,0.058,"","",false
372,DJ Moore,rec_yds,52.5,New England Patriots @ Buffalo Bills,1,BUF,WR,NE,true,28.2,45.2,44.8,0.947,12,"67, 0, 100, 11, 7",2/5,under,-115,betmgm,0.566,0.5,0.066,0.058,"","",false
373,Ladd McConkey,receptions,3.5,Los Angeles Chargers @ Seattle Seahawks,1,LAC,WR,SEA,false,17.8,3.3,3.5,0.971,12,"4, 3, 5, 1, 4",3/5,under,128,fanduel,0.464,0.41,0.054,0.058,Questionable (Foot),"",false
374,Jalen Nailor,rec_yds,19.5,Kansas City Chiefs @ Las Vegas Raiders,2,LV,WR,KC,true,21.5,18.8,20.6,0.923,12,"16, 9, 27, 49, 0",2/5,under,-113,fanduel,0.561,0.504,0.057,0.058,"","",false
375,Chuba Hubbard,rec_yds,19.5,Detroit Lions @ Carolina Panthers,1,CAR,RB,DET,true,23.5,17.4,19.4,0.889,12,"28, 11, 38, 7, 6",2/5,under,-111,draftkings,0.557,0.498,0.059,0.058,role change (15 last season -> 26 this season),"",false
376,Jacoby Brissett,rush_yds,8.5,Arizona Cardinals @ New York Giants,1,ARI,QB,NYG,false,23.5,7.7,9.5,0.8,12,"4, 7, 14, 19, 0",2/5,under,-115,draftkings,0.566,0.506,0.06,0.058,fringe player line,"",false
377,Justice Hill,anytime_td,0.5,Tennessee Titans @ Baltimore Ravens,3,BAL,RB,TEN,true,27.0,0.2,4.6,0.961,12,"0, 0, 0, 0, 1",1/5,over,500,draftkings,0.176,0.176,-0.0,0.058,"","",true
378,Chris Rodriguez Jr.,rush_yds,20.5,Jacksonville Jaguars @ Cincinnati Bengals,1,JAX,RB,CIN,false,24.5,33.5,35.8,0.915,12,"37, 13, 23, 65, 63",4/5,over,-113,fanduel,0.561,0.5,0.061,0.058,role change (42 last season -> 24 this season),"",false
379,Jonathan Mingo,anytime_td,0.5,Dallas Cowboys @ Houston Texans,3,DAL,WR,HOU,false,22.8,0.0,1.0,1.2,6,"0, 0, 0, 0, 0",0/5,over,2800,betmgm,0.036,0.034,0.003,0.057,only 1 game this season,"",true
380,RJ Harvey,receptions,3.5,Denver Broncos @ San Francisco 49ers,2,DEN,RB,SF,false,22.8,4.3,3.9,1.101,12,"6, 4, 1, 5, 4",4/5,over,102,fanduel,0.523,0.479,0.044,0.057,role change (3 last season -> 5 this season); only 2 games this season,"",false
381,Emmett Johnson,rec_yds,7.5,Kansas City Chiefs @ Las Vegas Raiders,1,KC,RB,LV,false,26.0,19.6,19.0,0.996,3,"0, 20, 44",2/3,over,-120,betmgm,0.577,0.509,0.068,0.057,line far from history: new role?; fringe player line,"",false
382,Cam Ward,pass_yds,186.5,Tennessee Titans @ Baltimore Ravens,2,TEN,QB,BAL,false,15.5,167.8,182.2,0.999,12,"181, 183, 140, 251, 228",2/5,under,-113,draftkings,0.56,0.501,0.059,0.056,"","",false
383,Kenny Gainwell,receptions,1.5,Green Bay Packers @ Tampa Bay Buccaneers,2,TB,RB,GB,true,17.8,3.0,3.5,0.897,12,"2, 3, 1, 8, 3",4/5,over,-165,betmgm,0.657,0.596,0.062,0.056,role change (4 last season -> 2 this season); line far from history: new role?,"",false
384,Jalen Hurts,rush_yds,26.5,Los Angeles Rams @ Philadelphia Eagles,3,PHI,QB,LA,true,19.5,23.3,26.8,0.901,12,"25, 16, 46, 5, 40",2/5,under,-112,draftkings,0.558,0.5,0.058,0.056,"","",false
385,Tez Johnson,anytime_td,0.5,Green Bay Packers @ Tampa Bay Buccaneers,3,TB,WR,GB,true,17.8,0.2,2.7,1.026,12,"0, 0, 0, 0, 0",0/5,over,775,betmgm,0.121,0.108,0.013,0.056,"","",true
386,Drake Maye,rush_yds,26.5,New England Patriots @ Buffalo Bills,2,NE,QB,BUF,false,21.2,23.1,25.7,0.913,12,"18, 17, 47, 41, 22",2/5,under,-113,fanduel,0.56,0.5,0.06,0.055,"","",false
387,Zay Flowers,rec_yds,71.5,Tennessee Titans @ Baltimore Ravens,3,BAL,WR,TEN,true,27.0,100.3,93.9,1.017,12,"84, 150, 138, 30, 84",4/5,over,-111,draftkings,0.555,0.499,0.056,0.055,Questionable (Hamstring); only 2 games this season,"",false
388,Michael Wilson,anytime_td,0.5,Arizona Cardinals @ New York Giants,3,ARI,WR,NYG,false,23.5,0.5,10.4,1.145,12,"1, 0, 0, 1, 1",3/5,over,210,draftkings,0.34,0.307,0.033,0.055,"","",false
389,Elijah Arroyo,anytime_td,0.5,Los Angeles Chargers @ Seattle Seahawks,3,SEA,TE,LAC,true,24.8,0.1,1.6,0.861,12,"0, 0, 0, 0, 0",0/5,over,1200,draftkings,0.081,0.08,0.001,0.055,only 1 game this season,"",true
390,Bryce Young,pass_yds,238.5,Detroit Lions @ Carolina Panthers,1,CAR,QB,DET,true,23.5,296.8,258.5,1.136,12,"291, 287, 361, 266, 54",4/5,over,-114,fanduel,0.562,0.5,0.062,0.054,"","",false
391,Darren Waller,rec_yds,30.5,Detroit Lions @ Carolina Panthers,2,CAR,TE,DET,true,23.5,42.2,34.7,1.2,12,"51, 33, 28, 0, 40",3/5,over,-109,draftkings,0.55,0.497,0.053,0.054,"","",false
392,Marcus Mariota,pass_yds,203.5,Indianapolis Colts @ Washington Commanders,1,WAS,QB,IND,true,21.0,181.0,169.7,1.085,11,"183, 111, 95, 211, 294",2/5,under,-113,fanduel,0.559,0.5,0.059,0.054,only 2 games this season,"",false
393,Javonte Williams,receptions,2.5,Dallas Cowboys @ Houston Texans,3,DAL,RB,HOU,false,22.8,2.1,2.4,0.897,12,"2, 3, 5, 0, 2",2/5,under,-102,fanduel,0.532,0.484,0.049,0.054,"","",false
394,Davis Allen,anytime_td,0.5,Los Angeles Rams @ Philadelphia Eagles,3,LA,TE,PHI,false,23.0,0.2,2.2,0.8,12,"0, 0, 0, 0, 0",0/5,over,850,draftkings,0.111,0.098,0.013,0.054,"","",true
395,Emmett Johnson,anytime_td,0.5,Kansas City Chiefs @ Las Vegas Raiders,3,KC,RB,LV,false,26.0,0.2,6.5,0.814,3,"0, 0, 0",0/3,over,475,draftkings,0.183,0.188,-0.005,0.054,"","",true
396,Jake Briningstool,anytime_td,0.5,Kansas City Chiefs @ Las Vegas Raiders,3,KC,TE,LV,false,26.0,0.1,1.0,1.2,2,"0, 0",0/2,over,2000,fanduel,0.05,0.046,0.005,0.054,only 2 games this season,"",true
397,Cooper Kupp,rec_yds,24.5,Los Angeles Chargers @ Seattle Seahawks,2,SEA,WR,LAC,true,24.8,34.2,32.7,1.022,12,"46, 20, 35, 29, 6",3/5,over,-111,draftkings,0.554,0.499,0.055,0.053,"","",false
398,Jahmyr Gibbs,rec_yds,37.5,Detroit Lions @ Carolina Panthers,2,DET,RB,CAR,false,27.0,54.0,49.2,1.045,12,"65, 61, 30, 33, 23",2/5,over,-115,draftkings,0.563,0.503,0.06,0.053,"","",false
399,Jeremiyah Love,rush_yds,66.5,Arizona Cardinals @ New York Giants,1,ARI,RB,NYG,false,23.5,58.3,56.1,1.028,3,"90, 29, 41",1/3,under,-113,fanduel,0.559,0.5,0.059,0.053,"","",false
400,Tyler Higbee,anytime_td,0.5,Los Angeles Rams @ Philadelphia Eagles,3,LA,TE,PHI,false,23.0,0.4,5.2,0.8,12,"1, 0, 1, 0, 0",2/5,over,320,fanduel,0.251,0.224,0.027,0.053,only 2 games this season,"",false
401,Matthew Golden,rec_yds,56.5,Green Bay Packers @ Tampa Bay Buccaneers,2,GB,WR,TB,false,20.8,50.5,55.3,0.932,12,"100, 58, 95, 8, 12",3/5,under,-113,fanduel,0.559,0.5,0.059,0.053,role change (26 last season -> 84 this season),"",false
402,RJ Harvey,rush_yds,16.5,Denver Broncos @ San Francisco 49ers,1,DEN,RB,SF,false,22.8,28.9,28.1,1.025,12,"6, 18, 28, 43, 50",4/5,over,-113,draftkings,0.559,0.502,0.057,0.053,role change (32 last season -> 12 this season); line far from history: new role?; only 2 games this season,"",false
403,Emmett Johnson,rec_yds,8.5,Kansas City Chiefs @ Las Vegas Raiders,2,KC,RB,LV,false,26.0,19.6,19.0,0.996,3,"0, 20, 44",2/3,over,-112,draftkings,0.556,0.5,0.056,0.053,line far from history: new role?; fringe player line,"",false
404,Kyler Murray,rush_yds,21.5,Miami Dolphins @ Minnesota Vikings,1,MIN,QB,MIA,true,24.2,19.0,22.9,0.812,7,"17, 9, 25, 41, 37",3/5,under,-113,fanduel,0.558,0.5,0.058,0.052,role change (35 last season -> 13 this season); only 2 games this season,"",false
405,Noah Gray,receptions,1.5,Kansas City Chiefs @ Las Vegas Raiders,3,KC,TE,LV,false,26.0,1.7,1.5,1.094,12,"3, 0, 1, 3, 1",2/5,over,158,draftkings,0.408,0.371,0.037,0.052,"","",false
406,Tetairoa McMillan,rec_yds,70.5,Detroit Lions @ Carolina Panthers,2,CAR,WR,DET,true,23.5,63.9,58.0,1.089,12,"17, 101, 75, 85, 5",3/5,under,-110,draftkings,0.551,0.498,0.053,0.052,"","",false
407,Chase Brown,receptions,3.5,Jacksonville Jaguars @ Cincinnati Bengals,3,CIN,RB,JAX,true,27.0,4.1,3.8,1.05,12,"2, 3, 5, 4, 3",2/5,over,120,betmgm,0.478,0.436,0.043,0.052,"","",false
408,Sione Vaki,rush_yds,11.5,Detroit Lions @ Carolina Panthers,2,DET,RB,CAR,false,27.0,10.8,8.6,1.193,11,"26, 7, 7, 0, 0",1/5,under,-112,draftkings,0.555,0.5,0.055,0.051,role change (0 last season -> 13 this season); fringe player line,"",false
409,J. Michael Sturdivant,anytime_td,0.5,Green Bay Packers @ Tampa Bay Buccaneers,3,GB,WR,TB,false,20.8,0.1,1.6,0.906,2,"0, 0",0/2,over,1600,fanduel,0.062,0.058,0.003,0.051,only 2 games this season,"",true
410,Bryce Young,pass_yds,242.5,Detroit Lions @ Carolina Panthers,1,CAR,QB,DET,true,23.5,296.8,258.5,1.136,12,"291, 287, 361, 266, 54",4/5,over,-113,draftkings,0.558,0.502,0.056,0.051,"","",false
411,Kyren Williams,rush_yds,59.5,Los Angeles Rams @ Philadelphia Eagles,1,LA,RB,PHI,false,23.0,79.4,73.9,1.068,12,"88, 85, 41, 60, 92",4/5,over,-109,draftkings,0.548,0.494,0.055,0.051,"","",false
412,DeMario Douglas,rec_yds,28.5,New England Patriots @ Buffalo Bills,2,NE,WR,BUF,false,21.2,25.9,24.0,1.095,12,"38, 9, 20, 29, 10",2/5,under,-111,betmgm,0.552,0.498,0.055,0.05,"","",false
413,Greg Dulcich,receptions,2.5,Miami Dolphins @ Minnesota Vikings,3,MIA,TE,MIN,false,14.2,2.6,3.1,0.88,12,"5, 2, 2, 3, 5",3/5,under,132,draftkings,0.452,0.423,0.03,0.05,"","",false
414,Tre Harris,rec_yds,38.5,Los Angeles Chargers @ Seattle Seahawks,1,LAC,WR,SEA,false,17.8,34.7,41.7,0.878,12,"76, 53, 20, 28, 8",2/5,under,-113,draftkings,0.557,0.502,0.055,0.05,role change (20 last season -> 50 this season),"",false
415,Justice Hill,rush_yds,17.5,Tennessee Titans @ Baltimore Ravens,1,BAL,RB,TEN,true,27.0,16.8,15.1,1.059,12,"33, 6, 18, 0, 1",2/5,under,-112,draftkings,0.555,0.5,0.055,0.05,role change (9 last season -> 19 this season),"",false
416,Gunnar Helm,rec_yds,18.5,Tennessee Titans @ Baltimore Ravens,1,TEN,TE,BAL,false,15.5,16.7,18.9,0.961,12,"14, 13, 28, 1, 9",1/5,under,-113,fanduel,0.557,0.5,0.057,0.049,"","",false
417,Omarion Hampton,receptions,1.5,Los Angeles Chargers @ Seattle Seahawks,1,LAC,RB,SEA,false,17.8,2.0,2.0,1.025,12,"0, 2, 0, 8, 1",2/5,over,122,draftkings,0.472,0.425,0.047,0.049,role change (4 last season -> 1 this season),"",false
418,Cam Skattebo,rush_yds,63.5,Arizona Cardinals @ New York Giants,1,NYG,RB,ARI,true,21.0,56.5,55.7,1.032,11,"60, 36, 81, 12, 60",1/5,under,-114,draftkings,0.559,0.504,0.055,0.049,"","",false
419,Ladd McConkey,rec_yds,47.5,Los Angeles Chargers @ Seattle Seahawks,2,LAC,WR,SEA,false,17.8,42.5,51.1,0.878,12,"66, 35, 82, 31, 43",2/5,under,-113,draftkings,0.556,0.501,0.055,0.048,Questionable (Foot),"",false
420,Daniel Jones,rush_yds,10.5,Indianapolis Colts @ Washington Commanders,2,IND,QB,WAS,false,25.5,10.5,8.8,1.154,12,"5, 10, 4, 4, 1",0/5,under,-113,fanduel,0.555,0.505,0.05,0.047,role change (13 last season -> 6 this season); fringe player line,"",false
421,Chris Moore,rec_yds,8.5,Tennessee Titans @ Baltimore Ravens,1,BAL,WR,TEN,true,27.0,19.6,18.3,1.017,12,"4, 6, 53, 15, 0",2/5,over,-113,fanduel,0.555,0.5,0.055,0.047,Questionable (Ankle); line far from history: new role?; fringe player line,"",false
422,Jeremiyah Love,rec_yds,16.5,Arizona Cardinals @ New York Giants,1,ARI,RB,NYG,false,23.5,14.7,15.2,0.956,3,"19, 16, 9",1/3,under,-113,fanduel,0.556,0.5,0.056,0.047,"","",false
423,Keaton Mitchell,receptions,1.5,Los Angeles Chargers @ Seattle Seahawks,2,LAC,RB,SEA,false,17.8,1.2,1.2,1.025,12,"3, 1, 0, 0, 2",2/5,under,-112,draftkings,0.553,0.499,0.054,0.047,role change (1 last season -> 1 this season),"",false
424,Cody White,receptions,1.5,Kansas City Chiefs @ Las Vegas Raiders,3,LV,WR,KC,true,21.5,0.8,0.8,0.971,11,"1, 2, 0, 0, 1",1/5,under,-200,fanduel,0.698,0.644,0.054,0.047,role change (0 last season -> 1 this season); line far from history: new role?,"",false
425,Malik Willis,pass_yds,168.5,Miami Dolphins @ Minnesota Vikings,2,MIA,QB,MIN,false,14.2,199.0,209.1,1.048,5,"210, 197, 220, 288, 121",4/5,over,-113,draftkings,0.555,0.501,0.054,0.046,role change (106 last season -> 209 this season),"",false
426,Foster Moreau,rec_yds,8.5,Dallas Cowboys @ Houston Texans,1,HOU,TE,DAL,true,25.8,15.4,14.5,1.025,10,"7, 34, 15, 5, 16",3/5,over,-120,betmgm,0.571,0.51,0.061,0.046,role change (8 last season -> 19 this season); line far from history: new role?; fringe player line,"",false
427,Foster Moreau,anytime_td,0.5,Dallas Cowboys @ Houston Texans,3,HOU,TE,DAL,true,25.8,0.1,2.2,1.2,10,"1, 0, 0, 0, 0",1/5,over,800,draftkings,0.116,0.109,0.007,0.046,"","",true
428,Cam Skattebo,rush_yds,62.5,Arizona Cardinals @ New York Giants,2,NYG,RB,ARI,true,21.0,56.5,55.7,1.032,11,"60, 36, 81, 12, 60",1/5,under,-113,fanduel,0.555,0.504,0.051,0.045,"","",false
429,Isaiah Williams,rec_yds,23.5,New York Jets @ Chicago Bears,1,NYJ,WR,CHI,false,20.0,20.6,21.8,0.975,12,"21, 34, 7, 24, 30",3/5,under,-115,betmgm,0.559,0.5,0.059,0.045,"","",false
430,Malik Washington,rec_yds,39.5,Miami Dolphins @ Minnesota Vikings,1,MIA,WR,MIN,false,14.2,34.6,36.2,1.055,12,"56, 43, 53, 6, 4",3/5,under,-115,betmgm,0.559,0.5,0.059,0.045,role change (19 last season -> 51 this season),"",false
431,Tucker Kraft,anytime_td,0.5,Green Bay Packers @ Tampa Bay Buccaneers,3,GB,TE,TB,false,20.8,0.5,5.8,1.056,11,"0, 0, 0, 0, 2",1/5,over,250,fanduel,0.299,0.271,0.027,0.045,"","",false
432,Kyler Murray,pass_yds,207.5,Miami Dolphins @ Minnesota Vikings,1,MIN,QB,MIA,true,24.2,189.3,186.0,0.999,6,"168, 220, 200, 159, 220",2/5,under,-113,fanduel,0.554,0.5,0.054,0.045,role change (192 last season -> 93 this season); only 1 game this season,"",false
433,Kyle Monangai,rec_yds,5.5,New York Jets @ Chicago Bears,2,CHI,RB,NYJ,true,23.5,11.6,10.8,1.067,12,"0, 11, 24, 15, 9",4/5,over,-113,fanduel,0.554,0.506,0.048,0.045,line far from history: new role?; fringe player line,"",false
434,Malik Washington,rec_yds,38.5,Miami Dolphins @ Minnesota Vikings,1,MIA,WR,MIN,false,14.2,34.6,36.2,1.055,12,"56, 43, 53, 6, 4",3/5,under,-113,fanduel,0.554,0.5,0.054,0.044,role change (19 last season -> 51 this season),"",false
435,Cam Skattebo,receptions,2.5,Arizona Cardinals @ New York Giants,3,NYG,RB,ARI,true,21.0,2.1,2.6,0.82,11,"3, 4, 0, 1, 3",3/5,under,-105,betmgm,0.534,0.489,0.045,0.043,"","",false
436,Cole Kmet,anytime_td,0.5,New York Jets @ Chicago Bears,3,CHI,TE,NYJ,true,23.5,0.1,2.2,0.8,12,"0, 0, 1, 0, 0",1/5,over,700,betmgm,0.13,0.134,-0.003,0.043,"","",true
437,Carnell Tate,rec_yds,45.5,Tennessee Titans @ Baltimore Ravens,1,TEN,WR,BAL,false,15.5,40.9,42.1,1.053,3,"58, 27, 38",1/3,under,-115,draftkings,0.558,0.506,0.051,0.043,"","",false
438,Chris Bell,rec_yds,32.5,Miami Dolphins @ Minnesota Vikings,1,MIA,WR,MIN,false,14.2,31.7,33.1,1.055,3,"67, 0, 25",1/3,under,-111,betmgm,0.549,0.491,0.058,0.043,"","",false
439,Tyler Warren,receptions,5.5,Indianapolis Colts @ Washington Commanders,3,IND,TE,WAS,false,25.5,5.3,5.4,0.966,12,"9, 6, 3, 5, 5",2/5,under,111,draftkings,0.494,0.467,0.027,0.043,"","",false
440,Dohnte Meyers,rec_yds,19.5,Jacksonville Jaguars @ Cincinnati Bengals,2,CIN,WR,JAX,true,27.0,18.1,16.3,1.058,3,"29, 0, 18",1/3,under,-113,fanduel,0.553,0.5,0.053,0.043,"","",false
441,Saquon Barkley,rush_yds,70.5,Los Angeles Rams @ Philadelphia Eagles,2,PHI,RB,LA,true,19.5,64.9,70.1,0.959,12,"82, 9, 83, 68, 132",3/5,under,-111,draftkings,0.549,0.499,0.05,0.043,"","",false
442,Chris Godwin,receptions,2.5,Green Bay Packers @ Tampa Bay Buccaneers,3,TB,WR,GB,true,17.8,3.5,3.5,1.04,12,"3, 3, 4, 1, 7",4/5,over,-125,betmgm,0.579,0.534,0.045,0.042,"","",false
443,Adam Trautman,receptions,0.5,Denver Broncos @ San Francisco 49ers,2,DEN,TE,SF,false,22.8,1.9,1.8,1.094,12,"2, 2, 2, 2, 3",5/5,over,-204,draftkings,0.7,0.632,0.068,0.042,line far from history: new role?; fringe player line; only 1 game this season,"",false
444,Marvin Harrison Jr.,rec_yds,34.5,Arizona Cardinals @ New York Giants,2,ARI,WR,NYG,false,23.5,33.2,32.4,1.014,12,"40, 0, 33, 0, 14",1/5,under,-111,draftkings,0.548,0.499,0.049,0.042,role change (51 last season -> 24 this season),"",false
445,Isaiah Williams,rec_yds,22.5,New York Jets @ Chicago Bears,2,NYJ,WR,CHI,false,20.0,20.6,21.8,0.975,12,"21, 34, 7, 24, 30",3/5,under,-113,draftkings,0.552,0.501,0.051,0.041,"","",false
446,Tank Bigsby,rush_yds,8.5,Los Angeles Rams @ Philadelphia Eagles,2,PHI,RB,LA,true,19.5,21.0,22.6,0.959,12,"0, 33, 3, 75, 7",2/5,over,-110,draftkings,0.545,0.498,0.047,0.041,role change (24 last season -> 12 this season); line far from history: new role?; fringe player line,"",false
447,Kevin Coleman Jr.,anytime_td,0.5,Miami Dolphins @ Minnesota Vikings,3,MIA,WR,MIN,false,14.2,0.1,3.1,1.026,2,"0, 0",0/2,over,1000,draftkings,0.095,0.089,0.006,0.041,only 2 games this season,"",true
448,Ryan Flournoy,rec_yds,33.5,Dallas Cowboys @ Houston Texans,3,DAL,WR,HOU,false,22.8,31.9,30.0,1.06,12,"22, 23, 22, 68, 18",1/5,under,-112,draftkings,0.549,0.5,0.049,0.04,"","",false
449,Kyler Murray,pass_yds,204.5,Miami Dolphins @ Minnesota Vikings,1,MIN,QB,MIA,true,24.2,189.3,186.0,0.999,6,"168, 220, 200, 159, 220",2/5,under,-111,draftkings,0.547,0.498,0.049,0.04,role change (192 last season -> 93 this season); only 1 game this season,"",false
450,Malik Willis,pass_yds,169.5,Miami Dolphins @ Minnesota Vikings,1,MIA,QB,MIN,false,14.2,199.0,209.1,1.048,5,"210, 197, 220, 288, 121",4/5,over,-113,fanduel,0.552,0.5,0.052,0.04,role change (106 last season -> 209 this season),"",false
451,Bryce Young,rush_yds,12.5,Detroit Lions @ Carolina Panthers,2,CAR,QB,DET,true,23.5,12.3,10.1,1.2,12,"0, 6, 10, -1, 27",1/5,under,-114,fanduel,0.554,0.503,0.051,0.04,role change (14 last season -> 5 this season); fringe player line,"",false
452,Courtland Sutton,rec_yds,40.5,Denver Broncos @ San Francisco 49ers,1,DEN,WR,SF,false,22.8,37.7,39.0,0.962,12,"46, 25, 11, 5, 40",1/5,under,-115,draftkings,0.556,0.506,0.049,0.039,role change (60 last season -> 27 this season),"",false
453,Kyren Williams,receptions,2.5,Los Angeles Rams @ Philadelphia Eagles,3,LA,RB,PHI,false,23.0,2.7,3.1,0.871,12,"6, 2, 3, 3, 3",4/5,over,132,draftkings,0.448,0.423,0.025,0.039,role change (2 last season -> 4 this season),"",false
454,Jeremiyah Love,rush_yds,65.5,Arizona Cardinals @ New York Giants,1,ARI,RB,NYG,false,23.5,58.3,56.1,1.028,3,"90, 29, 41",1/3,under,-115,betmgm,0.556,0.5,0.056,0.039,"","",false
455,Romeo Doubs,receptions,3.5,New England Patriots @ Buffalo Bills,3,NE,WR,BUF,false,21.2,2.6,2.5,1.059,12,"3, 3, 0, 3, 5",1/5,under,-145,draftkings,0.615,0.567,0.048,0.039,role change (3 last season -> 2 this season),"",false
456,George Holani,rec_yds,9.5,Los Angeles Chargers @ Seattle Seahawks,1,SEA,RB,LAC,true,24.8,11.5,11.5,0.974,12,"48, 2, 0, 0, 0",1/5,under,-113,fanduel,0.551,0.5,0.051,0.038,role change (2 last season -> 17 this season); fringe player line,"",false
457,Jalen Hurts,pass_yds,191.5,Los Angeles Rams @ Philadelphia Eagles,1,PHI,QB,LA,true,19.5,173.5,195.8,0.917,12,"153, 264, 203, 110, 185",2/5,under,-115,betmgm,0.555,0.5,0.055,0.038,"","",false
458,Michael Mayer,receptions,2.5,Kansas City Chiefs @ Las Vegas Raiders,3,LV,TE,KC,true,21.5,3.6,3.5,1.03,12,"3, 3, 6, 3, 9",5/5,over,-128,draftkings,0.582,0.534,0.048,0.037,"","",false
459,MarShawn Lloyd,rec_yds,5.5,Green Bay Packers @ Tampa Bay Buccaneers,1,GB,RB,TB,false,20.8,5.1,4.7,1.111,3,"7, 6, 0",2/3,under,-113,fanduel,0.55,0.5,0.05,0.037,fringe player line,"",false
460,Mitchell Evans,anytime_td,0.5,Detroit Lions @ Carolina Panthers,3,CAR,TE,DET,true,23.5,0.1,2.1,1.2,12,"0, 0, 0, 0, 0",0/5,over,850,draftkings,0.109,0.103,0.006,0.037,"","",true
461,Ryan Miller,anytime_td,0.5,Miami Dolphins @ Minnesota Vikings,3,MIA,WR,MIN,false,14.2,0.1,1.1,1.026,11,"0, 1, 0, 0, 0",1/5,over,1700,draftkings,0.058,0.052,0.005,0.037,only 2 games this season,"",true
462,Jackson Meeks,anytime_td,0.5,Detroit Lions @ Carolina Panthers,3,DET,WR,CAR,false,27.0,0.1,1.0,0.8,1,0,0/1,over,2000,betmgm,0.049,0.048,0.001,0.036,only 1 game this season,"",true
463,Bo Nix,anytime_td,0.5,Denver Broncos @ San Francisco 49ers,2,DEN,QB,SF,false,22.8,0.3,4.7,1.185,12,"1, 0, 0, 0, 1",2/5,over,400,fanduel,0.207,0.193,0.014,0.036,"","",false
464,Khalil Shakir,rec_yds,36.5,New England Patriots @ Buffalo Bills,1,BUF,WR,NE,true,28.2,33.6,33.3,0.947,12,"6, 38, 50, 35, 34",2/5,under,-115,betmgm,0.553,0.5,0.053,0.035,"","",false
465,Tee Higgins,anytime_td,0.5,Jacksonville Jaguars @ Cincinnati Bengals,3,CIN,WR,JAX,true,27.0,0.7,7.4,0.8,12,"1, 0, 0, 1, 0",2/5,over,140,betmgm,0.431,0.403,0.028,0.035,"","",false
466,Drew Sample,anytime_td,0.5,Jacksonville Jaguars @ Cincinnati Bengals,3,CIN,TE,JAX,true,27.0,0.1,2.1,0.861,12,"0, 0, 0, 0, 0",0/5,over,775,betmgm,0.118,0.118,0.001,0.035,only 2 games this season,"",true
467,Devontez Walker,anytime_td,0.5,Tennessee Titans @ Baltimore Ravens,3,BAL,WR,TEN,true,27.0,0.1,1.2,0.906,10,"0, 0, 1, 0, 0",1/5,over,850,draftkings,0.109,0.106,0.003,0.035,only 2 games this season,"",true
468,MarShawn Lloyd,receptions,1.5,Green Bay Packers @ Tampa Bay Buccaneers,3,GB,RB,TB,false,20.8,1.6,1.4,1.152,3,"2, 2, 0",2/3,over,144,fanduel,0.424,0.397,0.027,0.035,"","",false
469,Hunter Henry,rec_yds,33.5,New England Patriots @ Buffalo Bills,1,NE,TE,BUF,false,21.2,30.8,34.2,0.914,12,"5, 40, 26, 56, 49",3/5,under,-118,betmgm,0.56,0.507,0.053,0.035,role change (45 last season -> 24 this season),"",false
470,Brock Purdy,pass_yds,234.5,Denver Broncos @ San Francisco 49ers,1,SF,QB,DEN,true,25.8,271.4,253.8,1.032,12,"297, 287, 205, 127, 303",3/5,over,-112,draftkings,0.546,0.5,0.046,0.034,"","",false
471,Gunnar Helm,receptions,2.5,Tennessee Titans @ Baltimore Ravens,3,TEN,TE,BAL,false,15.5,2.4,2.7,0.944,12,"2, 2, 4, 1, 2",1/5,under,112,fanduel,0.488,0.453,0.035,0.034,"","",false
472,Michael Wilson,receptions,4.5,Arizona Cardinals @ New York Giants,1,ARI,WR,NYG,false,23.5,6.4,6.2,1.03,12,"11, 2, 5, 5, 5",4/5,over,-160,draftkings,0.636,0.581,0.055,0.034,"","",false
473,Jaxon Smith-Njigba,receptions,7.5,Los Angeles Chargers @ Seattle Seahawks,2,SEA,WR,LAC,true,24.8,8.2,8.2,0.991,12,"10, 9, 8, 6, 9",4/5,over,112,draftkings,0.488,0.448,0.039,0.034,"","",false
474,Kendrick Bourne,receptions,2.5,Arizona Cardinals @ New York Giants,3,ARI,WR,NYG,false,23.5,2.8,2.7,1.03,12,"2, 2, 8, 0, 1",1/5,over,134,fanduel,0.442,0.404,0.038,0.034,"","",false
475,Brock Purdy,pass_yds,233.5,Denver Broncos @ San Francisco 49ers,1,SF,QB,DEN,true,25.8,271.4,253.8,1.032,12,"297, 287, 205, 127, 303",3/5,over,-113,fanduel,0.548,0.5,0.048,0.033,"","",false
476,Dalton Kincaid,receptions,4.5,New England Patriots @ Buffalo Bills,3,BUF,TE,NE,true,28.2,3.4,3.7,0.88,12,"2, 7, 5, 3, 0",2/5,under,-146,draftkings,0.613,0.559,0.055,0.033,"","",false
477,Jake Ferguson,receptions,3.5,Dallas Cowboys @ Houston Texans,3,DAL,TE,HOU,false,22.8,3.1,3.0,1.051,12,"3, 4, 2, 1, 1",1/5,under,-118,draftkings,0.559,0.533,0.026,0.033,"","",false
478,Ladd McConkey,receptions,4.5,Los Angeles Chargers @ Seattle Seahawks,1,LAC,WR,SEA,false,17.8,3.3,3.5,0.971,12,"4, 3, 5, 1, 4",1/5,under,-163,draftkings,0.64,0.585,0.056,0.033,Questionable (Foot),"",false
479,Kyren Williams,rush_yds,60.5,Los Angeles Rams @ Philadelphia Eagles,1,LA,RB,PHI,false,23.0,79.4,73.9,1.068,12,"88, 85, 41, 60, 92",3/5,over,-111,betmgm,0.544,0.493,0.051,0.033,"","",false
480,Jalen Hurts,pass_yds,187.5,Los Angeles Rams @ Philadelphia Eagles,1,PHI,QB,LA,true,19.5,173.5,195.8,0.917,12,"153, 264, 203, 110, 185",2/5,under,-113,fanduel,0.548,0.5,0.048,0.032,"","",false
481,Chuba Hubbard,rec_yds,18.5,Detroit Lions @ Carolina Panthers,1,CAR,RB,DET,true,23.5,17.4,19.4,0.889,12,"28, 11, 38, 7, 6",2/5,under,-114,fanduel,0.55,0.5,0.05,0.032,role change (15 last season -> 26 this season),"",false
482,Mack Hollins,receptions,3.5,New England Patriots @ Buffalo Bills,3,NE,WR,BUF,false,21.2,4.4,4.2,1.059,12,"6, 2, 4, 7, 4",4/5,over,-115,betmgm,0.552,0.513,0.039,0.032,"","",false
483,Quintin Morris,anytime_td,0.5,Jacksonville Jaguars @ Cincinnati Bengals,3,JAX,TE,CIN,false,24.5,0.1,0.9,0.8,12,"0, 0, 1, 0, 0",1/5,over,1500,draftkings,0.064,0.065,-0.001,0.032,only 2 games this season,"",true
484,Wan'Dale Robinson,anytime_td,0.5,Tennessee Titans @ Baltimore Ravens,3,TEN,WR,BAL,false,15.5,0.2,8.0,0.906,12,"1, 0, 0, 0, 0",1/5,over,450,draftkings,0.187,0.175,0.012,0.031,"","",true
485,Tre Harris,rec_yds,36.5,Los Angeles Chargers @ Seattle Seahawks,1,LAC,WR,SEA,false,17.8,34.7,41.7,0.878,12,"76, 53, 20, 28, 8",2/5,under,-113,fanduel,0.547,0.5,0.047,0.031,role change (20 last season -> 50 this season),"",false
486,Jake Ferguson,anytime_td,0.5,Dallas Cowboys @ Houston Texans,3,DAL,TE,HOU,false,22.8,0.3,4.0,0.8,12,"1, 2, 0, 0, 1",3/5,over,320,fanduel,0.246,0.226,0.02,0.031,"","",false
487,Saquon Barkley,rush_yds,69.5,Los Angeles Rams @ Philadelphia Eagles,1,PHI,RB,LA,true,19.5,64.9,70.1,0.959,12,"82, 9, 83, 68, 132",3/5,under,-113,fanduel,0.547,0.5,0.047,0.031,"","",false
488,Justice Hill,rush_yds,16.5,Tennessee Titans @ Baltimore Ravens,2,BAL,RB,TEN,true,27.0,16.8,15.1,1.059,12,"33, 6, 18, 0, 1",2/5,under,-113,fanduel,0.547,0.5,0.047,0.031,role change (9 last season -> 19 this season),"",false
489,Tee Higgins,rec_yds,62.5,Jacksonville Jaguars @ Cincinnati Bengals,1,CIN,WR,JAX,true,27.0,84.6,76.1,1.058,12,"90, 95, 59, 67, 59",3/5,over,-113,fanduel,0.547,0.5,0.047,0.031,"","",false
490,Tee Higgins,rec_yds,61.5,Jacksonville Jaguars @ Cincinnati Bengals,1,CIN,WR,JAX,true,27.0,84.6,76.1,1.058,12,"90, 95, 59, 67, 59",3/5,over,-115,betmgm,0.551,0.5,0.051,0.03,"","",false
491,Troy Franklin,receptions,0.5,Denver Broncos @ San Francisco 49ers,2,DEN,WR,SF,false,22.8,1.8,1.8,0.981,12,"1, 1, 0, 0, 4",3/5,over,-203,draftkings,0.69,0.631,0.059,0.03,role change (4 last season -> 1 this season); line far from history: new role?; fringe player line,"",false
492,TreVeyon Henderson,rush_yds,39.5,New England Patriots @ Buffalo Bills,2,NE,RB,BUF,false,21.2,60.0,60.8,1.0,12,"23, 76, 53, 82, 3",3/5,over,-113,fanduel,0.546,0.5,0.046,0.03,only 2 games this season,"",false
493,Keaton Mitchell,anytime_td,0.5,Los Angeles Chargers @ Seattle Seahawks,3,LAC,RB,SEA,false,17.8,0.2,7.1,0.814,12,"1, 0, 0, 0, 0",1/5,over,600,fanduel,0.147,0.146,0.001,0.03,"","",true
494,Luther Burden III,receptions,4.5,New York Jets @ Chicago Bears,3,CHI,WR,NYJ,true,23.5,4.8,4.8,1.001,12,"7, 3, 5, 3, 8",3/5,over,115,betmgm,0.479,0.457,0.022,0.03,"","",false
495,Ryan Flournoy,anytime_td,0.5,Dallas Cowboys @ Houston Texans,3,DAL,WR,HOU,false,22.8,0.3,5.6,1.2,12,"0, 0, 0, 0, 1",1/5,over,360,fanduel,0.224,0.211,0.012,0.03,"","",false
496,Garrett Wilson,rec_yds,77.5,New York Jets @ Chicago Bears,1,NYJ,WR,CHI,false,20.0,65.2,68.7,0.975,10,"107, 57, 79, 0, 13",2/5,under,-135,betmgm,0.592,0.535,0.057,0.03,"","",false
497,Chris Moore,receptions,0.5,Tennessee Titans @ Baltimore Ravens,3,BAL,WR,TEN,true,27.0,1.1,1.0,1.04,12,"1, 1, 1, 1, 0",4/5,over,-131,draftkings,0.584,0.55,0.034,0.03,Questionable (Ankle); line far from history: new role?; fringe player line,"",false
498,James Cook,rush_yds,84.5,New England Patriots @ Buffalo Bills,1,BUF,RB,NE,true,28.2,110.0,103.1,1.003,12,"154, 135, 57, 15, 74",2/5,over,-113,fanduel,0.547,0.5,0.047,0.03,"","",false
499,Bo Nix,pass_yds,227.5,Denver Broncos @ San Francisco 49ers,1,DEN,QB,SF,false,22.8,211.8,216.5,0.976,12,"186, 288, 131, 141, 182",1/5,under,-113,draftkings,0.546,0.502,0.044,0.029,"","",false
500,Colston Loveland,receptions,3.5,New York Jets @ Chicago Bears,3,CHI,TE,NYJ,true,23.5,3.1,3.3,0.923,12,"4, 1, 0, 10, 6",3/5,under,-123,draftkings,0.567,0.538,0.029,0.028,role change (4 last season -> 2 this season),"",false
501,Jacoby Brissett,rush_yds,7.5,Arizona Cardinals @ New York Giants,2,ARI,QB,NYG,false,23.5,7.7,9.5,0.8,12,"4, 7, 14, 19, 0",2/5,under,-113,fanduel,0.545,0.5,0.045,0.028,fringe player line,"",false
502,Kenny Gainwell,rec_yds,9.5,Green Bay Packers @ Tampa Bay Buccaneers,1,TB,RB,GB,true,17.8,21.8,22.9,1.004,12,"14, 5, 3, 64, 12",3/5,over,-120,draftkings,0.561,0.516,0.045,0.028,role change (29 last season -> 7 this season); line far from history: new role?; fringe player line,"",false
503,Puka Nacua,receptions,6.5,Los Angeles Rams @ Philadelphia Eagles,1,LA,WR,PHI,false,23.0,7.2,7.0,1.02,12,"5, 10, 5, 12, 9",3/5,over,111,draftkings,0.487,0.448,0.04,0.028,only 1 game this season,"",false
504,Tee Higgins,rec_yds,63.5,Jacksonville Jaguars @ Cincinnati Bengals,1,CIN,WR,JAX,true,27.0,84.6,76.1,1.058,12,"90, 95, 59, 67, 59",3/5,over,-113,draftkings,0.545,0.502,0.043,0.027,"","",false
505,Christian Watson,receptions,4.5,Green Bay Packers @ Tampa Bay Buccaneers,3,GB,WR,TB,false,20.8,4.5,4.8,0.942,12,"7, 4, 6, 5, 2",3/5,under,116,fanduel,0.475,0.45,0.026,0.027,"","",false
506,Jalen Coker,receptions,4.5,Detroit Lions @ Carolina Panthers,2,CAR,WR,DET,true,23.5,5.2,4.8,1.079,12,"2, 8, 8, 6, 2",3/5,over,106,fanduel,0.499,0.457,0.042,0.027,Questionable (Quadricep); role change (3 last season -> 6 this season),"",false
507,George Pickens,rec_yds,68.5,Dallas Cowboys @ Houston Texans,2,DAL,WR,HOU,false,22.8,65.0,61.2,1.06,12,"82, 40, 28, 9, 78",2/5,under,-113,draftkings,0.544,0.501,0.043,0.026,role change (84 last season -> 50 this season),"",false
508,Brock Wright,receptions,0.5,Detroit Lions @ Carolina Panthers,2,DET,TE,CAR,false,27.0,1.3,1.4,0.923,11,"2, 0, 1, 3, 2",4/5,over,-148,fanduel,0.613,0.564,0.049,0.026,role change (2 last season -> 1 this season); line far from history: new role?; fringe player line,"",false
509,Hunter Long,anytime_td,0.5,Arizona Cardinals @ New York Giants,2,ARI,TE,NYG,false,23.5,0.1,1.2,0.861,10,"0, 0, 0, 0, 0",0/5,over,1300,draftkings,0.073,0.066,0.007,0.026,"","",true
510,Kayshon Boutte,anytime_td,0.5,Dallas Cowboys @ Houston Texans,3,HOU,WR,DAL,true,25.8,0.3,3.0,1.026,12,"0, 0, 0, 0, 0",0/5,over,390,betmgm,0.209,0.2,0.009,0.026,"","",false
511,Davante Adams,anytime_td,0.5,Los Angeles Rams @ Philadelphia Eagles,3,LA,WR,PHI,false,23.0,0.9,8.9,1.145,12,"0, 2, 0, 0, 0",1/5,over,115,draftkings,0.477,0.434,0.043,0.026,"","",false
512,Blake Corum,rush_yds,39.5,Los Angeles Rams @ Philadelphia Eagles,2,LA,RB,PHI,false,23.0,54.3,50.5,1.068,12,"15, 79, 54, 59, 18",3/5,over,-110,draftkings,0.537,0.498,0.039,0.025,"","",false
513,Hunter Henry,rec_yds,30.5,New England Patriots @ Buffalo Bills,2,NE,TE,BUF,false,21.2,30.8,34.2,0.914,12,"5, 40, 26, 56, 49",3/5,under,-113,fanduel,0.544,0.504,0.04,0.025,role change (45 last season -> 24 this season),"",false
514,Jaxon Smith-Njigba,rec_yds,92.5,Los Angeles Chargers @ Seattle Seahawks,1,SEA,WR,LAC,true,24.8,121.9,116.4,1.022,12,"128, 155, 122, 84, 72",3/5,over,-111,draftkings,0.539,0.498,0.041,0.025,"","",false
515,Jalen Hurts,pass_yds,184.5,Los Angeles Rams @ Philadelphia Eagles,1,PHI,QB,LA,true,19.5,173.5,195.8,0.917,12,"153, 264, 203, 110, 185",3/5,under,-112,draftkings,0.542,0.5,0.042,0.025,"","",false
516,Courtland Sutton,rec_yds,38.5,Denver Broncos @ San Francisco 49ers,1,DEN,WR,SF,false,22.8,37.7,39.0,0.962,12,"46, 25, 11, 5, 40",2/5,under,-113,fanduel,0.543,0.5,0.043,0.024,role change (60 last season -> 27 this season),"",false
517,Sione Vaki,anytime_td,0.5,Detroit Lions @ Carolina Panthers,3,DET,RB,CAR,false,27.0,0.1,2.5,1.2,11,"0, 0, 0, 0, 0",0/5,over,800,draftkings,0.114,0.129,-0.016,0.023,"","",true
518,Chuba Hubbard,receptions,2.5,Detroit Lions @ Carolina Panthers,3,CAR,RB,DET,true,23.5,2.7,2.5,1.05,12,"4, 2, 3, 2, 3",3/5,under,128,draftkings,0.449,0.428,0.021,0.023,"","",false
519,Carnell Tate,rec_yds,43.5,Tennessee Titans @ Baltimore Ravens,1,TEN,WR,BAL,false,15.5,40.9,42.1,1.053,3,"58, 27, 38",1/3,under,-113,fanduel,0.543,0.5,0.043,0.023,"","",false
520,Cam Skattebo,rec_yds,19.5,Arizona Cardinals @ New York Giants,1,NYG,RB,ARI,true,21.0,19.7,23.5,0.856,11,"40, 19, 0, 18, 34",2/5,under,-113,fanduel,0.542,0.5,0.042,0.022,"","",false
521,Kyler Murray,pass_yds,203.5,Miami Dolphins @ Minnesota Vikings,1,MIN,QB,MIA,true,24.2,189.3,186.0,0.999,6,"168, 220, 200, 159, 220",2/5,under,-115,betmgm,0.547,0.5,0.047,0.022,role change (192 last season -> 93 this season); only 1 game this season,"",false
522,Carnell Tate,rec_yds,44.5,Tennessee Titans @ Baltimore Ravens,1,TEN,WR,BAL,false,15.5,40.9,42.1,1.053,3,"58, 27, 38",1/3,under,-118,betmgm,0.553,0.507,0.046,0.022,"","",false
523,Lil'Jordan Humphrey,anytime_td,0.5,Denver Broncos @ San Francisco 49ers,1,DEN,WR,SF,false,22.8,0.1,2.7,0.906,8,"0, 0, 0, 1, 0",1/5,over,950,fanduel,0.097,0.088,0.009,0.021,only 1 game this season,"",true
524,Noah Gray,rec_yds,8.5,Kansas City Chiefs @ Las Vegas Raiders,3,KC,TE,LV,false,26.0,16.0,15.5,0.991,12,"39, 0, 5, 30, 2",2/5,over,-113,fanduel,0.542,0.506,0.035,0.021,line far from history: new role?; fringe player line,"",false
525,Chris Moore,anytime_td,0.5,Tennessee Titans @ Baltimore Ravens,3,BAL,WR,TEN,true,27.0,0.1,2.1,0.906,12,"1, 0, 0, 0, 0",1/5,over,775,betmgm,0.117,0.115,0.002,0.021,Questionable (Ankle),"",true
526,Jaxon Smith-Njigba,rec_yds,90.5,Los Angeles Chargers @ Seattle Seahawks,1,SEA,WR,LAC,true,24.8,121.9,116.4,1.022,12,"128, 155, 122, 84, 72",3/5,over,-115,betmgm,0.546,0.5,0.046,0.021,"","",false
527,Trevor Lawrence,pass_yds,261.5,Jacksonville Jaguars @ Cincinnati Bengals,2,JAX,QB,CIN,false,24.5,247.0,224.0,1.079,12,"182, 189, 245, 255, 263",1/5,under,-113,draftkings,0.541,0.501,0.04,0.02,"","",false
528,Jalen Brooks,anytime_td,0.5,Arizona Cardinals @ New York Giants,3,ARI,WR,NYG,false,23.5,0.0,0.8,1.145,7,"0, 0, 0, 0, 0",0/5,over,2500,betmgm,0.039,0.041,-0.002,0.019,only 2 games this season,"",true
529,Jonnu Smith,receptions,0.5,Green Bay Packers @ Tampa Bay Buccaneers,1,GB,TE,TB,false,20.8,1.9,1.8,1.03,12,"2, 2, 1, 5, 0",4/5,over,-225,fanduel,0.706,0.646,0.059,0.019,line far from history: new role?; fringe player line; only 2 games this season,"",false
530,Kenyon Sadiq,rec_yds,42.5,New York Jets @ Chicago Bears,1,NYJ,TE,CHI,false,20.0,47.8,52.3,0.94,3,"105, 17, 21",1/3,under,-109,draftkings,0.531,0.494,0.038,0.019,Questionable (Back),"",false
531,Blake Corum,anytime_td,0.5,Los Angeles Rams @ Philadelphia Eagles,3,LA,RB,PHI,false,23.0,0.4,11.0,0.814,12,"0, 0, 0, 0, 0",0/5,over,280,draftkings,0.268,0.253,0.015,0.018,"","",false
532,Josh Allen,anytime_td,0.5,New England Patriots @ Buffalo Bills,3,BUF,QB,NE,true,28.2,1.1,8.8,0.8,12,"2, 2, 2, 2, 0",4/5,over,-130,fanduel,0.575,0.537,0.038,0.018,"","",false
533,Tucker Kraft,receptions,3.5,Green Bay Packers @ Tampa Bay Buccaneers,3,GB,TE,TB,false,20.8,3.5,3.5,1.03,11,"4, 2, 3, 2, 7",2/5,under,120,draftkings,0.463,0.433,0.029,0.018,"","",false
534,Nico Collins,receptions,5.5,Dallas Cowboys @ Houston Texans,3,HOU,WR,DAL,true,25.8,5.1,5.1,0.981,12,"7, 3, 4, 3, 4",1/5,under,-116,draftkings,0.547,0.521,0.025,0.018,only 1 game this season,"",false
535,Jeremy Ruckert,receptions,2.5,New York Jets @ Chicago Bears,2,NYJ,TE,CHI,false,20.0,2.2,2.4,0.923,12,"5, 2, 1, 1, 2",1/5,under,-114,fanduel,0.542,0.505,0.037,0.018,"","",false
536,Isaac TeSlaa,rec_yds,17.5,Detroit Lions @ Carolina Panthers,3,DET,WR,CAR,false,27.0,29.0,30.2,0.916,12,"66, 26, 0, 18, 49",4/5,over,-109,draftkings,0.531,0.498,0.033,0.018,role change (17 last season -> 31 this season),"",false
537,TreVeyon Henderson,rush_yds,40.5,New England Patriots @ Buffalo Bills,1,NE,RB,BUF,false,21.2,60.0,60.8,1.0,12,"23, 76, 53, 82, 3",3/5,over,-116,draftkings,0.547,0.507,0.039,0.018,only 2 games this season,"",false
538,Garrett Wilson,receptions,6.5,New York Jets @ Chicago Bears,3,NYJ,WR,CHI,false,20.0,5.7,6.1,0.951,10,"10, 5, 6, 0, 3",1/5,under,-126,draftkings,0.567,0.533,0.034,0.018,"","",false
539,Kyle Williams,receptions,0.5,New England Patriots @ Buffalo Bills,2,NE,WR,BUF,false,21.2,0.9,0.9,1.059,12,"1, 1, 0, 0, 3",3/5,under,172,draftkings,0.374,0.36,0.015,0.018,line far from history: new role?; fringe player line,"",false
540,Darren Waller,receptions,3.5,Detroit Lions @ Carolina Panthers,2,CAR,TE,DET,true,23.5,3.8,3.1,1.2,12,"5, 3, 2, 1, 3",1/5,over,130,draftkings,0.442,0.408,0.034,0.017,"","",false
541,Sam Darnold,pass_yds,234.5,Los Angeles Chargers @ Seattle Seahawks,1,SEA,QB,LAC,true,24.8,272.7,261.3,1.018,12,"379, 198, 147, 270, 271",3/5,over,-113,draftkings,0.539,0.502,0.037,0.016,only 1 game this season,"",false
542,C.J. Stroud,rush_yds,11.5,Dallas Cowboys @ Houston Texans,3,HOU,QB,DAL,true,25.8,16.2,13.1,1.2,12,"10, 29, 15, 5, 0",2/5,over,-111,draftkings,0.535,0.499,0.035,0.016,fringe player line,"",false
543,Mack Hollins,rec_yds,43.5,New England Patriots @ Buffalo Bills,2,NE,WR,BUF,false,21.2,57.3,53.1,1.095,12,"87, 18, 51, 69, 41",3/5,over,-113,fanduel,0.539,0.502,0.037,0.016,"","",false
544,Sam Darnold,pass_yds,233.5,Los Angeles Chargers @ Seattle Seahawks,1,SEA,QB,LAC,true,24.8,272.7,261.3,1.018,12,"379, 198, 147, 270, 271",3/5,over,-113,fanduel,0.539,0.5,0.039,0.016,only 1 game this season,"",false
545,Trevor Lawrence,pass_yds,260.5,Jacksonville Jaguars @ Cincinnati Bengals,1,JAX,QB,CIN,false,24.5,247.0,224.0,1.079,12,"182, 189, 245, 255, 263",1/5,under,-113,fanduel,0.539,0.5,0.039,0.016,"","",false
546,Gunnar Helm,anytime_td,0.5,Tennessee Titans @ Baltimore Ravens,3,TEN,TE,BAL,false,15.5,0.1,3.6,1.056,12,"0, 0, 0, 0, 0",0/5,over,650,betmgm,0.136,0.14,-0.005,0.016,"","",true
547,Tommy Tremble,receptions,1.5,Detroit Lions @ Carolina Panthers,2,CAR,TE,DET,true,23.5,2.4,2.0,1.2,12,"3, 1, 3, 3, 1",3/5,over,-143,draftkings,0.598,0.561,0.037,0.016,"","",false
548,Matthew Stafford,pass_yds,246.5,Los Angeles Rams @ Philadelphia Eagles,1,LA,QB,PHI,false,23.0,287.3,300.4,0.951,12,"390, 327, 155, 259, 269",4/5,over,-113,draftkings,0.539,0.502,0.037,0.016,"","",false
549,Rome Odunze,rec_yds,30.5,New York Jets @ Chicago Bears,1,CHI,WR,NYJ,true,23.5,42.2,45.2,0.923,12,"44, 43, 52, 8, 53",4/5,over,-115,betmgm,0.543,0.5,0.043,0.016,"","",false
550,Theo Johnson,receptions,0.5,Arizona Cardinals @ New York Giants,1,NYG,TE,ARI,true,21.0,1.7,1.7,1.008,12,"0, 1, 0, 3, 3",3/5,over,-231,draftkings,0.708,0.66,0.048,0.015,role change (3 last season -> 0 this season); line far from history: new role?; fringe player line; only 2 games this season,"",false
551,Rashid Shaheed,receptions,2.5,Los Angeles Chargers @ Seattle Seahawks,3,SEA,WR,LAC,true,24.8,1.9,1.9,0.991,12,"2, 3, 1, 1, 1",1/5,under,-166,fanduel,0.633,0.601,0.032,0.015,"","",false
552,Dalton Schultz,rec_yds,40.5,Dallas Cowboys @ Houston Texans,2,HOU,TE,DAL,true,25.8,61.8,58.1,1.025,12,"30, 140, 35, 73, 19",2/5,over,-113,draftkings,0.539,0.501,0.038,0.015,"","",false
553,Jaxon Smith-Njigba,rec_yds,93.5,Los Angeles Chargers @ Seattle Seahawks,1,SEA,WR,LAC,true,24.8,121.9,116.4,1.022,12,"128, 155, 122, 84, 72",3/5,over,-113,fanduel,0.538,0.5,0.038,0.014,"","",false
554,Jaxon Smith-Njigba,receptions,6.5,Los Angeles Chargers @ Seattle Seahawks,1,SEA,WR,LAC,true,24.8,8.2,8.2,0.991,12,"10, 9, 8, 6, 9",4/5,over,-148,fanduel,0.605,0.559,0.047,0.014,"","",false
555,Cody White,anytime_td,0.5,Kansas City Chiefs @ Las Vegas Raiders,3,LV,WR,KC,true,21.5,0.2,1.4,0.8,11,"1, 2, 0, 0, 0",2/5,over,650,betmgm,0.135,0.133,0.002,0.014,"","",true
556,Marvin Harrison Jr.,receptions,2.5,Arizona Cardinals @ New York Giants,3,ARI,WR,NYG,false,23.5,2.2,2.1,1.03,12,"3, 0, 1, 0, 1",1/5,under,-114,fanduel,0.54,0.501,0.039,0.014,role change (3 last season -> 1 this season),"",false
557,Amon-Ra St. Brown,anytime_td,0.5,Detroit Lions @ Carolina Panthers,3,DET,WR,CAR,false,27.0,0.9,11.5,0.8,12,"1, 2, 2, 0, 0",3/5,over,-115,betmgm,0.543,0.52,0.023,0.014,"","",false
558,James Cook,rush_yds,88.5,New England Patriots @ Buffalo Bills,1,BUF,RB,NE,true,28.2,110.0,103.1,1.003,12,"154, 135, 57, 15, 74",2/5,over,-111,draftkings,0.533,0.498,0.035,0.013,"","",false
559,Hunter Henry,receptions,3.5,New England Patriots @ Buffalo Bills,3,NE,TE,BUF,false,21.2,2.9,3.0,0.966,12,"1, 3, 3, 5, 3",1/5,under,-139,draftkings,0.589,0.551,0.039,0.013,"","",false
560,Elic Ayomanor,rec_yds,19.5,Tennessee Titans @ Baltimore Ravens,2,TEN,WR,BAL,false,15.5,31.0,32.0,1.053,12,"11, 69, 11, 50, 37",3/5,over,-113,fanduel,0.538,0.503,0.034,0.013,"","",false
561,Josh Cameron,rec_yds,9.5,Jacksonville Jaguars @ Cincinnati Bengals,3,JAX,WR,CIN,false,24.5,10.3,10.3,0.979,3,"12, 0, 20",2/3,under,-113,fanduel,0.537,0.503,0.034,0.013,fringe player line,"",false
562,Jelani Woods,anytime_td,0.5,New York Jets @ Chicago Bears,3,NYJ,TE,CHI,false,20.0,0.1,1.2,0.8,3,"0, 0, 0",0/3,over,1700,fanduel,0.056,0.053,0.003,0.013,only 1 game this season,"",true
563,Daniel Jones,pass_yds,219.5,Indianapolis Colts @ Washington Commanders,2,IND,QB,WAS,false,25.5,247.4,221.9,1.079,12,"235, 210, 166, 201, 181",1/5,over,-112,draftkings,0.535,0.5,0.035,0.013,"","",false
564,Tre Harris,receptions,3.5,Los Angeles Chargers @ Seattle Seahawks,2,LAC,WR,SEA,false,17.8,2.8,2.9,0.971,12,"6, 1, 3, 2, 1",1/5,under,-152,draftkings,0.611,0.572,0.039,0.013,role change (2 last season -> 3 this season),"",false
565,TreVeyon Henderson,receptions,1.5,New England Patriots @ Buffalo Bills,3,NE,RB,BUF,false,21.2,1.1,1.1,1.05,12,"1, 0, 0, 0, 1",0/5,under,-160,betmgm,0.623,0.596,0.028,0.013,role change (2 last season -> 0 this season); only 2 games this season,"",false
566,Lamar Jackson,rush_yds,31.5,Tennessee Titans @ Baltimore Ravens,3,BAL,QB,TEN,true,27.0,30.5,32.3,0.901,12,"50, 34, 40, 9, 7",3/5,under,-113,fanduel,0.537,0.501,0.035,0.012,"","",false
567,Ashton Jeanty,rush_yds,59.5,Kansas City Chiefs @ Las Vegas Raiders,1,LV,RB,KC,true,21.5,58.4,64.6,0.914,12,"56, 48, 102, 87, 60",3/5,under,-110,draftkings,0.53,0.496,0.034,0.012,"","",false
568,Amon-Ra St. Brown,rec_yds,77.5,Detroit Lions @ Carolina Panthers,1,DET,WR,CAR,false,27.0,77.9,81.0,0.916,12,"19, 142, 67, 139, 68",2/5,under,-114,draftkings,0.539,0.504,0.035,0.012,"","",false
569,Chuba Hubbard,rec_yds,17.5,Detroit Lions @ Carolina Panthers,1,CAR,RB,DET,true,23.5,17.4,19.4,0.889,12,"28, 11, 38, 7, 6",2/5,under,-115,betmgm,0.541,0.5,0.041,0.012,role change (15 last season -> 26 this season),"",false
570,Bryce Young,rush_yds,11.5,Detroit Lions @ Carolina Panthers,1,CAR,QB,DET,true,23.5,12.3,10.1,1.2,12,"0, 6, 10, -1, 27",1/5,under,-115,betmgm,0.541,0.5,0.041,0.012,role change (14 last season -> 5 this season); fringe player line,"",false
571,Zach Ertz,rec_yds,22.5,Los Angeles Rams @ Philadelphia Eagles,1,PHI,TE,LA,true,19.5,26.8,33.7,0.82,12,"9, 11, 106, 42, 54",3/5,under,-112,draftkings,0.534,0.5,0.034,0.011,only 1 game this season,"",false
572,Malik Willis,rush_yds,31.5,Miami Dolphins @ Minnesota Vikings,1,MIA,QB,MIN,false,14.2,32.3,34.6,1.027,7,"56, 6, 39, 60, 44",4/5,under,-112,draftkings,0.534,0.5,0.034,0.011,"","",false
573,Brady Russell,anytime_td,0.5,Los Angeles Chargers @ Seattle Seahawks,3,SEA,RB,LAC,true,24.8,0.0,0.7,0.961,12,"0, 0, 0, 0, 0",0/5,over,3500,fanduel,0.028,0.03,-0.002,0.011,only 2 games this season,"",true
574,Keon Coleman,anytime_td,0.5,New England Patriots @ Buffalo Bills,3,BUF,WR,NE,true,28.2,0.2,3.6,1.145,12,"0, 0, 0, 0, 0",0/5,over,425,betmgm,0.193,0.19,0.002,0.011,"","",true
575,Stefon Diggs,rec_yds,56.5,Indianapolis Colts @ Washington Commanders,1,WAS,WR,IND,true,21.0,55.2,52.7,1.066,12,"33, 47, 55, 43, 101",1/5,under,-113,fanduel,0.536,0.5,0.036,0.011,"","",false
576,James Cook,rush_yds,86.5,New England Patriots @ Buffalo Bills,1,BUF,RB,NE,true,28.2,110.0,103.1,1.003,12,"154, 135, 57, 15, 74",2/5,over,-115,betmgm,0.541,0.5,0.041,0.011,"","",false
577,Jameson Williams,receptions,3.5,Detroit Lions @ Carolina Panthers,2,DET,WR,CAR,false,27.0,4.0,4.0,0.961,12,"4, 2, 4, 6, 2",3/5,over,104,draftkings,0.496,0.467,0.028,0.011,"","",false
578,Aaron Jones,rush_yds,67.5,Miami Dolphins @ Minnesota Vikings,1,MIN,RB,MIA,true,24.2,65.2,62.5,1.022,12,"58, 105, 40, 53, 85",2/5,under,-113,draftkings,0.536,0.502,0.034,0.011,"","",false
579,Pat Bryant,rec_yds,22.5,Denver Broncos @ San Francisco 49ers,1,DEN,WR,SF,false,22.8,32.0,33.2,0.962,12,"44, 0, 42, 31, 42",4/5,over,-113,fanduel,0.536,0.5,0.036,0.01,"","",false
580,Chig Okonkwo,rec_yds,29.5,Indianapolis Colts @ Washington Commanders,1,WAS,TE,IND,true,21.0,29.4,27.1,1.102,12,"16, 2, 55, 44, 33",3/5,under,-113,fanduel,0.536,0.5,0.036,0.01,only 1 game this season,"",false
581,Patrick Mahomes,pass_yds,236.5,Kansas City Chiefs @ Las Vegas Raiders,2,KC,QB,LV,false,26.0,268.2,261.8,0.986,12,"246, 382, 184, 189, 160",2/5,over,-113,fanduel,0.536,0.5,0.036,0.01,"","",false
582,Bo Nix,pass_yds,221.5,Denver Broncos @ San Francisco 49ers,1,DEN,QB,SF,false,22.8,211.8,216.5,0.976,12,"186, 288, 131, 141, 182",1/5,under,-113,fanduel,0.536,0.5,0.036,0.009,"","",false
583,Cade Otton,receptions,2.5,Green Bay Packers @ Tampa Bay Buccaneers,3,TB,TE,GB,true,17.8,3.5,3.9,0.944,12,"3, 5, 3, 7, 4",5/5,over,-150,betmgm,0.605,0.571,0.034,0.009,"","",false
584,Marvin Harrison Jr.,rec_yds,32.5,Arizona Cardinals @ New York Giants,1,ARI,WR,NYG,false,23.5,33.2,32.4,1.014,12,"40, 0, 33, 0, 14",2/5,under,-115,betmgm,0.54,0.5,0.04,0.009,role change (51 last season -> 24 this season),"",false
585,Bucky Irving,receptions,2.5,Green Bay Packers @ Tampa Bay Buccaneers,3,TB,RB,GB,true,17.8,2.9,3.4,0.897,12,"2, 4, 7, 1, 5",3/5,over,-110,betmgm,0.528,0.513,0.015,0.008,"","",false
586,Zach Ertz,receptions,2.5,Los Angeles Rams @ Philadelphia Eagles,3,PHI,TE,LA,true,19.5,2.8,3.3,0.88,12,"1, 1, 10, 4, 4",3/5,over,106,fanduel,0.489,0.466,0.022,0.007,only 1 game this season,"",false
587,Rhamondre Stevenson,rush_yds,31.5,New England Patriots @ Buffalo Bills,1,NE,RB,BUF,false,21.2,46.2,46.8,1.0,12,"22, 43, 51, 131, 47",4/5,over,-115,betmgm,0.539,0.5,0.039,0.007,"","",false
588,Brian Thomas Jr,rec_yds,26.5,Jacksonville Jaguars @ Cincinnati Bengals,1,JAX,WR,CIN,false,24.5,36.5,36.4,0.979,12,"8, 40, 40, 49, 39",4/5,over,-113,fanduel,0.534,0.5,0.034,0.007,role change (50 last season -> 29 this season),"",false
589,Tony Pollard,rush_yds,47.5,Tennessee Titans @ Baltimore Ravens,1,TEN,RB,BAL,false,15.5,61.0,67.4,0.982,12,"74, 64, 35, 48, 85",4/5,over,-114,draftkings,0.536,0.504,0.032,0.007,"","",false
590,Calvin Ridley,receptions,0.5,Tennessee Titans @ Baltimore Ravens,1,TEN,WR,BAL,false,15.5,1.7,1.6,1.099,9,"0, 2, 1, 1, 5",4/5,over,-239,draftkings,0.71,0.667,0.043,0.007,role change (2 last season -> 1 this season); line far from history: new role?; fringe player line; only 2 games this season,"",false
591,Jaylin Noel,anytime_td,0.5,Dallas Cowboys @ Houston Texans,3,HOU,WR,DAL,true,25.8,0.1,2.9,1.026,12,"0, 0, 0, 0, 1",1/5,over,650,draftkings,0.134,0.136,-0.002,0.007,"","",true
592,Omarion Hampton,rec_yds,5.5,Los Angeles Chargers @ Seattle Seahawks,2,LAC,RB,SEA,false,17.8,12.1,12.7,1.004,12,"0, 21, 0, 31, 10",3/5,over,-120,draftkings,0.549,0.515,0.034,0.007,role change (21 last season -> 7 this season); line far from history: new role?; fringe player line,"",false
593,Ashton Jeanty,receptions,3.5,Kansas City Chiefs @ Las Vegas Raiders,3,LV,RB,KC,true,21.5,3.6,3.8,0.948,12,"3, 4, 6, 3, 2",2/5,over,122,draftkings,0.453,0.439,0.015,0.007,"","",false
594,Amon-Ra St. Brown,rec_yds,78.5,Detroit Lions @ Carolina Panthers,1,DET,WR,CAR,false,27.0,77.9,81.0,0.916,12,"19, 142, 67, 139, 68",2/5,under,-115,betmgm,0.539,0.5,0.039,0.007,"","",false
595,Parker Washington,rec_yds,76.5,Jacksonville Jaguars @ Cincinnati Bengals,1,JAX,WR,CIN,false,24.5,75.0,74.9,0.979,12,"40, 98, 83, 87, 115",4/5,under,-114,draftkings,0.536,0.504,0.031,0.006,"","",false
596,Xavier Worthy,receptions,3.5,Kansas City Chiefs @ Las Vegas Raiders,3,KC,WR,LV,false,26.0,2.8,2.9,0.932,12,"2, 5, 3, 0, 2",1/5,under,-165,betmgm,0.627,0.596,0.031,0.006,"","",false
597,Kenny Gainwell,rec_yds,10.5,Green Bay Packers @ Tampa Bay Buccaneers,1,TB,RB,GB,true,17.8,21.8,22.9,1.004,12,"14, 5, 3, 64, 12",3/5,over,-115,betmgm,0.538,0.5,0.038,0.006,role change (29 last season -> 7 this season); line far from history: new role?; fringe player line,"",false
598,George Pickens,rec_yds,66.5,Dallas Cowboys @ Houston Texans,1,DAL,WR,HOU,false,22.8,65.0,61.2,1.06,12,"82, 40, 28, 9, 78",2/5,under,-115,betmgm,0.537,0.5,0.037,0.005,role change (84 last season -> 50 this season),"",false
599,J.K. Dobbins,rush_yds,59.5,Denver Broncos @ San Francisco 49ers,2,DEN,RB,SF,false,22.8,58.3,56.7,1.025,12,"49, 36, 36, 77, 61",2/5,under,-112,draftkings,0.531,0.5,0.031,0.005,role change (77 last season -> 40 this season),"",false
600,Matthew Stafford,pass_yds,249.5,Los Angeles Rams @ Philadelphia Eagles,1,LA,QB,PHI,false,23.0,287.3,300.4,0.951,12,"390, 327, 155, 259, 269",4/5,over,-113,fanduel,0.533,0.5,0.033,0.005,"","",false
601,Kenny Gainwell,rush_yds,14.5,Green Bay Packers @ Tampa Bay Buccaneers,3,TB,RB,GB,true,17.8,19.2,18.0,1.126,12,"-4, 10, 15, 10, 26",2/5,under,-110,betmgm,0.526,0.502,0.025,0.005,role change (32 last season -> 7 this season); fringe player line,"",false
602,Javonte Williams,rush_yds,59.5,Dallas Cowboys @ Houston Texans,2,DAL,RB,HOU,false,22.8,58.6,61.8,0.947,12,"98, 30, 41, 54, 34",1/5,under,-113,fanduel,0.533,0.503,0.03,0.005,"","",false
603,Rhamondre Stevenson,rush_yds,32.5,New England Patriots @ Buffalo Bills,2,NE,RB,BUF,false,21.2,46.2,46.8,1.0,12,"22, 43, 51, 131, 47",4/5,over,-113,draftkings,0.533,0.501,0.032,0.005,"","",false
604,Patrick Mahomes,rush_yds,15.5,Kansas City Chiefs @ Las Vegas Raiders,3,KC,QB,LV,false,26.0,22.3,18.6,1.154,12,"1, 17, 23, 15, 59",3/5,over,-111,betmgm,0.529,0.499,0.03,0.005,role change (30 last season -> 14 this season),"",false
605,George Kittle,anytime_td,0.5,Denver Broncos @ San Francisco 49ers,2,SF,TE,DEN,true,25.8,0.6,6.2,0.861,12,"2, 1, 0, 0, 1",3/5,over,150,draftkings,0.402,0.37,0.032,0.005,"","",false
606,Cole Kmet,receptions,1.5,New York Jets @ Chicago Bears,3,CHI,TE,NYJ,true,23.5,1.1,1.2,0.923,12,"0, 0, 2, 2, 2",3/5,under,-174,fanduel,0.638,0.618,0.019,0.004,role change (2 last season -> 1 this season),"",false
607,C.J. Stroud,pass_yds,246.5,Dallas Cowboys @ Houston Texans,1,HOU,QB,DAL,true,25.8,239.4,239.5,0.965,12,"167, 353, 274, 169, 244",2/5,under,-111,draftkings,0.528,0.498,0.03,0.004,"","",false
608,Jaylin Noel,receptions,1.5,Dallas Cowboys @ Houston Texans,3,HOU,WR,DAL,true,25.8,1.5,1.5,0.981,12,"2, 1, 2, 1, 3",3/5,over,151,draftkings,0.4,0.383,0.017,0.004,"","",false
609,Kenyon Sadiq,rec_yds,41.5,New York Jets @ Chicago Bears,2,NYJ,TE,CHI,false,20.0,47.8,52.3,0.94,3,"105, 17, 21",1/3,under,-113,fanduel,0.533,0.5,0.033,0.004,Questionable (Back),"",false
610,Malachi Fields,rec_yds,25.5,Arizona Cardinals @ New York Giants,1,NYG,WR,ARI,true,21.0,24.9,24.3,1.04,3,"19, 30, 25",1/3,under,-111,betmgm,0.528,0.491,0.037,0.003,"","",false
611,Parker Washington,receptions,5.5,Jacksonville Jaguars @ Cincinnati Bengals,3,JAX,WR,CIN,false,24.5,4.8,4.9,0.971,12,"3, 7, 5, 5, 8",2/5,under,-135,betmgm,0.576,0.542,0.034,0.003,"","",false
612,Josh Cameron,receptions,1.5,Jacksonville Jaguars @ Cincinnati Bengals,2,JAX,WR,CIN,false,24.5,0.9,1.0,0.971,3,"1, 0, 2",1/3,under,-207,draftkings,0.676,0.64,0.036,0.003,"","",false
613,Patrick Mahomes,pass_yds,240.5,Kansas City Chiefs @ Las Vegas Raiders,1,KC,QB,LV,false,26.0,268.2,261.8,0.986,12,"246, 382, 184, 189, 160",2/5,over,-111,draftkings,0.528,0.498,0.03,0.003,"","",false
614,Sam Darnold,pass_yds,235.5,Los Angeles Chargers @ Seattle Seahawks,1,SEA,QB,LAC,true,24.8,272.7,261.3,1.018,12,"379, 198, 147, 270, 271",3/5,over,-115,betmgm,0.536,0.5,0.036,0.002,only 1 game this season,"",false
615,Brian Thomas Jr,rec_yds,27.5,Jacksonville Jaguars @ Cincinnati Bengals,2,JAX,WR,CIN,false,24.5,36.5,36.4,0.979,12,"8, 40, 40, 49, 39",4/5,over,-110,draftkings,0.525,0.498,0.027,0.002,role change (50 last season -> 29 this season),"",false
616,Jaxon Smith-Njigba,anytime_td,0.5,Los Angeles Chargers @ Seattle Seahawks,3,SEA,WR,LAC,true,24.8,0.9,11.2,1.026,12,"2, 3, 1, 0, 0",3/5,over,-115,betmgm,0.536,0.517,0.019,0.002,"","",false
617,Parker Washington,rec_yds,77.5,Jacksonville Jaguars @ Cincinnati Bengals,1,JAX,WR,CIN,false,24.5,75.0,74.9,0.979,12,"40, 98, 83, 87, 115",4/5,under,-115,betmgm,0.536,0.5,0.036,0.002,"","",false
618,Keleki Latu,anytime_td,0.5,New England Patriots @ Buffalo Bills,3,BUF,TE,NE,true,28.2,0.0,0.5,0.8,5,"0, 0, 0, 0, 0",0/5,over,3000,draftkings,0.032,0.032,0.001,0.002,only 2 games this season,"",true
619,Justin Herbert,rush_yds,20.5,Los Angeles Chargers @ Seattle Seahawks,2,LAC,QB,SEA,false,17.8,23.3,22.9,1.078,12,"17, 2, 29, 37, 42",3/5,under,-107,draftkings,0.518,0.495,0.023,0.002,role change (31 last season -> 16 this season),"",false
620,Rome Odunze,rec_yds,32.5,New York Jets @ Chicago Bears,2,CHI,WR,NYJ,true,23.5,42.2,45.2,0.923,12,"44, 43, 52, 8, 53",4/5,over,-112,draftkings,0.529,0.5,0.029,0.002,"","",false
621,Rashod Bateman,rec_yds,28.5,Tennessee Titans @ Baltimore Ravens,1,BAL,WR,TEN,true,27.0,31.8,29.7,1.017,12,"37, 88, 0, 7, 0",2/5,under,-115,betmgm,0.536,0.5,0.036,0.002,role change (17 last season -> 42 this season),"",false
622,Isaac TeSlaa,receptions,1.5,Detroit Lions @ Carolina Panthers,3,DET,WR,CAR,false,27.0,1.8,1.8,0.961,12,"3, 2, 0, 1, 3",3/5,over,106,fanduel,0.486,0.471,0.015,0.002,"","",false
623,Jordan Love,pass_yds,238.5,Green Bay Packers @ Tampa Bay Buccaneers,2,GB,QB,TB,false,20.8,236.1,245.1,0.983,12,"312, 145, 387, 77, 276",3/5,under,-111,draftkings,0.527,0.499,0.028,0.001,"","",false
624,Tyjae Spears,rush_yds,14.5,Tennessee Titans @ Baltimore Ravens,2,TEN,RB,BAL,false,15.5,17.1,18.9,0.982,12,"5, 41, 12, 18, 2",2/5,under,-113,fanduel,0.531,0.507,0.024,0.001,Questionable (Ankle); fringe player line,"",false
625,Colston Loveland,anytime_td,0.5,New York Jets @ Chicago Bears,3,CHI,TE,NYJ,true,23.5,0.3,5.0,0.8,12,"0, 0, 0, 1, 1",2/5,over,270,betmgm,0.271,0.268,0.003,0.001,"","",false
626,Cooper Kupp,receptions,2.5,Los Angeles Chargers @ Seattle Seahawks,3,SEA,WR,LAC,true,24.8,2.7,2.7,0.991,12,"4, 2, 2, 2, 1",1/5,over,118,fanduel,0.459,0.442,0.017,0.001,"","",false
627,Rashee Rice,anytime_td,0.5,Kansas City Chiefs @ Las Vegas Raiders,3,KC,WR,LV,false,26.0,0.5,7.8,0.8,11,"0, 0, 1, 0, 0",1/5,over,165,betmgm,0.378,0.374,0.004,0.001,"","",false
628,Dak Prescott,pass_yds,270.5,Dallas Cowboys @ Houston Texans,1,DAL,QB,HOU,false,22.8,262.3,251.9,1.038,12,"276, 279, 175, 70, 307",3/5,under,-113,draftkings,0.531,0.502,0.029,0.001,"","",false
629,Ja'Marr Chase,rec_yds,84.5,Jacksonville Jaguars @ Cincinnati Bengals,1,CIN,WR,JAX,true,27.0,83.8,75.4,1.058,12,"98, 75, 12, 96, 60",2/5,under,-114,draftkings,0.533,0.504,0.029,0.001,"","",false
630,Kyren Williams,rec_yds,13.5,Los Angeles Rams @ Philadelphia Eagles,2,LA,RB,PHI,false,23.0,23.1,28.7,0.8,12,"70, 12, 24, 21, 38",4/5,over,-107,draftkings,0.517,0.495,0.022,0.0,role change (17 last season -> 35 this season); line far from history: new role?; fringe player line,"",false
631,Rome Odunze,anytime_td,0.5,New York Jets @ Chicago Bears,3,CHI,WR,NYJ,true,23.5,0.3,5.6,1.026,12,"0, 0, 0, 0, 0",0/5,over,320,draftkings,0.238,0.224,0.014,-0.0,"","",false
632,Tyjae Spears,rush_yds,15.5,Tennessee Titans @ Baltimore Ravens,1,TEN,RB,BAL,false,15.5,17.1,18.9,0.982,12,"5, 41, 12, 18, 2",2/5,under,-115,betmgm,0.535,0.5,0.035,0.0,Questionable (Ankle),"",false
633,Geno Smith,pass_yds,227.5,New York Jets @ Chicago Bears,2,NYJ,QB,CHI,false,20.0,221.7,232.3,0.981,12,"321, 247, 215, 176, 201",2/5,under,-112,draftkings,0.528,0.5,0.028,-0.0,"","",false
634,Jalen Royals,anytime_td,0.5,Kansas City Chiefs @ Las Vegas Raiders,3,KC,WR,LV,false,26.0,0.1,1.2,0.8,5,"0, 1, 0, 0, 0",1/5,over,1150,betmgm,0.08,0.082,-0.002,-0.0,"","",true
635,Patrick Mahomes,anytime_td,0.5,Kansas City Chiefs @ Las Vegas Raiders,3,KC,QB,LV,false,26.0,0.2,3.4,1.185,12,"0, 0, 1, 1, 0",2/5,over,425,betmgm,0.19,0.18,0.01,-0.001,"","",true
636,Jeremiyah Love,receptions,2.5,Arizona Cardinals @ New York Giants,2,ARI,RB,NYG,false,23.5,3.4,3.5,0.973,3,"5, 3, 2",2/3,over,-155,betmgm,0.607,0.582,0.025,-0.001,"","",false
637,Malik Washington,anytime_td,0.5,Miami Dolphins @ Minnesota Vikings,3,MIA,WR,MIN,false,14.2,0.2,6.8,1.026,12,"0, 0, 0, 1, 0",1/5,over,390,fanduel,0.204,0.205,-0.001,-0.001,"","",false
638,Travis Kelce,receptions,4.5,Kansas City Chiefs @ Las Vegas Raiders,3,KC,TE,LV,false,26.0,4.9,4.3,1.094,12,"2, 9, 3, 3, 5",2/5,over,109,draftkings,0.478,0.454,0.024,-0.001,"","",false
639,Davante Adams,rec_yds,66.5,Los Angeles Rams @ Philadelphia Eagles,1,LA,WR,PHI,false,23.0,95.4,93.1,1.018,12,"137, 195, 26, 71, 29",3/5,over,-114,draftkings,0.532,0.504,0.028,-0.001,role change (56 last season -> 119 this season),"",false
640,Emmett Johnson,rush_yds,15.5,Kansas City Chiefs @ Las Vegas Raiders,1,KC,RB,LV,false,26.0,18.8,18.3,0.988,3,"17, 15, 24",2/3,over,-112,draftkings,0.528,0.5,0.028,-0.001,"","",false
641,Khalil Shakir,receptions,3.5,New England Patriots @ Buffalo Bills,3,BUF,WR,NE,true,28.2,3.6,3.3,1.03,12,"1, 3, 4, 6, 4",3/5,under,116,fanduel,0.463,0.437,0.026,-0.001,role change (4 last season -> 3 this season),"",false
642,Derrick Henry,rush_yds,97.5,Tennessee Titans @ Baltimore Ravens,2,BAL,RB,TEN,true,27.0,119.1,107.2,1.059,12,"89, 68, 144, 126, 216",3/5,over,-113,fanduel,0.53,0.5,0.03,-0.001,"","",false
643,Chris Godwin,rec_yds,26.5,Green Bay Packers @ Tampa Bay Buccaneers,2,TB,WR,GB,true,17.8,37.1,38.7,1.014,12,"25, 46, 40, 8, 108",3/5,over,-110,draftkings,0.523,0.493,0.03,-0.001,"","",false
644,Tre Tucker,anytime_td,0.5,Kansas City Chiefs @ Las Vegas Raiders,3,LV,WR,KC,true,21.5,0.3,5.5,0.8,12,"0, 1, 0, 0, 0",1/5,over,330,draftkings,0.232,0.226,0.006,-0.002,"","",false
645,Kyle Williams,rec_yds,11.5,New England Patriots @ Buffalo Bills,1,NE,WR,BUF,false,21.2,19.1,17.7,1.095,12,"34, 10, 0, 0, 20",2/5,over,-109,draftkings,0.521,0.494,0.027,-0.002,fringe player line,"",false
646,Derrick Henry,rush_yds,98.5,Tennessee Titans @ Baltimore Ravens,1,BAL,RB,TEN,true,27.0,119.1,107.2,1.059,12,"89, 68, 144, 126, 216",3/5,over,-112,draftkings,0.527,0.5,0.027,-0.002,"","",false
647,Travis Kelce,rec_yds,46.5,Kansas City Chiefs @ Las Vegas Raiders,1,KC,TE,LV,false,26.0,60.4,58.6,0.991,12,"59, 101, 71, 12, 36",3/5,over,-115,betmgm,0.534,0.5,0.034,-0.002,"","",false
648,Travis Hunter,anytime_td,0.5,Jacksonville Jaguars @ Cincinnati Bengals,3,JAX,CB,CIN,false,24.5,0.1,3.2,1.0,10,"0, 0, 0, 1, 0",1/5,over,1400,draftkings,0.067,0.067,-0.001,-0.002,"","",true
649,Malachi Fields,receptions,1.5,Arizona Cardinals @ New York Giants,3,NYG,WR,ARI,true,21.0,1.9,2.0,0.951,3,"2, 2, 2",3/3,under,145,betmgm,0.407,0.394,0.013,-0.002,"","",false
650,Pat Bryant,rec_yds,23.5,Denver Broncos @ San Francisco 49ers,1,DEN,WR,SF,false,22.8,32.0,33.2,0.962,12,"44, 0, 42, 31, 42",4/5,over,-112,draftkings,0.527,0.5,0.027,-0.002,"","",false
651,Dalton Schultz,rec_yds,41.5,Dallas Cowboys @ Houston Texans,1,HOU,TE,DAL,true,25.8,61.8,58.1,1.025,12,"30, 140, 35, 73, 19",2/5,over,-115,betmgm,0.534,0.5,0.034,-0.002,"","",false
652,Amon-Ra St. Brown,rec_yds,75.5,Detroit Lions @ Carolina Panthers,1,DET,WR,CAR,false,27.0,77.9,81.0,0.916,12,"19, 142, 67, 139, 68",2/5,under,-114,fanduel,0.532,0.5,0.032,-0.002,"","",false
653,Isaiah Likely,receptions,3.5,Arizona Cardinals @ New York Giants,2,NYG,TE,ARI,true,21.0,3.7,3.7,1.008,12,"2, 5, 8, 2, 3",2/5,under,126,fanduel,0.441,0.419,0.022,-0.002,role change (2 last season -> 5 this season),"",false
654,Emeka Egbuka,rec_yds,38.5,Green Bay Packers @ Tampa Bay Buccaneers,1,TB,WR,GB,true,17.8,40.0,41.7,1.014,12,"62, 16, 63, 8, 20",2/5,under,-112,draftkings,0.527,0.5,0.027,-0.003,"","",false
655,Puka Nacua,receptions,5.5,Los Angeles Rams @ Philadelphia Eagles,1,LA,WR,PHI,false,23.0,7.2,7.0,1.02,12,"5, 10, 5, 12, 9",3/5,over,-172,fanduel,0.63,0.59,0.04,-0.003,only 1 game this season,"",false
656,Travis Kelce,rec_yds,47.5,Kansas City Chiefs @ Las Vegas Raiders,1,KC,TE,LV,false,26.0,60.4,58.6,0.991,12,"59, 101, 71, 12, 36",3/5,over,-113,fanduel,0.529,0.5,0.029,-0.003,"","",false
657,Derrick Henry,receptions,1.5,Tennessee Titans @ Baltimore Ravens,3,BAL,RB,TEN,true,27.0,1.2,1.2,0.922,12,"1, 3, 1, 0, 0",1/5,under,-175,betmgm,0.634,0.615,0.019,-0.004,role change (1 last season -> 2 this season),"",false
658,Tony Pollard,rush_yds,48.5,Tennessee Titans @ Baltimore Ravens,1,TEN,RB,BAL,false,15.5,61.0,67.4,0.982,12,"74, 64, 35, 48, 85",3/5,over,-113,fanduel,0.528,0.5,0.028,-0.004,"","",false
659,C.J. Stroud,pass_yds,248.5,Dallas Cowboys @ Houston Texans,1,HOU,QB,DAL,true,25.8,239.4,239.5,0.965,12,"167, 353, 274, 169, 244",2/5,under,-115,betmgm,0.533,0.5,0.033,-0.004,"","",false
660,Rashee Rice,rec_yds,55.5,Kansas City Chiefs @ Las Vegas Raiders,2,KC,WR,LV,false,26.0,69.4,68.0,0.983,11,"88, 83, 19, 51, 34",2/5,over,-113,fanduel,0.528,0.5,0.028,-0.004,"","",false
661,Trevor Lawrence,anytime_td,0.5,Jacksonville Jaguars @ Cincinnati Bengals,3,JAX,QB,CIN,false,24.5,0.3,3.6,1.185,12,"0, 0, 0, 0, 2",1/5,over,350,betmgm,0.221,0.209,0.012,-0.004,"","",false
662,Josh Allen,pass_yds,246.5,New England Patriots @ Buffalo Bills,1,BUF,QB,NE,true,28.2,240.6,240.8,0.939,12,"204, 248, 334, 262, 130",3/5,under,-113,draftkings,0.528,0.502,0.026,-0.004,"","",false
663,Trevor Lawrence,rush_yds,14.5,Jacksonville Jaguars @ Cincinnati Bengals,3,JAX,QB,CIN,false,24.5,19.5,17.3,1.103,12,"25, 6, 3, 11, 26",2/5,over,-110,draftkings,0.521,0.499,0.023,-0.004,role change (21 last season -> 11 this season); fringe player line,"",false
664,Zach Ertz,rec_yds,21.5,Los Angeles Rams @ Philadelphia Eagles,1,PHI,TE,LA,true,19.5,26.8,33.7,0.82,12,"9, 11, 106, 42, 54",3/5,under,-113,fanduel,0.528,0.5,0.028,-0.004,only 1 game this season,"",false
665,Isaiah Likely,receptions,4.5,Arizona Cardinals @ New York Giants,1,NYG,TE,ARI,true,21.0,3.7,3.7,1.008,12,"2, 5, 8, 2, 3",2/5,under,-160,draftkings,0.612,0.581,0.032,-0.005,role change (2 last season -> 5 this season),"",false
666,Tony Pollard,rush_yds,46.5,Tennessee Titans @ Baltimore Ravens,1,TEN,RB,BAL,false,15.5,61.0,67.4,0.982,12,"74, 64, 35, 48, 85",4/5,over,-125,betmgm,0.553,0.52,0.032,-0.005,"","",false
667,Davante Adams,rec_yds,65.5,Los Angeles Rams @ Philadelphia Eagles,1,LA,WR,PHI,false,23.0,95.4,93.1,1.018,12,"137, 195, 26, 71, 29",3/5,over,-115,betmgm,0.532,0.5,0.032,-0.005,role change (56 last season -> 119 this season),"",false
668,Brock Bowers,receptions,6.5,Kansas City Chiefs @ Las Vegas Raiders,3,LV,TE,KC,true,21.5,6.6,6.5,1.03,12,"10, 5, 6, 4, 4",1/5,under,115,betmgm,0.462,0.444,0.018,-0.006,only 1 game this season,"",false
669,Matthew Stafford,pass_yds,250.5,Los Angeles Rams @ Philadelphia Eagles,1,LA,QB,PHI,false,23.0,287.3,300.4,0.951,12,"390, 327, 155, 259, 269",4/5,over,-115,betmgm,0.532,0.5,0.032,-0.006,"","",false
670,Tyler Goodson,anytime_td,0.5,Dallas Cowboys @ Houston Texans,3,DAL,RB,HOU,false,22.8,0.1,2.7,0.8,11,"0, 0, 0, 0, 0",0/5,over,1000,fanduel,0.09,0.099,-0.008,-0.006,only 1 game this season,"",true
671,Malik Willis,rush_yds,30.5,Miami Dolphins @ Minnesota Vikings,1,MIA,QB,MIN,false,14.2,32.3,34.6,1.027,7,"56, 6, 39, 60, 44",4/5,under,-111,betmgm,0.522,0.491,0.031,-0.007,"","",false
672,Aaron Jones,rush_yds,65.5,Miami Dolphins @ Minnesota Vikings,1,MIN,RB,MIA,true,24.2,65.2,62.5,1.022,12,"58, 105, 40, 53, 85",2/5,under,-113,fanduel,0.527,0.5,0.027,-0.007,"","",false
673,C.J. Stroud,pass_yds,244.5,Dallas Cowboys @ Houston Texans,1,HOU,QB,DAL,true,25.8,239.4,239.5,0.965,12,"167, 353, 274, 169, 244",2/5,under,-113,fanduel,0.527,0.5,0.027,-0.007,"","",false
674,Aaron Jones,rush_yds,66.5,Miami Dolphins @ Minnesota Vikings,1,MIN,RB,MIA,true,24.2,65.2,62.5,1.022,12,"58, 105, 40, 53, 85",2/5,under,-115,betmgm,0.531,0.5,0.031,-0.007,"","",false
675,Ted Hurst III,anytime_td,0.5,Green Bay Packers @ Tampa Bay Buccaneers,3,TB,WR,GB,true,17.8,0.2,4.3,1.026,3,"1, 0, 0",1/3,over,500,draftkings,0.165,0.154,0.011,-0.007,"","",true
676,Ryan Flournoy,receptions,3.5,Dallas Cowboys @ Houston Texans,3,DAL,WR,HOU,false,22.8,3.3,3.2,1.03,12,"2, 5, 2, 5, 2",2/5,under,-119,draftkings,0.54,0.524,0.016,-0.007,"","",false
677,Joe Burrow,pass_yds,268.5,Jacksonville Jaguars @ Cincinnati Bengals,1,CIN,QB,JAX,true,27.0,262.9,247.3,1.012,11,"282, 207, 254, 236, 305",2/5,under,-113,draftkings,0.527,0.502,0.025,-0.007,"","",false
678,Kenneth Walker III,rec_yds,23.5,Kansas City Chiefs @ Las Vegas Raiders,1,KC,RB,LV,false,26.0,26.2,25.3,0.996,12,"3, 61, 18, 36, 6",2/5,under,-115,betmgm,0.531,0.5,0.031,-0.007,"","",false
679,Michael Mayer,anytime_td,0.5,Kansas City Chiefs @ Las Vegas Raiders,3,LV,TE,KC,true,21.5,0.2,4.4,1.056,12,"1, 0, 0, 0, 0",1/5,over,425,draftkings,0.189,0.196,-0.007,-0.007,"","",true
680,Geno Smith,anytime_td,0.5,New York Jets @ Chicago Bears,3,NYJ,QB,CHI,false,20.0,0.1,3.2,1.2,12,"0, 0, 0, 0, 0",0/5,over,900,draftkings,0.099,0.106,-0.007,-0.008,"","",true
681,Kenyon Sadiq,receptions,4.5,New York Jets @ Chicago Bears,2,NYJ,TE,CHI,false,20.0,3.8,4.2,0.923,3,"7, 2, 3",1/3,under,-148,fanduel,0.592,0.562,0.03,-0.008,Questionable (Back),"",false
682,Rashod Bateman,rec_yds,26.5,Tennessee Titans @ Baltimore Ravens,1,BAL,WR,TEN,true,27.0,31.8,29.7,1.017,12,"37, 88, 0, 7, 0",2/5,under,-113,fanduel,0.526,0.5,0.026,-0.008,role change (17 last season -> 42 this season),"",false
683,Drew Sample,receptions,1.5,Jacksonville Jaguars @ Cincinnati Bengals,3,CIN,TE,JAX,true,27.0,1.5,1.7,0.837,12,"1, 3, 3, 1, 2",3/5,over,135,betmgm,0.422,0.413,0.009,-0.008,only 2 games this season,"",false
684,Jordan Love,pass_yds,240.5,Green Bay Packers @ Tampa Bay Buccaneers,1,GB,QB,TB,false,20.8,236.1,245.1,0.983,12,"312, 145, 387, 77, 276",3/5,under,-115,betmgm,0.53,0.5,0.03,-0.009,"","",false
685,Johnny Mundt,receptions,1.5,Los Angeles Rams @ Philadelphia Eagles,3,PHI,TE,LA,true,19.5,1.0,1.1,0.88,12,"1, 2, 1, 0, 1",1/5,under,-220,fanduel,0.681,0.651,0.03,-0.009,role change (1 last season -> 2 this season); only 2 games this season,"",false
686,Rashee Rice,receptions,4.5,Kansas City Chiefs @ Las Vegas Raiders,3,KC,WR,LV,false,26.0,5.1,5.4,0.932,11,"7, 4, 2, 7, 4",2/5,over,-130,fanduel,0.56,0.55,0.01,-0.009,"","",false
687,Antonio Williams,anytime_td,0.5,Indianapolis Colts @ Washington Commanders,3,WAS,WR,IND,true,21.0,0.2,3.7,1.026,3,"0, 0, 1",1/3,over,450,draftkings,0.18,0.179,0.001,-0.009,"","",true
688,Terry McLaurin,receptions,4.5,Indianapolis Colts @ Washington Commanders,1,WAS,WR,IND,true,21.0,3.6,3.7,0.981,12,"6, 2, 2, 4, 5",2/5,under,-166,fanduel,0.618,0.583,0.036,-0.009,Questionable (Hamstring),"",false
689,Cam Skattebo,rec_yds,18.5,Arizona Cardinals @ New York Giants,1,NYG,RB,ARI,true,21.0,19.7,23.5,0.856,11,"40, 19, 0, 18, 34",3/5,under,-120,betmgm,0.54,0.509,0.031,-0.009,"","",false
690,RJ Harvey,rec_yds,21.5,Denver Broncos @ San Francisco 49ers,1,DEN,RB,SF,false,22.8,29.1,28.5,1.019,12,"41, 23, 5, 33, 71",4/5,over,-113,fanduel,0.525,0.5,0.025,-0.01,only 2 games this season,"",false
691,Cole Kmet,rec_yds,9.5,New York Jets @ Chicago Bears,2,CHI,TE,NYJ,true,23.5,13.3,14.9,0.882,12,"0, 0, 35, 16, 16",3/5,under,-107,draftkings,0.512,0.495,0.017,-0.01,role change (22 last season -> 12 this season); fringe player line,"",false
692,Sam LaPorta,receptions,4.5,Detroit Lions @ Carolina Panthers,3,DET,TE,CAR,false,27.0,4.3,4.6,0.923,12,"3, 6, 5, 5, 6",4/5,over,123,draftkings,0.444,0.448,-0.004,-0.01,"","",false
693,Xavier Hutchinson,rec_yds,27.5,Dallas Cowboys @ Houston Texans,2,HOU,WR,DAL,true,25.8,36.0,36.4,0.955,12,"51, 37, 32, 84, 21",4/5,over,-113,fanduel,0.525,0.502,0.023,-0.01,"","",false
694,Courtland Sutton,receptions,3.5,Denver Broncos @ San Francisco 49ers,2,DEN,WR,SF,false,22.8,3.3,3.3,0.981,12,"3, 3, 2, 1, 4",1/5,under,-131,draftkings,0.562,0.549,0.012,-0.01,"","",false
695,Rashee Rice,rec_yds,56.5,Kansas City Chiefs @ Las Vegas Raiders,1,KC,WR,LV,false,26.0,69.4,68.0,0.983,11,"88, 83, 19, 51, 34",2/5,over,-113,draftkings,0.525,0.502,0.023,-0.01,"","",false
696,Davante Adams,receptions,4.5,Los Angeles Rams @ Philadelphia Eagles,3,LA,WR,PHI,false,23.0,5.5,5.3,1.02,12,"7, 8, 3, 4, 4",2/5,over,-139,draftkings,0.576,0.551,0.025,-0.01,"","",false
697,Rashod Bateman,rec_yds,25.5,Tennessee Titans @ Baltimore Ravens,1,BAL,WR,TEN,true,27.0,31.8,29.7,1.017,12,"37, 88, 0, 7, 0",2/5,under,-110,draftkings,0.518,0.496,0.023,-0.01,role change (17 last season -> 42 this season),"",false
698,CeeDee Lamb,rec_yds,77.5,Dallas Cowboys @ Houston Texans,2,DAL,WR,HOU,false,22.8,94.5,89.0,1.06,12,"112, 153, 44, 4, 46",2/5,over,-110,draftkings,0.519,0.498,0.021,-0.01,"","",false
699,Jameson Williams,anytime_td,0.5,Detroit Lions @ Carolina Panthers,3,DET,WR,CAR,false,27.0,0.4,6.3,0.8,12,"0, 0, 0, 0, 0",0/5,over,220,betmgm,0.309,0.304,0.005,-0.011,"","",false
700,Justin Herbert,rush_yds,21.5,Los Angeles Chargers @ Seattle Seahawks,1,LAC,QB,SEA,false,17.8,23.3,22.9,1.078,12,"17, 2, 29, 37, 42",3/5,under,-115,betmgm,0.529,0.5,0.029,-0.011,role change (31 last season -> 16 this season),"",false
701,Ashton Jeanty,rush_yds,57.5,Kansas City Chiefs @ Las Vegas Raiders,1,LV,RB,KC,true,21.5,58.4,64.6,0.914,12,"56, 48, 102, 87, 60",3/5,under,-113,fanduel,0.525,0.5,0.025,-0.011,"","",false
702,CeeDee Lamb,receptions,5.5,Dallas Cowboys @ Houston Texans,3,DAL,WR,HOU,false,22.8,6.1,5.9,1.03,12,"7, 8, 5, 1, 5",2/5,over,-130,fanduel,0.558,0.552,0.006,-0.012,"","",false
703,Davante Adams,rec_yds,68.5,Los Angeles Rams @ Philadelphia Eagles,1,LA,WR,PHI,false,23.0,95.4,93.1,1.018,12,"137, 195, 26, 71, 29",3/5,over,-113,fanduel,0.524,0.5,0.024,-0.012,role change (56 last season -> 119 this season),"",false
704,Joe Burrow,pass_yds,270.5,Jacksonville Jaguars @ Cincinnati Bengals,1,CIN,QB,JAX,true,27.0,262.9,247.3,1.012,11,"282, 207, 254, 236, 305",2/5,under,-115,betmgm,0.529,0.5,0.029,-0.012,"","",false
705,Joe Burrow,rush_yds,8.5,Jacksonville Jaguars @ Cincinnati Bengals,2,CIN,QB,JAX,true,27.0,9.8,8.7,1.071,11,"13, -1, 20, 17, 2",3/5,under,-111,draftkings,0.52,0.499,0.021,-0.012,role change (5 last season -> 11 this season); fringe player line,"",false
706,Cam Skattebo,rec_yds,17.5,Arizona Cardinals @ New York Giants,1,NYG,RB,ARI,true,21.0,19.7,23.5,0.856,11,"40, 19, 0, 18, 34",4/5,under,-117,draftkings,0.533,0.511,0.022,-0.012,"","",false
707,Drake Maye,pass_yds,235.5,New England Patriots @ Buffalo Bills,1,NE,QB,BUF,false,21.2,232.7,222.1,1.063,12,"199, 208, 178, 191, 256",1/5,under,-111,draftkings,0.52,0.498,0.022,-0.012,"","",false
708,James Cook,rec_yds,8.5,New England Patriots @ Buffalo Bills,1,BUF,RB,NE,true,28.2,10.6,9.4,1.067,12,"0, 4, 12, 0, 3",1/5,under,-120,betmgm,0.539,0.51,0.029,-0.012,role change (17 last season -> 5 this season); fringe player line,"",false
709,Ashton Jeanty,rush_yds,58.5,Kansas City Chiefs @ Las Vegas Raiders,1,LV,RB,KC,true,21.5,58.4,64.6,0.914,12,"56, 48, 102, 87, 60",3/5,under,-118,betmgm,0.534,0.507,0.027,-0.013,"","",false
710,Joe Burrow,pass_yds,267.5,Jacksonville Jaguars @ Cincinnati Bengals,1,CIN,QB,JAX,true,27.0,262.9,247.3,1.012,11,"282, 207, 254, 236, 305",2/5,under,-113,fanduel,0.524,0.5,0.024,-0.013,"","",false
711,Emeka Egbuka,receptions,3.5,Green Bay Packers @ Tampa Bay Buccaneers,3,TB,WR,GB,true,17.8,3.7,3.7,1.04,12,"5, 3, 5, 1, 3",2/5,over,110,betmgm,0.47,0.456,0.013,-0.013,"","",false
712,Brock Wright,rec_yds,5.5,Detroit Lions @ Carolina Panthers,2,DET,TE,CAR,false,27.0,7.9,8.1,0.925,11,"7, 0, 5, 29, 8",3/5,under,-110,draftkings,0.517,0.511,0.006,-0.013,role change (14 last season -> 4 this season); fringe player line,"",false
713,Dak Prescott,pass_yds,266.5,Dallas Cowboys @ Houston Texans,1,DAL,QB,HOU,false,22.8,262.3,251.9,1.038,12,"276, 279, 175, 70, 307",3/5,under,-113,fanduel,0.524,0.5,0.024,-0.013,"","",false
714,CeeDee Lamb,rec_yds,76.5,Dallas Cowboys @ Houston Texans,1,DAL,WR,HOU,false,22.8,94.5,89.0,1.06,12,"112, 153, 44, 4, 46",2/5,over,-113,fanduel,0.523,0.5,0.023,-0.013,"","",false
715,Tee Higgins,receptions,4.5,Jacksonville Jaguars @ Cincinnati Bengals,3,CIN,WR,JAX,true,27.0,4.8,4.7,0.981,12,"6, 5, 3, 6, 4",3/5,over,-102,fanduel,0.499,0.488,0.011,-0.013,"","",false
716,Ashton Jeanty,rec_yds,19.5,Kansas City Chiefs @ Las Vegas Raiders,2,LV,RB,KC,true,21.5,26.3,27.9,0.952,12,"37, 15, 45, 7, 13",2/5,over,-112,draftkings,0.521,0.5,0.021,-0.014,"","",false
717,Carnell Tate,receptions,4.5,Tennessee Titans @ Baltimore Ravens,3,TEN,WR,BAL,false,15.5,4.7,4.4,1.099,3,"6, 3, 4",1/3,over,110,betmgm,0.469,0.457,0.012,-0.014,"","",false
718,Elic Ayomanor,rec_yds,20.5,Tennessee Titans @ Baltimore Ravens,1,TEN,WR,BAL,false,15.5,31.0,32.0,1.053,12,"11, 69, 11, 50, 37",3/5,over,-115,betmgm,0.527,0.5,0.027,-0.014,"","",false
719,Parker Washington,rec_yds,73.5,Jacksonville Jaguars @ Cincinnati Bengals,1,JAX,WR,CIN,false,24.5,75.0,74.9,0.979,12,"40, 98, 83, 87, 115",4/5,under,-113,fanduel,0.523,0.5,0.023,-0.014,"","",false
720,Mack Hollins,rec_yds,45.5,New England Patriots @ Buffalo Bills,1,NE,WR,BUF,false,21.2,57.3,53.1,1.095,12,"87, 18, 51, 69, 41",3/5,over,-115,betmgm,0.527,0.5,0.027,-0.015,"","",false
721,Brian Thomas Jr,receptions,2.5,Jacksonville Jaguars @ Cincinnati Bengals,3,JAX,WR,CIN,false,24.5,2.6,2.7,0.971,12,"1, 3, 3, 3, 4",4/5,over,121,draftkings,0.446,0.425,0.02,-0.015,"","",false
722,Mike Gesicki,anytime_td,0.5,Jacksonville Jaguars @ Cincinnati Bengals,3,CIN,TE,JAX,true,27.0,0.3,4.0,0.861,12,"1, 1, 0, 0, 1",3/5,over,310,betmgm,0.24,0.232,0.009,-0.015,only 2 games this season,"",false
723,Tucker Kraft,rec_yds,40.5,Green Bay Packers @ Tampa Bay Buccaneers,2,GB,TE,TB,false,20.8,47.0,45.3,1.057,11,"26, 15, 65, 20, 143",2/5,under,-110,draftkings,0.516,0.498,0.018,-0.015,role change (61 last season -> 35 this season),"",false
724,Sam LaPorta,rec_yds,48.5,Detroit Lions @ Carolina Panthers,1,DET,TE,CAR,false,27.0,49.8,51.3,0.925,12,"44, 52, 48, 53, 97",3/5,under,-113,draftkings,0.523,0.502,0.021,-0.015,"","",false
725,Travis Kelce,rec_yds,49.5,Kansas City Chiefs @ Las Vegas Raiders,1,KC,TE,LV,false,26.0,60.4,58.6,0.991,12,"59, 101, 71, 12, 36",3/5,over,-110,draftkings,0.516,0.496,0.02,-0.015,"","",false
726,Malik Willis,rush_yds,29.5,Miami Dolphins @ Minnesota Vikings,1,MIA,QB,MIN,false,14.2,32.3,34.6,1.027,7,"56, 6, 39, 60, 44",4/5,under,-113,fanduel,0.522,0.5,0.022,-0.015,"","",false
727,Keaton Mitchell,rush_yds,17.5,Los Angeles Chargers @ Seattle Seahawks,2,LAC,RB,SEA,false,17.8,25.7,30.0,0.904,12,"52, 24, 9, 2, 31",3/5,over,-110,draftkings,0.516,0.498,0.018,-0.015,"","",false
728,Jakobi Meyers,rec_yds,39.5,Jacksonville Jaguars @ Cincinnati Bengals,2,JAX,WR,CIN,false,24.5,48.0,48.0,0.979,12,"64, 28, 40, 44, 39",3/5,over,-113,draftkings,0.522,0.501,0.021,-0.016,"","",false
729,Derrick Henry,rec_yds,7.5,Tennessee Titans @ Baltimore Ravens,3,BAL,RB,TEN,true,27.0,10.1,10.1,0.952,12,"0, 19, 19, 0, 0",2/5,under,-110,betmgm,0.515,0.497,0.018,-0.016,fringe player line,"",false
730,Zay Flowers,receptions,5.5,Tennessee Titans @ Baltimore Ravens,3,BAL,WR,TEN,true,27.0,5.1,4.8,1.04,12,"5, 5, 4, 4, 7",1/5,under,-132,draftkings,0.56,0.543,0.017,-0.016,Questionable (Hamstring); only 2 games this season,"",false
731,Kenneth Walker III,rec_yds,21.5,Kansas City Chiefs @ Las Vegas Raiders,1,KC,RB,LV,false,26.0,26.2,25.3,0.996,12,"3, 61, 18, 36, 6",2/5,under,-110,draftkings,0.515,0.496,0.02,-0.016,"","",false
732,Samaje Perine,rush_yds,14.5,Jacksonville Jaguars @ Cincinnati Bengals,1,CIN,RB,JAX,true,27.0,18.4,20.0,0.877,12,"9, 6, 20, 42, 5",2/5,under,-107,draftkings,0.509,0.488,0.02,-0.016,role change (25 last season -> 12 this season); fringe player line,"",false
733,Nico Collins,rec_yds,74.5,Dallas Cowboys @ Houston Texans,1,HOU,WR,DAL,true,25.8,76.5,77.3,0.955,12,"75, 57, 59, 85, 121",3/5,under,-114,draftkings,0.524,0.504,0.02,-0.016,only 1 game this season,"",false
734,James Cook,receptions,1.5,New England Patriots @ Buffalo Bills,3,BUF,RB,NE,true,28.2,1.4,1.4,0.973,12,"0, 1, 3, 0, 1",1/5,under,-121,draftkings,0.539,0.517,0.022,-0.016,"","",false
735,Emeka Egbuka,rec_yds,37.5,Green Bay Packers @ Tampa Bay Buccaneers,1,TB,WR,GB,true,17.8,40.0,41.7,1.014,12,"62, 16, 63, 8, 20",2/5,under,-113,fanduel,0.522,0.5,0.022,-0.017,"","",false
736,Jared Goff,pass_yds,263.5,Detroit Lions @ Carolina Panthers,1,DET,QB,CAR,false,27.0,276.0,281.4,0.934,12,"269, 327, 206, 331, 197",3/5,over,115,betmgm,0.457,0.433,0.024,-0.017,"","",false
737,Kayshon Boutte,receptions,2.5,Dallas Cowboys @ Houston Texans,2,HOU,WR,DAL,true,25.8,2.0,2.0,0.981,12,"2, 3, 1, 2, 1",1/5,under,-183,draftkings,0.636,0.622,0.014,-0.017,"","",false
738,James Cook,anytime_td,0.5,New England Patriots @ Buffalo Bills,3,BUF,RB,NE,true,28.2,0.9,20.8,0.961,12,"1, 1, 0, 0, 0",2/5,over,-125,betmgm,0.546,0.532,0.015,-0.017,"","",false
739,Michael Wilson,rec_yds,56.5,Arizona Cardinals @ New York Giants,1,ARI,WR,NYG,false,23.5,71.2,69.5,1.014,12,"89, 18, 56, 99, 89",3/5,over,-113,fanduel,0.521,0.5,0.021,-0.017,"","",false
740,Christian McCaffrey,rec_yds,41.5,Denver Broncos @ San Francisco 49ers,1,SF,RB,DEN,true,25.8,43.1,36.1,1.152,12,"41, 43, 20, 34, 41",1/5,under,-111,draftkings,0.517,0.498,0.019,-0.017,"","",false
741,Ja'Marr Chase,rec_yds,81.5,Jacksonville Jaguars @ Cincinnati Bengals,1,CIN,WR,JAX,true,27.0,83.8,75.4,1.058,12,"98, 75, 12, 96, 60",2/5,under,-113,fanduel,0.521,0.5,0.021,-0.018,"","",false
742,Rashod Bateman,receptions,2.5,Tennessee Titans @ Baltimore Ravens,3,BAL,WR,TEN,true,27.0,2.3,2.2,1.04,12,"2, 7, 0, 1, 0",1/5,over,134,fanduel,0.42,0.421,-0.002,-0.018,role change (1 last season -> 3 this season),"",false
743,Evan Engram,receptions,2.5,Denver Broncos @ San Francisco 49ers,2,DEN,TE,SF,false,22.8,2.2,2.0,1.094,12,"0, 1, 4, 3, 4",3/5,under,-140,draftkings,0.573,0.553,0.02,-0.018,role change (3 last season -> 2 this season),"",false
744,Jakobi Meyers,receptions,3.5,Jacksonville Jaguars @ Cincinnati Bengals,3,JAX,WR,CIN,false,24.5,4.1,4.1,0.971,12,"7, 1, 2, 5, 6",3/5,over,-122,fanduel,0.54,0.523,0.017,-0.018,"","",false
745,Chris Godwin,rec_yds,27.5,Green Bay Packers @ Tampa Bay Buccaneers,1,TB,WR,GB,true,17.8,37.1,38.7,1.014,12,"25, 46, 40, 8, 108",3/5,over,-113,fanduel,0.521,0.5,0.021,-0.018,"","",false
746,AJ Barner,rec_yds,30.5,Los Angeles Chargers @ Seattle Seahawks,3,SEA,TE,LAC,true,24.8,34.4,32.4,1.034,12,"69, 8, 13, 14, 43",2/5,under,-113,fanduel,0.521,0.504,0.017,-0.018,"","",false
747,Greg Dulcich,rec_yds,25.5,Miami Dolphins @ Minnesota Vikings,1,MIA,TE,MIN,false,14.2,33.7,35.1,1.057,12,"55, 17, 18, 31, 58",3/5,over,-135,betmgm,0.564,0.535,0.029,-0.019,"","",false
748,Christian McCaffrey,rush_yds,65.5,Denver Broncos @ San Francisco 49ers,1,SF,RB,DEN,true,25.8,77.7,65.9,1.139,12,"75, 23, 68, 23, 140",3/5,over,-113,fanduel,0.52,0.5,0.02,-0.019,"","",false
749,Jonathan Taylor,rec_yds,19.5,Indianapolis Colts @ Washington Commanders,2,IND,RB,WAS,false,25.5,21.4,19.9,1.037,12,"4, 40, 23, 13, 14",2/5,under,-113,draftkings,0.52,0.501,0.019,-0.019,"","",false
750,James Cook,rec_yds,7.5,New England Patriots @ Buffalo Bills,2,BUF,RB,NE,true,28.2,10.6,9.4,1.067,12,"0, 4, 12, 0, 3",1/5,under,-113,fanduel,0.52,0.505,0.015,-0.019,role change (17 last season -> 5 this season); fringe player line,"",false
751,Tyquan Thornton,rec_yds,20.5,Kansas City Chiefs @ Las Vegas Raiders,1,KC,WR,LV,false,26.0,33.7,33.0,0.983,12,"22, 86, 0, 47, 19",3/5,over,-116,draftkings,0.527,0.508,0.018,-0.019,"","",false
752,Ted Hurst III,receptions,1.5,Green Bay Packers @ Tampa Bay Buccaneers,3,TB,WR,GB,true,17.8,1.9,1.9,1.04,3,"1, 2, 3",2/3,under,140,betmgm,0.409,0.398,0.01,-0.02,"","",false
753,Cade Otton,rec_yds,25.5,Green Bay Packers @ Tampa Bay Buccaneers,3,TB,TE,GB,true,17.8,33.9,41.1,0.872,12,"56, 38, 26, 94, 33",5/5,over,-111,betmgm,0.516,0.498,0.018,-0.02,"","",false
754,Josh Allen,pass_yds,242.5,New England Patriots @ Buffalo Bills,1,BUF,QB,NE,true,28.2,240.6,240.8,0.939,12,"204, 248, 334, 262, 130",3/5,under,-113,fanduel,0.52,0.5,0.02,-0.02,"","",false
755,D'Andre Swift,anytime_td,0.5,New York Jets @ Chicago Bears,3,CHI,RB,NYJ,true,23.5,0.7,18.7,1.2,12,"0, 0, 3, 0, 2",2/5,over,-105,fanduel,0.502,0.495,0.007,-0.02,"","",false
756,Najee Harris,rush_yds,23.5,Arizona Cardinals @ New York Giants,2,NYG,RB,ARI,true,21.0,27.8,27.4,1.032,5,"52, 6, 28, 28, 5",3/5,under,-109,draftkings,0.511,0.497,0.014,-0.02,only 2 games this season,"",false
757,Ja'Marr Chase,rec_yds,82.5,Jacksonville Jaguars @ Cincinnati Bengals,1,CIN,WR,JAX,true,27.0,83.8,75.4,1.058,12,"98, 75, 12, 96, 60",2/5,under,-115,betmgm,0.524,0.5,0.024,-0.02,"","",false
758,Dawson Knox,rec_yds,11.5,New England Patriots @ Buffalo Bills,1,BUF,TE,NE,true,28.2,15.1,16.8,0.846,12,"5, 5, 7, 24, 30",2/5,under,-120,betmgm,0.535,0.509,0.026,-0.02,role change (26 last season -> 6 this season); fringe player line,"",false
759,David Montgomery,rec_yds,10.5,Dallas Cowboys @ Houston Texans,2,HOU,RB,DAL,true,25.8,12.6,13.2,0.915,12,"15, 14, 19, 13, 15",5/5,over,-110,betmgm,0.513,0.495,0.018,-0.02,fringe player line,"",false
760,Hunter Luepke,anytime_td,0.5,Dallas Cowboys @ Houston Texans,3,DAL,RB,HOU,false,22.8,0.1,2.3,0.8,12,"0, 0, 0, 0, 0",0/5,over,1300,draftkings,0.07,0.072,-0.002,-0.021,only 2 games this season,"",true
761,Malik Benson,anytime_td,0.5,Kansas City Chiefs @ Las Vegas Raiders,3,LV,WR,KC,true,21.5,0.1,1.6,0.8,3,"0, 0, 0",0/3,over,1350,betmgm,0.068,0.069,-0.002,-0.021,"","",true
762,Xavier Hutchinson,receptions,2.5,Dallas Cowboys @ Houston Texans,3,HOU,WR,DAL,true,25.8,2.6,2.6,0.981,12,"3, 3, 3, 5, 2",4/5,under,-102,fanduel,0.495,0.486,0.008,-0.021,"","",false
763,Najee Harris,rush_yds,25.5,Arizona Cardinals @ New York Giants,1,NYG,RB,ARI,true,21.0,27.8,27.4,1.032,5,"52, 6, 28, 28, 5",3/5,under,-120,betmgm,0.534,0.51,0.024,-0.021,only 2 games this season,"",false
764,George Kittle,receptions,4.5,Denver Broncos @ San Francisco 49ers,2,SF,TE,DEN,true,25.8,5.4,5.0,1.072,12,"6, 4, 2, 5, 7",3/5,over,-148,fanduel,0.584,0.563,0.021,-0.021,"","",false
765,Dak Prescott,anytime_td,0.5,Dallas Cowboys @ Houston Texans,3,DAL,QB,HOU,false,22.8,0.1,3.2,1.2,12,"0, 0, 0, 0, 0",0/5,over,700,draftkings,0.122,0.121,0.001,-0.022,"","",true
766,Ashton Dulin,anytime_td,0.5,Indianapolis Colts @ Washington Commanders,3,IND,WR,WAS,false,25.5,0.0,1.1,1.2,12,"0, 0, 0, 0, 0",0/5,over,1100,fanduel,0.081,0.098,-0.016,-0.022,Questionable (Ankle); only 1 game this season,"",true
767,Darnell Mooney,receptions,1.5,Arizona Cardinals @ New York Giants,3,NYG,WR,ARI,true,21.0,2.0,2.1,0.951,12,"2, 2, 2, 3, 2",5/5,over,-132,fanduel,0.556,0.54,0.016,-0.022,"","",false
768,Tez Johnson,rec_yds,9.5,Green Bay Packers @ Tampa Bay Buccaneers,1,TB,WR,GB,true,17.8,16.4,17.1,1.014,12,"8, 49, 0, 17, 19",3/5,over,-109,draftkings,0.51,0.494,0.017,-0.022,line far from history: new role?; fringe player line,"",false
769,Jameis Winston,rush_yds,5.5,Arizona Cardinals @ New York Giants,2,NYG,QB,ARI,true,21.0,8.0,7.7,1.065,5,"14, 1, 0, 13, 10",3/5,over,-110,betmgm,0.512,0.495,0.017,-0.022,fringe player line; only 2 games this season,"",false
770,Puka Nacua,anytime_td,0.5,Los Angeles Rams @ Philadelphia Eagles,3,LA,WR,PHI,false,23.0,0.6,10.7,1.145,12,"0, 1, 1, 2, 0",3/5,over,135,draftkings,0.416,0.403,0.013,-0.023,only 1 game this season,"",false
771,AJ Barner,anytime_td,0.5,Los Angeles Chargers @ Seattle Seahawks,3,SEA,TE,LAC,true,24.8,0.4,4.8,0.861,12,"0, 1, 0, 0, 1",2/5,over,260,draftkings,0.271,0.26,0.012,-0.023,"","",false
772,Mike Gesicki,rec_yds,27.5,Jacksonville Jaguars @ Cincinnati Bengals,2,CIN,TE,JAX,true,27.0,37.2,41.4,0.857,12,"37, 78, 13, 47, 35",4/5,over,-113,fanduel,0.518,0.5,0.018,-0.023,role change (26 last season -> 58 this season); only 2 games this season,"",false
773,Jared Goff,pass_yds,255.5,Detroit Lions @ Carolina Panthers,1,DET,QB,CAR,false,27.0,276.0,281.4,0.934,12,"269, 327, 206, 331, 197",3/5,over,-113,draftkings,0.519,0.502,0.016,-0.023,"","",false
774,Christian Watson,rec_yds,67.5,Green Bay Packers @ Tampa Bay Buccaneers,1,GB,WR,TB,false,20.8,72.3,79.1,0.932,12,"96, 41, 147, 113, 17",3/5,under,-113,fanduel,0.518,0.5,0.018,-0.023,"","",false
775,Omarion Hampton,rush_yds,44.5,Los Angeles Chargers @ Seattle Seahawks,1,LAC,RB,SEA,false,17.8,53.8,62.8,0.904,12,"56, 94, 43, 29, 85",3/5,over,-115,betmgm,0.523,0.5,0.023,-0.023,"","",false
776,Mike Gesicki,receptions,2.5,Jacksonville Jaguars @ Cincinnati Bengals,3,CIN,TE,JAX,true,27.0,2.7,3.1,0.837,12,"3, 5, 2, 2, 3",3/5,under,105,betmgm,0.476,0.466,0.01,-0.024,role change (2 last season -> 4 this season); only 2 games this season,"",false
777,Romeo Doubs,rec_yds,39.5,New England Patriots @ Buffalo Bills,2,NE,WR,BUF,false,21.2,51.8,48.0,1.095,12,"49, 96, 0, 62, 84",4/5,over,-111,draftkings,0.513,0.499,0.014,-0.024,"","",false
778,Kyle Monangai,receptions,0.5,New York Jets @ Chicago Bears,2,CHI,RB,NYJ,true,23.5,1.3,1.2,1.025,12,"0, 2, 2, 1, 3",4/5,over,-225,fanduel,0.676,0.655,0.02,-0.024,line far from history: new role?; fringe player line,"",false
779,Drew Sample,rec_yds,7.5,Jacksonville Jaguars @ Cincinnati Bengals,1,CIN,TE,JAX,true,27.0,9.5,10.6,0.857,12,"0, 19, 17, 8, 31",4/5,under,-119,draftkings,0.53,0.514,0.017,-0.024,fringe player line; only 2 games this season,"",false
780,Woody Marks,receptions,1.5,Dallas Cowboys @ Houston Texans,3,HOU,RB,DAL,true,25.8,1.9,1.9,0.973,12,"1, 5, 1, 2, 1",2/5,under,116,draftkings,0.452,0.458,-0.006,-0.024,"","",false
781,George Pickens,receptions,4.5,Dallas Cowboys @ Houston Texans,2,DAL,WR,HOU,false,22.8,5.4,5.2,1.03,12,"7, 6, 3, 1, 4",2/5,over,-144,draftkings,0.575,0.554,0.021,-0.025,"","",false
782,AJ Barner,receptions,3.5,Los Angeles Chargers @ Seattle Seahawks,3,SEA,TE,LAC,true,24.8,3.1,3.0,1.008,12,"5, 1, 2, 2, 3",1/5,under,-160,betmgm,0.6,0.587,0.013,-0.025,"","",false
783,Tucker Kraft,rec_yds,41.5,Green Bay Packers @ Tampa Bay Buccaneers,1,GB,TE,TB,false,20.8,47.0,45.3,1.057,11,"26, 15, 65, 20, 143",2/5,under,-115,betmgm,0.521,0.5,0.021,-0.025,role change (61 last season -> 35 this season),"",false
784,Chris Manhertz,anytime_td,0.5,Arizona Cardinals @ New York Giants,3,NYG,TE,ARI,true,21.0,0.0,0.5,1.2,4,"0, 0, 0, 0",0/4,over,3000,betmgm,0.031,0.033,-0.001,-0.025,only 0 games this season,"",true
785,Rhamondre Stevenson,receptions,2.5,New England Patriots @ Buffalo Bills,3,NE,RB,BUF,false,21.2,2.8,2.7,1.05,12,"3, 1, 5, 2, 5",3/5,over,-114,draftkings,0.519,0.512,0.007,-0.025,"","",false
786,Geno Smith,pass_yds,223.5,New York Jets @ Chicago Bears,1,NYJ,QB,CHI,false,20.0,221.7,232.3,0.981,12,"321, 247, 215, 176, 201",2/5,under,-115,betmgm,0.521,0.5,0.021,-0.026,"","",false
787,Lamar Jackson,pass_yds,216.5,Tennessee Titans @ Baltimore Ravens,1,BAL,QB,TEN,true,27.0,217.3,217.3,0.953,12,"186, 235, 324, 238, 101",3/5,under,-113,draftkings,0.517,0.502,0.015,-0.026,"","",false
788,Derrick Henry,anytime_td,0.5,Tennessee Titans @ Baltimore Ravens,3,BAL,RB,TEN,true,27.0,1.3,23.0,0.961,12,"2, 1, 3, 0, 4",4/5,over,-220,betmgm,0.669,0.642,0.027,-0.026,"","",false
789,Daniel Jones,pass_yds,218.5,Indianapolis Colts @ Washington Commanders,1,IND,QB,WAS,false,25.5,247.4,221.9,1.079,12,"235, 210, 166, 201, 181",1/5,over,-140,betmgm,0.568,0.545,0.024,-0.026,"","",false
790,Omarion Hampton,rush_yds,45.5,Los Angeles Chargers @ Seattle Seahawks,1,LAC,RB,SEA,false,17.8,53.8,62.8,0.904,12,"56, 94, 43, 29, 85",3/5,over,-113,fanduel,0.517,0.5,0.017,-0.026,"","",false
791,D'Andre Swift,receptions,2.5,New York Jets @ Chicago Bears,3,CHI,RB,NYJ,true,23.5,2.3,2.3,1.025,12,"2, 5, 1, 1, 2",1/5,over,146,fanduel,0.396,0.388,0.008,-0.026,"","",false
792,Chig Okonkwo,receptions,3.5,Indianapolis Colts @ Washington Commanders,1,WAS,TE,IND,true,21.0,3.1,2.9,1.094,12,"2, 2, 3, 6, 4",2/5,under,-140,fanduel,0.568,0.546,0.022,-0.026,only 1 game this season,"",false
793,Jake Ferguson,rec_yds,25.5,Dallas Cowboys @ Houston Texans,1,DAL,TE,HOU,false,22.8,27.4,24.3,1.122,12,"23, 43, 6, 5, 6",1/5,under,-115,betmgm,0.521,0.5,0.021,-0.026,"","",false
794,Marvin Mims Jr.,anytime_td,0.5,Denver Broncos @ San Francisco 49ers,2,DEN,WR,SF,false,22.8,0.1,2.9,0.906,12,"0, 0, 0, 0, 0",0/5,over,950,fanduel,0.093,0.09,0.002,-0.026,only 1 game this season,"",true
795,Dak Prescott,rush_yds,11.5,Dallas Cowboys @ Houston Texans,1,DAL,QB,HOU,false,22.8,13.0,15.5,0.837,12,"19, 26, 14, -1, 24",4/5,under,-119,draftkings,0.529,0.514,0.015,-0.027,role change (10 last season -> 20 this season); fringe player line,"",false
796,Adam Trautman,anytime_td,0.5,Denver Broncos @ San Francisco 49ers,2,DEN,TE,SF,false,22.8,0.1,2.3,0.8,12,"0, 0, 0, 0, 0",0/5,over,850,draftkings,0.102,0.097,0.005,-0.027,only 1 game this season,"",true
797,Kyle Juszczyk,rec_yds,8.5,Denver Broncos @ San Francisco 49ers,2,SF,FB,DEN,true,25.8,12.2,11.8,1.0,12,"0, 27, 5, 14, 7",2/5,over,-107,draftkings,0.503,0.495,0.008,-0.027,fringe player line; only 2 games this season,"",false
798,Jonathan Taylor,receptions,2.5,Indianapolis Colts @ Washington Commanders,3,IND,RB,WAS,false,25.5,2.7,2.7,0.973,12,"2, 4, 3, 2, 3",3/5,under,105,betmgm,0.474,0.464,0.01,-0.028,"","",false
799,Jahmyr Gibbs,rush_yds,99.5,Detroit Lions @ Carolina Panthers,1,DET,RB,CAR,false,27.0,105.6,84.3,1.193,12,"99, 52, 156, 80, 41",1/5,under,-111,draftkings,0.511,0.498,0.013,-0.028,"","",false
800,Chase Brown,rush_yds,60.5,Jacksonville Jaguars @ Cincinnati Bengals,2,CIN,RB,JAX,true,27.0,62.9,68.3,0.877,12,"61, 80, 56, 72, 101",4/5,under,-113,draftkings,0.516,0.501,0.015,-0.028,"","",false
801,Bucky Irving,rush_yds,54.5,Green Bay Packers @ Tampa Bay Buccaneers,1,TB,RB,GB,true,17.8,64.2,60.1,1.126,12,"46, 89, 45, 85, 19",2/5,over,-115,betmgm,0.52,0.5,0.02,-0.028,"","",false
802,Mike Gesicki,rec_yds,28.5,Jacksonville Jaguars @ Cincinnati Bengals,1,CIN,TE,JAX,true,27.0,37.2,41.4,0.857,12,"37, 78, 13, 47, 35",4/5,over,-109,draftkings,0.507,0.494,0.013,-0.028,role change (26 last season -> 58 this season); only 2 games this season,"",false
803,Kenyon Sadiq,receptions,3.5,New York Jets @ Chicago Bears,1,NYJ,TE,CHI,false,20.0,3.8,4.2,0.923,3,"7, 2, 3",1/3,under,125,betmgm,0.432,0.417,0.015,-0.029,Questionable (Back),"",false
804,Kenneth Walker III,receptions,2.5,Kansas City Chiefs @ Las Vegas Raiders,2,KC,RB,LV,false,26.0,3.1,3.1,0.973,12,"2, 6, 3, 4, 2",3/5,over,-154,fanduel,0.589,0.583,0.006,-0.029,role change (2 last season -> 4 this season),"",false
805,Emmett Johnson,receptions,1.5,Kansas City Chiefs @ Las Vegas Raiders,3,KC,RB,LV,false,26.0,1.2,1.2,0.973,3,"0, 2, 2",2/3,under,-185,betmgm,0.631,0.62,0.011,-0.029,"","",false
806,Tre Tucker,rec_yds,38.5,Kansas City Chiefs @ Las Vegas Raiders,1,LV,WR,KC,true,21.5,45.4,49.7,0.923,12,"43, 119, 27, 30, 49",3/5,under,-113,fanduel,0.515,0.5,0.015,-0.029,"","",false
807,Greg Dulcich,rec_yds,31.5,Miami Dolphins @ Minnesota Vikings,1,MIA,TE,MIN,false,14.2,33.7,35.1,1.057,12,"55, 17, 18, 31, 58",2/5,under,-111,draftkings,0.511,0.498,0.013,-0.029,"","",false
808,Jeremiyah Love,receptions,3.5,Arizona Cardinals @ New York Giants,1,ARI,RB,NYG,false,23.5,3.4,3.5,0.973,3,"5, 3, 2",1/3,over,136,fanduel,0.412,0.396,0.015,-0.029,"","",false
809,Lamar Jackson,pass_yds,218.5,Tennessee Titans @ Baltimore Ravens,1,BAL,QB,TEN,true,27.0,217.3,217.3,0.953,12,"186, 235, 324, 238, 101",3/5,under,-115,betmgm,0.519,0.5,0.019,-0.029,"","",false
810,Tyjae Spears,receptions,2.5,Tennessee Titans @ Baltimore Ravens,3,TEN,RB,BAL,false,15.5,2.3,2.4,1.025,12,"0, 2, 2, 7, 1",1/5,over,130,draftkings,0.422,0.426,-0.004,-0.03,Questionable (Ankle); role change (3 last season -> 1 this season),"",false
811,Luke Schoonmaker,anytime_td,0.5,Dallas Cowboys @ Houston Texans,3,DAL,TE,HOU,false,22.8,0.1,1.3,0.8,12,"0, 0, 0, 0, 0",0/5,over,1550,betmgm,0.059,0.062,-0.003,-0.03,only 2 games this season,"",true
812,Josh Allen,rush_yds,31.5,New England Patriots @ Buffalo Bills,2,BUF,QB,NE,true,28.2,37.6,36.9,0.958,12,"22, 69, 23, 27, 17",1/5,over,-109,draftkings,0.506,0.497,0.009,-0.03,"","",false
813,Christian McCaffrey,rush_yds,67.5,Denver Broncos @ San Francisco 49ers,1,SF,RB,DEN,true,25.8,77.7,65.9,1.139,12,"75, 23, 68, 23, 140",3/5,over,-112,draftkings,0.512,0.5,0.012,-0.03,"","",false
814,Dak Prescott,rush_yds,9.5,Dallas Cowboys @ Houston Texans,1,DAL,QB,HOU,false,22.8,13.0,15.5,0.837,12,"19, 26, 14, -1, 24",4/5,over,-113,fanduel,0.515,0.5,0.015,-0.03,role change (10 last season -> 20 this season); fringe player line,"",false
815,Nico Collins,rec_yds,72.5,Dallas Cowboys @ Houston Texans,1,HOU,WR,DAL,true,25.8,76.5,77.3,0.955,12,"75, 57, 59, 85, 121",3/5,under,-113,fanduel,0.515,0.5,0.015,-0.03,only 1 game this season,"",false
816,D'Andre Swift,rush_yds,61.5,New York Jets @ Chicago Bears,1,CHI,RB,NYJ,true,23.5,72.2,75.0,0.952,12,"84, 45, 124, 40, 54",2/5,over,-115,betmgm,0.519,0.5,0.019,-0.03,"","",false
817,Rome Odunze,receptions,2.5,New York Jets @ Chicago Bears,3,CHI,WR,NYJ,true,23.5,2.9,2.8,1.001,12,"3, 3, 2, 2, 3",3/5,over,-115,betmgm,0.519,0.509,0.01,-0.03,"","",false
818,Bucky Irving,rush_yds,55.5,Green Bay Packers @ Tampa Bay Buccaneers,1,TB,RB,GB,true,17.8,64.2,60.1,1.126,12,"46, 89, 45, 85, 19",2/5,over,-113,fanduel,0.515,0.5,0.015,-0.03,"","",false
819,Romeo Doubs,rec_yds,38.5,New England Patriots @ Buffalo Bills,1,NE,WR,BUF,false,21.2,51.8,48.0,1.095,12,"49, 96, 0, 62, 84",4/5,over,-115,betmgm,0.519,0.5,0.019,-0.03,"","",false
820,Antonio Williams,rec_yds,24.5,Indianapolis Colts @ Washington Commanders,1,WAS,WR,IND,true,21.0,33.3,31.7,1.066,3,"15, 24, 64",1/3,over,-113,fanduel,0.514,0.5,0.014,-0.03,"","",false
821,Sam LaPorta,rec_yds,47.5,Detroit Lions @ Carolina Panthers,1,DET,TE,CAR,false,27.0,49.8,51.3,0.925,12,"44, 52, 48, 53, 97",4/5,under,-114,fanduel,0.516,0.5,0.016,-0.031,"","",false
822,Chris Bell,anytime_td,0.5,Miami Dolphins @ Minnesota Vikings,3,MIA,WR,MIN,false,14.2,0.1,3.6,1.026,3,"0, 0, 0",0/3,over,600,draftkings,0.138,0.147,-0.009,-0.031,"","",true
823,Drake Maye,pass_yds,231.5,New England Patriots @ Buffalo Bills,1,NE,QB,BUF,false,21.2,232.7,222.1,1.063,12,"199, 208, 178, 191, 256",1/5,under,-113,fanduel,0.514,0.5,0.014,-0.031,"","",false
824,Elic Ayomanor,receptions,1.5,Tennessee Titans @ Baltimore Ravens,3,TEN,WR,BAL,false,15.5,1.9,1.8,1.099,12,"1, 2, 1, 3, 4",3/5,over,-140,betmgm,0.565,0.562,0.003,-0.031,role change (3 last season -> 1 this season),"",false
825,Jake Ferguson,rec_yds,24.5,Dallas Cowboys @ Houston Texans,1,DAL,TE,HOU,false,22.8,27.4,24.3,1.122,12,"23, 43, 6, 5, 6",1/5,under,-114,draftkings,0.516,0.504,0.012,-0.031,"","",false
826,Xavier Hutchinson,rec_yds,28.5,Dallas Cowboys @ Houston Texans,1,HOU,WR,DAL,true,25.8,36.0,36.4,0.955,12,"51, 37, 32, 84, 21",4/5,over,-111,betmgm,0.51,0.491,0.019,-0.031,"","",false
827,Chase Brown,rush_yds,62.5,Jacksonville Jaguars @ Cincinnati Bengals,1,CIN,RB,JAX,true,27.0,62.9,68.3,0.877,12,"61, 80, 56, 72, 101",3/5,under,-125,betmgm,0.538,0.52,0.018,-0.031,"","",false
828,Hunter Henry,anytime_td,0.5,New England Patriots @ Buffalo Bills,3,NE,TE,BUF,false,21.2,0.3,4.1,0.861,12,"0, 0, 0, 0, 1",1/5,over,280,betmgm,0.255,0.262,-0.006,-0.031,"","",false
829,Javonte Williams,rush_yds,56.5,Dallas Cowboys @ Houston Texans,1,DAL,RB,HOU,false,22.8,58.6,61.8,0.947,12,"98, 30, 41, 54, 34",1/5,under,-115,betmgm,0.518,0.5,0.018,-0.032,"","",false
830,Jacoby Brissett,pass_yds,231.5,Arizona Cardinals @ New York Giants,1,ARI,QB,NYG,false,23.5,237.0,235.9,0.994,12,"280, 95, 277, 243, 212",3/5,under,-113,draftkings,0.513,0.502,0.011,-0.032,"","",false
831,Brenton Strange,receptions,3.5,Jacksonville Jaguars @ Cincinnati Bengals,3,JAX,TE,CIN,false,24.5,3.5,3.0,1.158,12,"3, 2, 2, 6, 3",1/5,under,-120,betmgm,0.528,0.525,0.003,-0.032,"","",false
832,Darius Slayton,anytime_td,0.5,Indianapolis Colts @ Washington Commanders,2,NYG,WR,ARI,true,21.0,0.2,5.2,1.2,12,"0, 0, 0, 0, 1",1/5,over,650,draftkings,0.129,0.123,0.006,-0.032,only 0 games this season,"",true
833,Malachi Fields,rec_yds,23.5,Arizona Cardinals @ New York Giants,1,NYG,WR,ARI,true,21.0,24.9,24.3,1.04,3,"19, 30, 25",2/3,under,-113,fanduel,0.514,0.5,0.014,-0.032,"","",false
834,Tony Pollard,receptions,1.5,Tennessee Titans @ Baltimore Ravens,3,TEN,RB,BAL,false,15.5,1.9,2.0,1.025,12,"4, 1, 1, 3, 2",3/5,under,126,draftkings,0.428,0.426,0.002,-0.032,"","",false
835,Josh Allen,pass_yds,241.5,New England Patriots @ Buffalo Bills,1,BUF,QB,NE,true,28.2,240.6,240.8,0.939,12,"204, 248, 334, 262, 130",3/5,under,-115,betmgm,0.518,0.5,0.018,-0.032,"","",false
836,Isaiah Likely,anytime_td,0.5,Arizona Cardinals @ New York Giants,3,NYG,TE,ARI,true,21.0,0.3,5.7,1.2,12,"0, 0, 2, 0, 0",1/5,over,280,fanduel,0.255,0.252,0.003,-0.032,"","",false
837,Joe Burrow,rush_yds,6.5,Jacksonville Jaguars @ Cincinnati Bengals,1,CIN,QB,JAX,true,27.0,9.8,8.7,1.071,11,"13, -1, 20, 17, 2",3/5,over,-125,betmgm,0.538,0.52,0.017,-0.032,role change (5 last season -> 11 this season); fringe player line,"",false
838,Tyquan Thornton,receptions,1.5,Kansas City Chiefs @ Las Vegas Raiders,3,KC,WR,LV,false,26.0,1.6,1.7,0.932,12,"2, 4, 0, 2, 2",4/5,under,-118,draftkings,0.523,0.524,-0.001,-0.033,"","",false
839,Dak Prescott,pass_yds,262.5,Dallas Cowboys @ Houston Texans,1,DAL,QB,HOU,false,22.8,262.3,251.9,1.038,12,"276, 279, 175, 70, 307",3/5,under,-115,betmgm,0.517,0.5,0.017,-0.033,"","",false
840,Tez Johnson,receptions,1.5,Green Bay Packers @ Tampa Bay Buccaneers,2,TB,WR,GB,true,17.8,1.1,1.1,1.04,12,"1, 1, 0, 1, 2",1/5,under,-220,fanduel,0.665,0.652,0.013,-0.033,role change (2 last season -> 1 this season),"",false
841,Michael Wilson,rec_yds,58.5,Arizona Cardinals @ New York Giants,2,ARI,WR,NYG,false,23.5,71.2,69.5,1.014,12,"89, 18, 56, 99, 89",3/5,over,-114,draftkings,0.515,0.502,0.013,-0.033,"","",false
842,Blake Corum,rush_yds,43.5,Los Angeles Rams @ Philadelphia Eagles,1,LA,RB,PHI,false,23.0,54.3,50.5,1.068,12,"15, 79, 54, 59, 18",3/5,over,-115,betmgm,0.517,0.5,0.017,-0.033,"","",false
843,Bucky Irving,rush_yds,56.5,Green Bay Packers @ Tampa Bay Buccaneers,1,TB,RB,GB,true,17.8,64.2,60.1,1.126,12,"46, 89, 45, 85, 19",2/5,over,-110,draftkings,0.507,0.496,0.011,-0.033,"","",false
844,Kyle Juszczyk,receptions,1.5,Denver Broncos @ San Francisco 49ers,2,SF,FB,DEN,true,25.8,1.2,1.1,1.0,12,"0, 2, 1, 2, 1",2/5,under,-200,fanduel,0.645,0.632,0.012,-0.033,only 2 games this season,"",false
845,Kyle Williams,rec_yds,12.5,New England Patriots @ Buffalo Bills,1,NE,WR,BUF,false,21.2,19.1,17.7,1.095,12,"34, 10, 0, 0, 20",2/5,over,-113,fanduel,0.513,0.5,0.013,-0.033,fringe player line,"",false
846,Chase Brown,rec_yds,19.5,Jacksonville Jaguars @ Cincinnati Bengals,3,CIN,RB,JAX,true,27.0,22.7,19.4,1.111,12,"8, 2, 22, 18, 40",2/5,under,-113,fanduel,0.512,0.501,0.011,-0.034,role change (26 last season -> 11 this season),"",false
847,Jauan Jennings,receptions,2.5,Miami Dolphins @ Minnesota Vikings,2,MIN,WR,MIA,true,24.2,2.4,2.4,0.971,12,"1, 0, 4, 2, 5",2/5,under,-130,draftkings,0.546,0.533,0.013,-0.034,role change (4 last season -> 0 this season); only 2 games this season,"",false
848,Calvin Ridley,anytime_td,0.5,Tennessee Titans @ Baltimore Ravens,3,TEN,WR,BAL,false,15.5,0.1,3.0,0.906,9,"0, 0, 0, 0, 0",0/5,over,1200,draftkings,0.074,0.077,-0.003,-0.034,only 2 games this season,"",true
849,Pat Bryant,receptions,2.5,Denver Broncos @ San Francisco 49ers,2,DEN,WR,SF,false,22.8,2.5,2.6,0.981,12,"2, 0, 4, 4, 5",3/5,over,118,fanduel,0.443,0.435,0.007,-0.035,"","",false
850,George Pickens,receptions,5.5,Dallas Cowboys @ Houston Texans,1,DAL,WR,HOU,false,22.8,5.4,5.2,1.03,12,"7, 6, 3, 1, 4",2/5,over,130,betmgm,0.42,0.406,0.014,-0.035,"","",false
851,Amon-Ra St. Brown,receptions,6.5,Detroit Lions @ Carolina Panthers,3,DET,WR,CAR,false,27.0,7.2,7.3,0.961,12,"4, 9, 10, 11, 8",4/5,over,-141,draftkings,0.564,0.556,0.009,-0.035,"","",false
852,Jahmyr Gibbs,anytime_td,0.5,Detroit Lions @ Carolina Panthers,3,DET,RB,CAR,false,27.0,1.4,25.5,1.2,12,"3, 1, 2, 1, 0",4/5,over,-300,betmgm,0.724,0.708,0.015,-0.035,"","",false
853,Stefon Diggs,anytime_td,0.5,Indianapolis Colts @ Washington Commanders,3,WAS,WR,IND,true,21.0,0.3,6.6,1.026,12,"0, 2, 1, 0, 1",3/5,over,220,betmgm,0.302,0.306,-0.004,-0.035,"","",false
854,Zach Ertz,rec_yds,19.5,Los Angeles Rams @ Philadelphia Eagles,1,PHI,TE,LA,true,19.5,26.8,33.7,0.82,12,"9, 11, 106, 42, 54",3/5,under,-115,betmgm,0.516,0.5,0.016,-0.035,only 1 game this season,"",false
855,Ja'Marr Chase,receptions,7.5,Jacksonville Jaguars @ Cincinnati Bengals,3,CIN,WR,JAX,true,27.0,6.9,6.9,0.981,12,"9, 7, 2, 8, 7",2/5,under,-150,draftkings,0.579,0.566,0.012,-0.035,"","",false
856,Omarion Hampton,rush_yds,46.5,Los Angeles Chargers @ Seattle Seahawks,1,LAC,RB,SEA,false,17.8,53.8,62.8,0.904,12,"56, 94, 43, 29, 85",3/5,over,-114,draftkings,0.514,0.504,0.01,-0.035,"","",false
857,Emeka Egbuka,rec_yds,36.5,Green Bay Packers @ Tampa Bay Buccaneers,1,TB,WR,GB,true,17.8,40.0,41.7,1.014,12,"62, 16, 63, 8, 20",2/5,under,-115,betmgm,0.516,0.5,0.016,-0.035,"","",false
858,Jalen Coker,rec_yds,48.5,Detroit Lions @ Carolina Panthers,2,CAR,WR,DET,true,23.5,62.3,56.6,1.089,12,"18, 66, 138, 47, 16",2/5,over,-113,draftkings,0.512,0.501,0.011,-0.035,Questionable (Quadricep); role change (36 last season -> 74 this season),"",false
859,Evan Engram,rec_yds,17.5,Denver Broncos @ San Francisco 49ers,2,DEN,TE,SF,false,22.8,22.6,22.7,0.991,12,"0, 17, 43, 45, 21",3/5,under,-110,draftkings,0.506,0.498,0.008,-0.035,"","",false
860,Jalen Coker,anytime_td,0.5,Detroit Lions @ Carolina Panthers,3,CAR,WR,DET,true,23.5,0.4,5.9,1.026,12,"0, 0, 2, 1, 0",2/5,over,200,draftkings,0.322,0.32,0.002,-0.035,Questionable (Quadricep),"",false
861,Jared Goff,pass_yds,257.5,Detroit Lions @ Carolina Panthers,1,DET,QB,CAR,false,27.0,276.0,281.4,0.934,12,"269, 327, 206, 331, 197",3/5,over,-114,fanduel,0.514,0.5,0.014,-0.036,"","",false
862,Kenneth Walker III,rec_yds,20.5,Kansas City Chiefs @ Las Vegas Raiders,1,KC,RB,LV,false,26.0,26.2,25.3,0.996,12,"3, 61, 18, 36, 6",2/5,under,-113,fanduel,0.511,0.5,0.011,-0.036,"","",false
863,Kayshon Boutte,rec_yds,23.5,Dallas Cowboys @ Houston Texans,2,HOU,WR,DAL,true,25.8,28.1,28.4,0.955,12,"21, 37, 21, 24, 16",2/5,over,-109,draftkings,0.502,0.497,0.005,-0.037,"","",false
864,Tre Tucker,receptions,3.5,Kansas City Chiefs @ Las Vegas Raiders,3,LV,WR,KC,true,21.5,3.3,3.4,0.971,12,"4, 5, 2, 2, 5",3/5,over,128,draftkings,0.422,0.428,-0.006,-0.037,"","",false
865,RJ Harvey,rec_yds,23.5,Denver Broncos @ San Francisco 49ers,1,DEN,RB,SF,false,22.8,29.1,28.5,1.019,12,"41, 23, 5, 33, 71",3/5,over,-109,draftkings,0.502,0.493,0.01,-0.037,only 2 games this season,"",false
866,Jakobi Meyers,rec_yds,40.5,Jacksonville Jaguars @ Cincinnati Bengals,1,JAX,WR,CIN,false,24.5,48.0,48.0,0.979,12,"64, 28, 40, 44, 39",2/5,over,-115,betmgm,0.515,0.5,0.015,-0.037,"","",false
867,MarShawn Lloyd,anytime_td,0.5,Green Bay Packers @ Tampa Bay Buccaneers,3,GB,RB,TB,false,20.8,0.3,9.3,0.814,3,"0, 1, 0",1/3,over,300,draftkings,0.241,0.244,-0.003,-0.038,"","",false
868,Christian Watson,rec_yds,64.5,Green Bay Packers @ Tampa Bay Buccaneers,1,GB,WR,TB,false,20.8,72.3,79.1,0.932,12,"96, 41, 147, 113, 17",3/5,under,-112,draftkings,0.508,0.5,0.008,-0.038,"","",false
869,Luther Burden III,rec_yds,46.5,New York Jets @ Chicago Bears,2,CHI,WR,NYJ,true,23.5,52.5,56.3,0.923,12,"61, 32, 63, 35, 138",3/5,under,-109,draftkings,0.502,0.497,0.005,-0.038,"","",false
870,Michael Mayer,rec_yds,21.5,Kansas City Chiefs @ Las Vegas Raiders,1,LV,TE,KC,true,21.5,28.1,30.2,0.942,12,"32, 23, 32, 47, 89",5/5,over,-113,fanduel,0.51,0.5,0.01,-0.038,"","",false
871,Kenyon Sadiq,anytime_td,0.5,New York Jets @ Chicago Bears,3,NYJ,TE,CHI,false,20.0,0.3,5.2,0.8,3,"1, 0, 1",2/3,over,250,betmgm,0.275,0.277,-0.002,-0.038,Questionable (Back),"",false
872,Jacoby Brissett,pass_yds,230.5,Arizona Cardinals @ New York Giants,1,ARI,QB,NYG,false,23.5,237.0,235.9,0.994,12,"280, 95, 277, 243, 212",3/5,under,-113,fanduel,0.51,0.5,0.01,-0.038,"","",false
873,Tre Tucker,rec_yds,37.5,Kansas City Chiefs @ Las Vegas Raiders,2,LV,WR,KC,true,21.5,45.4,49.7,0.923,12,"43, 119, 27, 30, 49",3/5,under,-114,draftkings,0.512,0.502,0.01,-0.038,"","",false
874,Bryce Young,anytime_td,0.5,Detroit Lions @ Carolina Panthers,3,CAR,QB,DET,true,23.5,0.1,2.4,1.2,12,"0, 0, 1, 0, 1",2/5,over,575,betmgm,0.142,0.154,-0.011,-0.038,"","",true
875,Emmett Johnson,rush_yds,16.5,Kansas City Chiefs @ Las Vegas Raiders,1,KC,RB,LV,false,26.0,18.8,18.3,0.988,3,"17, 15, 24",2/3,over,-111,betmgm,0.506,0.493,0.013,-0.039,"","",false
876,Tyquan Thornton,rec_yds,21.5,Kansas City Chiefs @ Las Vegas Raiders,1,KC,WR,LV,false,26.0,33.7,33.0,0.983,12,"22, 86, 0, 47, 19",3/5,over,-115,betmgm,0.514,0.5,0.014,-0.039,"","",false
877,Terry McLaurin,rec_yds,49.5,Indianapolis Colts @ Washington Commanders,1,WAS,WR,IND,true,21.0,57.5,54.9,1.066,12,"77, 50, 14, 57, 63",4/5,over,-113,fanduel,0.51,0.5,0.01,-0.039,Questionable (Hamstring),"",false
878,D'Andre Swift,rec_yds,14.5,New York Jets @ Chicago Bears,2,CHI,RB,NYJ,true,23.5,19.4,18.0,1.067,12,"4, 54, 10, 8, 25",2/5,under,-113,fanduel,0.51,0.502,0.007,-0.039,fringe player line,"",false
879,Sam LaPorta,anytime_td,0.5,Detroit Lions @ Carolina Panthers,3,DET,TE,CAR,false,27.0,0.4,5.8,1.2,12,"0, 1, 0, 0, 1",2/5,over,200,betmgm,0.32,0.321,-0.001,-0.039,"","",false
880,Jameis Winston,rush_yds,6.5,Arizona Cardinals @ New York Giants,1,NYG,QB,ARI,true,21.0,8.0,7.7,1.065,5,"14, 1, 0, 13, 10",3/5,under,-116,draftkings,0.516,0.507,0.009,-0.039,fringe player line; only 2 games this season,"",false
881,Bucky Irving,rec_yds,11.5,Green Bay Packers @ Tampa Bay Buccaneers,1,TB,RB,GB,true,17.8,19.3,20.3,1.004,12,"12, 1, 48, 13, 14",4/5,over,-113,fanduel,0.51,0.5,0.01,-0.039,line far from history: new role?; fringe player line,"",false
882,Chris Brooks,anytime_td,0.5,Green Bay Packers @ Tampa Bay Buccaneers,3,GB,RB,TB,false,20.8,0.1,4.6,0.814,12,"0, 0, 0, 0, 0",0/5,over,750,fanduel,0.113,0.122,-0.009,-0.039,"","",true
883,Kendrick Bourne,rec_yds,21.5,Arizona Cardinals @ New York Giants,1,ARI,WR,NYG,false,23.5,27.3,26.6,1.014,12,"22, 11, 75, 0, 25",3/5,under,-113,draftkings,0.51,0.502,0.007,-0.039,"","",false
884,D'Andre Swift,rush_yds,63.5,New York Jets @ Chicago Bears,1,CHI,RB,NYJ,true,23.5,72.2,75.0,0.952,12,"84, 45, 124, 40, 54",2/5,over,-113,fanduel,0.51,0.5,0.01,-0.039,"","",false
885,Kyle Monangai,rush_yds,39.5,New York Jets @ Chicago Bears,2,CHI,RB,NYJ,true,23.5,48.6,50.6,0.952,12,"31, 47, 100, 14, 38",2/5,over,-113,fanduel,0.509,0.502,0.007,-0.04,"","",false
886,Lamar Jackson,pass_yds,213.5,Tennessee Titans @ Baltimore Ravens,1,BAL,QB,TEN,true,27.0,217.3,217.3,0.953,12,"186, 235, 324, 238, 101",3/5,under,-113,fanduel,0.509,0.5,0.009,-0.04,"","",false
887,Jacoby Brissett,pass_yds,232.5,Arizona Cardinals @ New York Giants,1,ARI,QB,NYG,false,23.5,237.0,235.9,0.994,12,"280, 95, 277, 243, 212",3/5,under,-115,betmgm,0.514,0.5,0.014,-0.04,"","",false
888,Brenton Strange,rec_yds,35.5,Jacksonville Jaguars @ Cincinnati Bengals,1,JAX,TE,CIN,false,24.5,40.7,33.2,1.2,12,"32, 17, 23, 52, 54",2/5,over,-110,draftkings,0.503,0.495,0.008,-0.04,role change (45 last season -> 24 this season),"",false
889,Jameson Williams,rec_yds,49.5,Detroit Lions @ Carolina Panthers,1,DET,WR,CAR,false,27.0,56.4,58.7,0.916,12,"49, 33, 45, 74, 37",1/5,under,-110,draftkings,0.502,0.496,0.007,-0.041,"","",false
890,Jalen Nailor,anytime_td,0.5,Kansas City Chiefs @ Las Vegas Raiders,3,LV,WR,KC,true,21.5,0.2,3.2,0.8,12,"0, 0, 0, 0, 0",0/5,over,500,draftkings,0.16,0.16,-0.0,-0.041,"","",true
891,Cam Ward,anytime_td,0.5,Tennessee Titans @ Baltimore Ravens,3,TEN,QB,BAL,false,15.5,0.1,2.7,1.185,12,"0, 2, 0, 1, 0",2/5,over,650,draftkings,0.128,0.126,0.001,-0.042,"","",true
892,Dawson Knox,rec_yds,9.5,New England Patriots @ Buffalo Bills,2,BUF,TE,NE,true,28.2,15.1,16.8,0.846,12,"5, 5, 7, 24, 30",2/5,under,-113,fanduel,0.508,0.503,0.005,-0.042,role change (26 last season -> 6 this season); fringe player line,"",false
893,Trey McBride,rec_yds,62.5,Arizona Cardinals @ New York Giants,1,ARI,TE,NYG,false,23.5,71.0,73.0,0.961,12,"75, 41, 95, 65, 76",4/5,over,-109,draftkings,0.5,0.494,0.006,-0.042,"","",false
894,D'Andre Swift,rush_yds,64.5,New York Jets @ Chicago Bears,1,CHI,RB,NYJ,true,23.5,72.2,75.0,0.952,12,"84, 45, 124, 40, 54",2/5,over,-111,draftkings,0.504,0.498,0.006,-0.042,"","",false
895,Keaton Mitchell,rush_yds,18.5,Los Angeles Chargers @ Seattle Seahawks,1,LAC,RB,SEA,false,17.8,25.7,30.0,0.904,12,"52, 24, 9, 2, 31",3/5,over,-113,fanduel,0.508,0.5,0.008,-0.042,"","",false
896,Antonio Williams,receptions,2.5,Indianapolis Colts @ Washington Commanders,1,WAS,WR,IND,true,21.0,2.8,2.9,0.981,3,"2, 3, 4",2/3,over,-114,fanduel,0.51,0.5,0.01,-0.043,"","",false
897,Rhamondre Stevenson,rec_yds,18.5,New England Patriots @ Buffalo Bills,3,NE,RB,BUF,false,21.2,22.8,22.3,1.037,12,"16, 3, 44, 22, 55",3/5,under,-111,draftkings,0.504,0.499,0.004,-0.043,"","",false
898,Brenton Strange,rec_yds,37.5,Jacksonville Jaguars @ Cincinnati Bengals,1,JAX,TE,CIN,false,24.5,40.7,33.2,1.2,12,"32, 17, 23, 52, 54",2/5,under,-113,fanduel,0.507,0.5,0.007,-0.043,role change (45 last season -> 24 this season),"",false
899,David Montgomery,receptions,1.5,Dallas Cowboys @ Houston Texans,3,HOU,RB,DAL,true,25.8,1.8,1.8,0.973,12,"2, 2, 3, 1, 2",4/5,under,103,draftkings,0.471,0.473,-0.002,-0.043,"","",false
900,Kenneth Walker III,rush_yds,88.5,Kansas City Chiefs @ Las Vegas Raiders,1,KC,RB,LV,false,26.0,95.7,93.2,0.988,12,"70, 117, 173, 97, 51",3/5,under,-114,draftkings,0.51,0.504,0.006,-0.043,role change (60 last season -> 120 this season),"",false
901,Jameson Williams,rec_yds,50.5,Detroit Lions @ Carolina Panthers,1,DET,WR,CAR,false,27.0,56.4,58.7,0.916,12,"49, 33, 45, 74, 37",1/5,under,-114,fanduel,0.51,0.5,0.01,-0.043,"","",false
902,Tyquan Thornton,rec_yds,22.5,Kansas City Chiefs @ Las Vegas Raiders,1,KC,WR,LV,false,26.0,33.7,33.0,0.983,12,"22, 86, 0, 47, 19",2/5,over,-113,fanduel,0.508,0.5,0.008,-0.043,"","",false
903,Ryan Miller,receptions,0.5,Miami Dolphins @ Minnesota Vikings,2,MIA,WR,MIN,false,14.2,0.8,0.8,1.03,11,"2, 1, 0, 0, 0",2/5,under,110,draftkings,0.455,0.451,0.004,-0.044,role change (0 last season -> 2 this season); fringe player line; only 2 games this season,"",false
904,Emeka Egbuka,anytime_td,0.5,Green Bay Packers @ Tampa Bay Buccaneers,3,TB,WR,GB,true,17.8,0.3,6.7,1.026,12,"0, 1, 0, 0, 0",1/5,over,300,draftkings,0.239,0.235,0.003,-0.044,"","",false
905,Nico Collins,rec_yds,71.5,Dallas Cowboys @ Houston Texans,1,HOU,WR,DAL,true,25.8,76.5,77.3,0.955,12,"75, 57, 59, 85, 121",3/5,under,-115,betmgm,0.511,0.5,0.011,-0.044,only 1 game this season,"",false
906,Kendrick Bourne,rec_yds,19.5,Arizona Cardinals @ New York Giants,1,ARI,WR,NYG,false,23.5,27.3,26.6,1.014,12,"22, 11, 75, 0, 25",3/5,over,-113,fanduel,0.507,0.5,0.007,-0.044,"","",false
907,Bucky Irving,rec_yds,12.5,Green Bay Packers @ Tampa Bay Buccaneers,1,TB,RB,GB,true,17.8,19.3,20.3,1.004,12,"12, 1, 48, 13, 14",3/5,under,-106,draftkings,0.492,0.487,0.004,-0.044,fringe player line,"",false
908,Woody Marks,rush_yds,34.5,Dallas Cowboys @ Houston Texans,2,HOU,RB,DAL,true,25.8,39.3,35.0,1.083,12,"15, 8, 42, 48, 71",3/5,under,-115,draftkings,0.511,0.508,0.003,-0.045,role change (44 last season -> 22 this season),"",false
909,Samaje Perine,receptions,1.5,Jacksonville Jaguars @ Cincinnati Bengals,3,CIN,RB,JAX,true,27.0,1.7,1.5,1.05,12,"1, 1, 3, 3, 1",2/5,over,100,betmgm,0.478,0.471,0.007,-0.045,"","",false
910,Dalton Kincaid,rec_yds,50.5,New England Patriots @ Buffalo Bills,1,BUF,TE,NE,true,28.2,58.7,65.3,0.846,12,"38, 95, 130, 48, 0",2/5,under,-115,betmgm,0.511,0.5,0.011,-0.045,role change (48 last season -> 88 this season),"",false
911,Samaje Perine,rush_yds,13.5,Jacksonville Jaguars @ Cincinnati Bengals,1,CIN,RB,JAX,true,27.0,18.4,20.0,0.877,12,"9, 6, 20, 42, 5",2/5,under,-113,fanduel,0.507,0.5,0.007,-0.045,role change (25 last season -> 12 this season); fringe player line,"",false
912,Garrett Wilson,anytime_td,0.5,New York Jets @ Chicago Bears,3,NYJ,WR,CHI,false,20.0,0.5,8.8,0.906,10,"1, 1, 0, 0, 0",2/5,over,150,draftkings,0.382,0.373,0.009,-0.046,"","",false
913,Treylon Burks,anytime_td,0.5,Indianapolis Colts @ Washington Commanders,3,WAS,WR,IND,true,21.0,0.1,2.3,1.026,10,"1, 0, 0, 0, 0",1/5,over,600,draftkings,0.136,0.142,-0.006,-0.046,only 2 games this season,"",true
914,George Kittle,rec_yds,64.5,Denver Broncos @ San Francisco 49ers,2,SF,TE,DEN,true,25.8,73.5,65.0,1.092,12,"82, 80, 12, 29, 115",3/5,over,-113,fanduel,0.506,0.502,0.004,-0.046,"","",false
915,Christian McCaffrey,rec_yds,39.5,Denver Broncos @ San Francisco 49ers,1,SF,RB,DEN,true,25.8,43.1,36.1,1.152,12,"41, 43, 20, 34, 41",3/5,under,-113,fanduel,0.506,0.5,0.006,-0.046,"","",false
916,Matthew Stafford,rush_yds,1.5,Los Angeles Rams @ Philadelphia Eagles,1,LA,QB,PHI,false,23.0,3.0,3.2,0.945,12,"13, -1, -1, 3, 0",2/5,over,108,fanduel,0.459,0.453,0.005,-0.046,role change (0 last season -> 4 this season); line far from history: new role?; fringe player line,"",false
917,Emmett Johnson,rush_yds,17.5,Kansas City Chiefs @ Las Vegas Raiders,1,KC,RB,LV,false,26.0,18.8,18.3,0.988,3,"17, 15, 24",1/3,under,-113,fanduel,0.506,0.5,0.006,-0.047,"","",false
918,Jacoby Brissett,anytime_td,0.5,Arizona Cardinals @ New York Giants,3,ARI,QB,NYG,false,23.5,0.1,3.0,0.8,12,"1, 0, 0, 0, 0",1/5,over,575,betmgm,0.141,0.145,-0.003,-0.047,"","",true
919,Isaiah Williams,receptions,2.5,New York Jets @ Chicago Bears,3,NYJ,WR,CHI,false,20.0,2.7,2.9,0.951,12,"1, 6, 1, 5, 4",3/5,under,-102,fanduel,0.481,0.477,0.004,-0.047,"","",false
920,Michael Mayer,rec_yds,23.5,Kansas City Chiefs @ Las Vegas Raiders,2,LV,TE,KC,true,21.5,28.1,30.2,0.942,12,"32, 23, 32, 47, 89",4/5,under,-114,draftkings,0.508,0.502,0.006,-0.047,"","",false
921,Jake Ferguson,rec_yds,23.5,Dallas Cowboys @ Houston Texans,1,DAL,TE,HOU,false,22.8,27.4,24.3,1.122,12,"23, 43, 6, 5, 6",1/5,under,-113,fanduel,0.505,0.5,0.005,-0.048,"","",false
922,Malachi Fields,rec_yds,22.5,Arizona Cardinals @ New York Giants,1,NYG,WR,ARI,true,21.0,24.9,24.3,1.04,3,"19, 30, 25",2/3,under,-112,draftkings,0.503,0.5,0.003,-0.048,"","",false
923,Drew Sample,rec_yds,6.5,Jacksonville Jaguars @ Cincinnati Bengals,2,CIN,TE,JAX,true,27.0,9.5,10.6,0.857,12,"0, 19, 17, 8, 31",4/5,under,-113,fanduel,0.505,0.505,-0.0,-0.048,fringe player line; only 2 games this season,"",false
924,David Montgomery,rec_yds,11.5,Dallas Cowboys @ Houston Texans,1,HOU,RB,DAL,true,25.8,12.6,13.2,0.915,12,"15, 14, 19, 13, 15",5/5,under,-117,draftkings,0.513,0.511,0.003,-0.048,fringe player line,"",false
925,Drake Maye,pass_yds,228.5,New England Patriots @ Buffalo Bills,1,NE,QB,BUF,false,21.2,232.7,222.1,1.063,12,"199, 208, 178, 191, 256",1/5,under,-115,betmgm,0.508,0.5,0.008,-0.049,"","",false
926,Dalton Kincaid,rec_yds,47.5,New England Patriots @ Buffalo Bills,2,BUF,TE,NE,true,28.2,58.7,65.3,0.846,12,"38, 95, 130, 48, 0",3/5,under,-110,draftkings,0.498,0.498,0.0,-0.049,role change (48 last season -> 88 this season),"",false
927,Marvin Harrison Jr.,anytime_td,0.5,Arizona Cardinals @ New York Giants,3,ARI,WR,NYG,false,23.5,0.2,4.2,1.145,12,"0, 0, 0, 0, 0",0/5,over,370,draftkings,0.202,0.208,-0.006,-0.05,"","",false
928,Kyren Williams,rec_yds,14.5,Los Angeles Rams @ Philadelphia Eagles,1,LA,RB,PHI,false,23.0,23.1,28.7,0.8,12,"70, 12, 24, 21, 38",4/5,over,-120,betmgm,0.518,0.51,0.008,-0.05,role change (17 last season -> 35 this season); fringe player line,"",false
929,Greg Dulcich,rec_yds,29.5,Miami Dolphins @ Minnesota Vikings,1,MIA,TE,MIN,false,14.2,33.7,35.1,1.057,12,"55, 17, 18, 31, 58",3/5,over,-113,fanduel,0.504,0.5,0.004,-0.05,"","",false
930,Ollie Gordon II,anytime_td,0.5,Miami Dolphins @ Minnesota Vikings,3,MIA,RB,MIN,false,14.2,0.3,7.8,0.8,12,"1, 0, 0, 0, 0",1/5,over,320,draftkings,0.226,0.226,0.0,-0.05,only 2 games this season,"",false
931,Christian McCaffrey,receptions,4.5,Denver Broncos @ San Francisco 49ers,2,SF,RB,DEN,true,25.8,5.0,4.6,1.076,12,"4, 4, 5, 6, 4",2/5,over,-137,draftkings,0.549,0.543,0.006,-0.05,"","",false
932,Luther Burden III,anytime_td,0.5,New York Jets @ Chicago Bears,3,CHI,WR,NYJ,true,23.5,0.3,7.6,1.026,12,"1, 0, 0, 0, 1",2/5,over,235,draftkings,0.283,0.29,-0.007,-0.051,"","",false
933,Jahmyr Gibbs,rush_yds,97.5,Detroit Lions @ Carolina Panthers,1,DET,RB,CAR,false,27.0,105.6,84.3,1.193,12,"99, 52, 156, 80, 41",2/5,under,-115,betmgm,0.507,0.5,0.007,-0.051,"","",false
934,Kyren Williams,anytime_td,0.5,Los Angeles Rams @ Philadelphia Eagles,3,LA,RB,PHI,false,23.0,0.7,17.3,0.814,12,"0, 1, 1, 0, 0",2/5,over,-115,draftkings,0.507,0.513,-0.006,-0.052,"","",false
935,Greg Dulcich,anytime_td,0.5,Miami Dolphins @ Minnesota Vikings,3,MIA,TE,MIN,false,14.2,0.1,4.1,0.8,12,"0, 0, 0, 0, 1",1/5,over,550,draftkings,0.146,0.149,-0.003,-0.052,"","",true
936,Elijah Higgins,anytime_td,0.5,Arizona Cardinals @ New York Giants,3,ARI,TE,NYG,false,23.5,0.1,2.3,0.861,12,"0, 0, 0, 0, 0",0/5,over,1200,draftkings,0.073,0.072,0.001,-0.052,only 2 games this season,"",true
937,Jonathan Taylor,rec_yds,18.5,Indianapolis Colts @ Washington Commanders,1,IND,RB,WAS,false,25.5,21.4,19.9,1.037,12,"4, 40, 23, 13, 14",2/5,under,-120,betmgm,0.517,0.51,0.007,-0.053,"","",false
938,Wan'Dale Robinson,rec_yds,37.5,Tennessee Titans @ Baltimore Ravens,3,TEN,WR,BAL,false,15.5,47.1,48.5,1.053,12,"57, 9, 38, 113, 19",3/5,under,-113,draftkings,0.502,0.501,0.002,-0.053,role change (63 last season -> 35 this season),"",false
939,Tyler Allgeier,rush_yds,18.5,Arizona Cardinals @ New York Giants,2,ARI,RB,NYG,false,23.5,26.2,25.2,1.028,12,"-1, 10, 61, 16, 23",2/5,over,-112,draftkings,0.5,0.5,0.0,-0.053,"","",false
940,Bucky Irving,rec_yds,13.5,Green Bay Packers @ Tampa Bay Buccaneers,1,TB,RB,GB,true,17.8,19.3,20.3,1.004,12,"12, 1, 48, 13, 14",2/5,under,-120,betmgm,0.517,0.509,0.008,-0.053,fringe player line,"",false
941,Tez Johnson,rec_yds,10.5,Green Bay Packers @ Tampa Bay Buccaneers,1,TB,WR,GB,true,17.8,16.4,17.1,1.014,12,"8, 49, 0, 17, 19",3/5,over,-113,fanduel,0.502,0.5,0.002,-0.054,fringe player line,"",false
942,Kenneth Walker III,receptions,3.5,Kansas City Chiefs @ Las Vegas Raiders,1,KC,RB,LV,false,26.0,3.1,3.1,0.973,12,"2, 6, 3, 4, 2",2/5,under,-175,betmgm,0.602,0.594,0.008,-0.054,role change (2 last season -> 4 this season),"",false
943,Jonathan Taylor,anytime_td,0.5,Indianapolis Colts @ Washington Commanders,3,IND,RB,WAS,false,25.5,1.3,24.5,0.8,12,"0, 2, 2, 0, 1",3/5,over,-295,betmgm,0.707,0.699,0.007,-0.054,"","",false
944,Woody Marks,anytime_td,0.5,Dallas Cowboys @ Houston Texans,3,HOU,RB,DAL,true,25.8,0.3,13.0,1.2,12,"1, 0, 0, 0, 0",1/5,over,220,fanduel,0.295,0.299,-0.004,-0.055,"","",false
945,Tyler Allgeier,rush_yds,17.5,Arizona Cardinals @ New York Giants,1,ARI,RB,NYG,false,23.5,26.2,25.2,1.028,12,"-1, 10, 61, 16, 23",2/5,over,-120,betmgm,0.515,0.509,0.006,-0.056,"","",false
946,Kenneth Walker III,rush_yds,86.5,Kansas City Chiefs @ Las Vegas Raiders,1,KC,RB,LV,false,26.0,95.7,93.2,0.988,12,"70, 117, 173, 97, 51",3/5,under,-113,fanduel,0.501,0.5,0.001,-0.056,role change (60 last season -> 120 this season),"",false
947,Sam LaPorta,rec_yds,45.5,Detroit Lions @ Carolina Panthers,1,DET,TE,CAR,false,27.0,49.8,51.3,0.925,12,"44, 52, 48, 53, 97",4/5,under,-115,betmgm,0.505,0.5,0.005,-0.056,"","",false
948,Woody Marks,rush_yds,33.5,Dallas Cowboys @ Houston Texans,1,HOU,RB,DAL,true,25.8,39.3,35.0,1.083,12,"15, 8, 42, 48, 71",3/5,over,-113,fanduel,0.501,0.5,0.001,-0.056,role change (44 last season -> 22 this season),"",false
949,Christian Watson,rec_yds,63.5,Green Bay Packers @ Tampa Bay Buccaneers,1,GB,WR,TB,false,20.8,72.3,79.1,0.932,12,"96, 41, 147, 113, 17",3/5,under,-115,betmgm,0.505,0.5,0.005,-0.056,"","",false
950,Kayshon Boutte,rec_yds,24.5,Dallas Cowboys @ Houston Texans,1,HOU,WR,DAL,true,25.8,28.1,28.4,0.955,12,"21, 37, 21, 24, 16",1/5,under,-115,betmgm,0.505,0.5,0.005,-0.057,"","",false
951,Luther Burden III,rec_yds,45.5,New York Jets @ Chicago Bears,1,CHI,WR,NYJ,true,23.5,52.5,56.3,0.923,12,"61, 32, 63, 35, 138",3/5,over,-111,betmgm,0.496,0.493,0.003,-0.057,"","",false
952,Javonte Williams,anytime_td,0.5,Dallas Cowboys @ Houston Texans,3,DAL,RB,HOU,false,22.8,0.7,18.0,0.8,12,"1, 0, 2, 1, 0",3/5,over,-125,betmgm,0.524,0.523,0.001,-0.057,"","",false
953,George Pickens,anytime_td,0.5,Dallas Cowboys @ Houston Texans,3,DAL,WR,HOU,false,22.8,0.4,8.0,1.2,12,"0, 0, 0, 0, 0",0/5,over,170,draftkings,0.349,0.347,0.002,-0.057,"","",false
954,Trey McBride,rec_yds,63.5,Arizona Cardinals @ New York Giants,1,ARI,TE,NYG,false,23.5,71.0,73.0,0.961,12,"75, 41, 95, 65, 76",4/5,under,-113,fanduel,0.5,0.5,0.0,-0.057,"","",false
955,Nico Collins,anytime_td,0.5,Dallas Cowboys @ Houston Texans,3,HOU,WR,DAL,true,25.8,0.5,8.4,1.026,12,"1, 0, 0, 2, 0",2/5,over,145,draftkings,0.385,0.389,-0.004,-0.058,only 1 game this season,"",false
956,Trey McBride,rec_yds,64.5,Arizona Cardinals @ New York Giants,1,ARI,TE,NYG,false,23.5,71.0,73.0,0.961,12,"75, 41, 95, 65, 76",4/5,under,-115,betmgm,0.504,0.5,0.004,-0.058,"","",false
957,Chris Godwin,anytime_td,0.5,Green Bay Packers @ Tampa Bay Buccaneers,3,TB,WR,GB,true,17.8,0.2,4.7,1.026,12,"0, 0, 0, 0, 1",1/5,over,500,draftkings,0.157,0.159,-0.002,-0.058,"","",true
958,Tre Harris,anytime_td,0.5,Los Angeles Chargers @ Seattle Seahawks,3,LAC,WR,SEA,false,17.8,0.1,4.7,0.906,12,"0, 0, 0, 0, 0",0/5,over,500,fanduel,0.157,0.171,-0.014,-0.058,"","",true
959,Kyle Williams,rec_yds,13.5,New England Patriots @ Buffalo Bills,1,NE,WR,BUF,false,21.2,19.1,17.7,1.095,12,"34, 10, 0, 0, 20",2/5,over,-111,betmgm,0.495,0.491,0.004,-0.058,fringe player line,"",false
960,Daniel Jones,anytime_td,0.5,Indianapolis Colts @ Washington Commanders,3,IND,QB,WAS,false,25.5,0.2,2.6,0.8,12,"0, 0, 0, 0, 0",0/5,over,425,betmgm,0.179,0.184,-0.004,-0.059,"","",true
961,Brycen Tremayne,anytime_td,0.5,Detroit Lions @ Carolina Panthers,3,CAR,WR,DET,true,23.5,0.1,1.7,1.026,12,"0, 0, 0, 0, 0",0/5,over,750,draftkings,0.111,0.134,-0.024,-0.06,"","",true
962,Seth McGowan,anytime_td,0.5,Indianapolis Colts @ Washington Commanders,3,IND,RB,WAS,false,25.5,0.1,2.5,0.8,3,"0, 0, 0",0/3,over,900,fanduel,0.094,0.102,-0.008,-0.06,"","",true
963,Jahmyr Gibbs,rush_yds,94.5,Detroit Lions @ Carolina Panthers,1,DET,RB,CAR,false,27.0,105.6,84.3,1.193,12,"99, 52, 156, 80, 41",2/5,over,-114,fanduel,0.5,0.5,0.0,-0.06,"","",false
964,Tay Martin,anytime_td,0.5,Detroit Lions @ Carolina Panthers,3,DET,WR,CAR,false,27.0,0.0,0.3,0.8,4,"0, 0, 0, 0",0/4,over,4000,betmgm,0.023,0.026,-0.003,-0.06,only 2 games this season,"",true
965,Cam Skattebo,anytime_td,0.5,Arizona Cardinals @ New York Giants,3,NYG,RB,ARI,true,21.0,0.7,18.5,0.961,11,"0, 0, 1, 1, 1",3/5,over,-125,betmgm,0.522,0.537,-0.015,-0.06,"","",false
966,Dak Prescott,rush_yds,10.5,Dallas Cowboys @ Houston Texans,1,DAL,QB,HOU,false,22.8,13.0,15.5,0.837,12,"19, 26, 14, -1, 24",4/5,under,-115,betmgm,0.503,0.5,0.003,-0.06,role change (10 last season -> 20 this season); fringe player line,"",false
967,Samaje Perine,rush_yds,12.5,Jacksonville Jaguars @ Cincinnati Bengals,1,CIN,RB,JAX,true,27.0,18.4,20.0,0.877,12,"9, 6, 20, 42, 5",2/5,under,-105,betmgm,0.482,0.48,0.002,-0.06,role change (25 last season -> 12 this season); fringe player line,"",false
968,Kendrick Bourne,rec_yds,20.5,Arizona Cardinals @ New York Giants,1,ARI,WR,NYG,false,23.5,27.3,26.6,1.014,12,"22, 11, 75, 0, 25",3/5,under,-111,betmgm,0.494,0.491,0.003,-0.06,"","",false
969,Kyle Monangai,rush_yds,40.5,New York Jets @ Chicago Bears,1,CHI,RB,NYJ,true,23.5,48.6,50.6,0.952,12,"31, 47, 100, 14, 38",2/5,over,-115,betmgm,0.502,0.5,0.002,-0.061,"","",false
970,Ashton Jeanty,rec_yds,21.5,Kansas City Chiefs @ Las Vegas Raiders,1,LV,RB,KC,true,21.5,26.3,27.9,0.952,12,"37, 15, 45, 7, 13",2/5,over,-115,betmgm,0.502,0.5,0.002,-0.061,"","",false
971,Kenneth Walker III,rush_yds,85.5,Kansas City Chiefs @ Las Vegas Raiders,1,KC,RB,LV,false,26.0,95.7,93.2,0.988,12,"70, 117, 173, 97, 51",3/5,over,-115,betmgm,0.502,0.5,0.002,-0.061,role change (60 last season -> 120 this season),"",false
972,Johnny Mundt,anytime_td,0.5,Los Angeles Rams @ Philadelphia Eagles,3,PHI,TE,LA,true,19.5,0.1,1.8,0.861,12,"0, 0, 0, 0, 0",0/5,over,1100,draftkings,0.078,0.083,-0.005,-0.062,only 2 games this season,"",true
973,Cole Kmet,rec_yds,8.5,New York Jets @ Chicago Bears,1,CHI,TE,NYJ,true,23.5,13.3,14.9,0.882,12,"0, 0, 35, 16, 16",3/5,under,-115,betmgm,0.502,0.5,0.002,-0.062,role change (22 last season -> 12 this season); fringe player line,"",false
974,Omarion Hampton,anytime_td,0.5,Los Angeles Chargers @ Seattle Seahawks,3,LAC,RB,SEA,false,17.8,0.5,18.0,0.814,12,"0, 1, 1, 1, 1",4/5,over,130,draftkings,0.407,0.406,0.002,-0.063,"","",false
975,Kayshon Boutte,receptions,1.5,Dallas Cowboys @ Houston Texans,1,HOU,WR,DAL,true,25.8,2.0,2.0,0.981,12,"2, 3, 1, 2, 1",3/5,over,-175,betmgm,0.596,0.594,0.002,-0.063,"","",false
976,D'Andre Swift,rec_yds,13.5,New York Jets @ Chicago Bears,1,CHI,RB,NYJ,true,23.5,19.4,18.0,1.067,12,"4, 54, 10, 8, 25",2/5,under,-110,betmgm,0.491,0.49,0.001,-0.063,fringe player line,"",false
977,Tyler Warren,anytime_td,0.5,Indianapolis Colts @ Washington Commanders,3,IND,TE,WAS,false,25.5,0.4,7.8,1.2,12,"0, 1, 1, 0, 0",2/5,over,165,draftkings,0.354,0.359,-0.005,-0.063,"","",false
978,Brock Purdy,anytime_td,0.5,Denver Broncos @ San Francisco 49ers,2,SF,QB,DEN,true,25.8,0.2,3.4,1.185,12,"0, 1, 0, 0, 2",2/5,over,360,draftkings,0.204,0.201,0.002,-0.063,"","",false
979,Brenton Strange,rec_yds,36.5,Jacksonville Jaguars @ Cincinnati Bengals,1,JAX,TE,CIN,false,24.5,40.7,33.2,1.2,12,"32, 17, 23, 52, 54",2/5,under,-115,betmgm,0.501,0.5,0.001,-0.064,role change (45 last season -> 24 this season),"",false
980,Josh Allen,rush_yds,34.5,New England Patriots @ Buffalo Bills,1,BUF,QB,NE,true,28.2,37.6,36.9,0.958,12,"22, 69, 23, 27, 17",1/5,over,105,betmgm,0.456,0.455,0.001,-0.064,"","",false
981,Jameson Williams,rec_yds,48.5,Detroit Lions @ Carolina Panthers,1,DET,WR,CAR,false,27.0,56.4,58.7,0.916,12,"49, 33, 45, 74, 37",2/5,under,-115,betmgm,0.501,0.5,0.001,-0.064,"","",false
982,Rhamondre Stevenson,anytime_td,0.5,New England Patriots @ Buffalo Bills,3,NE,RB,BUF,false,21.2,0.5,12.7,1.2,12,"0, 0, 0, 3, 2",2/5,over,145,fanduel,0.381,0.381,0.0,-0.067,"","",false
983,Bucky Irving,anytime_td,0.5,Green Bay Packers @ Tampa Bay Buccaneers,3,TB,RB,GB,true,17.8,0.4,19.5,1.2,12,"0, 0, 1, 0, 0",1/5,over,165,fanduel,0.352,0.366,-0.014,-0.067,"","",false
984,Reggie Gilliam,anytime_td,0.5,New England Patriots @ Buffalo Bills,3,NE,RB,BUF,false,21.2,0.0,1.0,1.2,12,"0, 0, 0, 0, 0",0/5,over,2500,betmgm,0.036,0.039,-0.003,-0.067,Questionable (Knee); only 1 game this season,"",true
985,Malachi Fields,anytime_td,0.5,Arizona Cardinals @ New York Giants,3,NYG,WR,ARI,true,21.0,0.1,3.9,1.2,3,"0, 0, 0",0/3,over,460,fanduel,0.166,0.178,-0.012,-0.068,"","",true
986,Kalif Raymond,anytime_td,0.5,New York Jets @ Chicago Bears,3,CHI,WR,NYJ,true,23.5,0.2,5.1,1.026,12,"1, 0, 0, 0, 0",1/5,over,340,draftkings,0.212,0.215,-0.003,-0.068,"","",false
987,Jacory Croskey-Merritt,anytime_td,0.5,Indianapolis Colts @ Washington Commanders,3,WAS,RB,IND,true,21.0,0.5,14.3,1.2,12,"0, 0, 1, 0, 2",2/5,over,110,betmgm,0.443,0.459,-0.016,-0.07,"","",false
988,Khalil Shakir,anytime_td,0.5,New England Patriots @ Buffalo Bills,3,BUF,WR,NE,true,28.2,0.2,5.2,1.145,12,"0, 0, 0, 0, 0",0/5,over,270,betmgm,0.251,0.268,-0.017,-0.072,"","",false
989,Jeremiyah Love,anytime_td,0.5,Arizona Cardinals @ New York Giants,3,ARI,RB,NYG,false,23.5,0.6,18.3,1.108,3,"1, 0, 1",2/3,over,-118,betmgm,0.502,0.524,-0.022,-0.072,"","",false
990,Ja'Marr Chase,anytime_td,0.5,Jacksonville Jaguars @ Cincinnati Bengals,3,CIN,WR,JAX,true,27.0,0.6,9.8,0.8,12,"1, 2, 0, 1, 2",4/5,over,-105,betmgm,0.475,0.495,-0.02,-0.073,"","",false
991,Tyquan Thornton,anytime_td,0.5,Kansas City Chiefs @ Las Vegas Raiders,3,KC,WR,LV,false,26.0,0.1,2.2,0.8,12,"0, 0, 0, 0, 0",0/5,over,475,draftkings,0.161,0.174,-0.013,-0.074,"","",true
992,C.J. Stroud,anytime_td,0.5,Dallas Cowboys @ Houston Texans,3,HOU,QB,DAL,true,25.8,0.1,2.7,0.8,12,"0, 0, 0, 1, 0",1/5,over,600,fanduel,0.132,0.145,-0.013,-0.074,"","",true
993,Josh Cameron,anytime_td,0.5,Jacksonville Jaguars @ Cincinnati Bengals,3,JAX,WR,CIN,false,24.5,0.1,1.3,1.026,3,"1, 0, 1",2/3,over,700,draftkings,0.116,0.118,-0.003,-0.075,"","",true
994,Sterling Shepard,anytime_td,0.5,New York Jets @ Chicago Bears,2,NYJ,WR,CHI,false,20.0,0.1,3.0,0.906,12,"0, 0, 0, 0, 0",0/5,over,850,betmgm,0.097,0.1,-0.003,-0.075,only 1 game this season,"",true
995,Cade Otton,anytime_td,0.5,Green Bay Packers @ Tampa Bay Buccaneers,3,TB,TE,GB,true,17.8,0.1,5.6,1.056,12,"0, 0, 0, 1, 0",1/5,over,550,draftkings,0.142,0.149,-0.006,-0.076,"","",true
996,Ashton Jeanty,anytime_td,0.5,Kansas City Chiefs @ Las Vegas Raiders,3,LV,RB,KC,true,21.5,0.7,24.2,1.108,12,"0, 0, 2, 0, 0",1/5,over,-120,draftkings,0.503,0.514,-0.011,-0.077,"","",false
997,Parker Washington,anytime_td,0.5,Jacksonville Jaguars @ Cincinnati Bengals,3,JAX,WR,CIN,false,24.5,0.4,7.5,1.026,12,"1, 0, 1, 1, 0",3/5,over,140,fanduel,0.385,0.397,-0.012,-0.077,"","",false
998,Tommy Tremble,anytime_td,0.5,Detroit Lions @ Carolina Panthers,3,CAR,TE,DET,true,23.5,0.2,3.0,1.2,12,"0, 0, 0, 1, 0",1/5,over,500,betmgm,0.154,0.157,-0.004,-0.077,"","",true
999,Dalton Kincaid,anytime_td,0.5,New England Patriots @ Buffalo Bills,3,BUF,TE,NE,true,28.2,0.4,4.6,0.8,12,"0, 1, 0, 0, 0",1/5,over,165,draftkings,0.348,0.354,-0.006,-0.078,"","",false
1000,Kaelon Black,anytime_td,0.5,Denver Broncos @ San Francisco 49ers,2,SF,RB,DEN,true,25.8,0.2,8.5,1.108,3,"0, 0, 0",0/3,over,340,fanduel,0.209,0.213,-0.004,-0.081,"","",false
1001,Bhayshul Tuten,anytime_td,0.5,Jacksonville Jaguars @ Cincinnati Bengals,3,JAX,RB,CIN,false,24.5,0.6,11.9,0.814,12,"1, 1, 0, 1, 1",4/5,over,100,fanduel,0.459,0.467,-0.008,-0.082,"","",false
1002,Travis Kelce,anytime_td,0.5,Kansas City Chiefs @ Las Vegas Raiders,3,KC,TE,LV,false,26.0,0.4,6.1,1.2,12,"1, 1, 0, 0, 0",2/5,over,165,betmgm,0.346,0.361,-0.015,-0.082,"","",false
1003,Carnell Tate,anytime_td,0.5,Tennessee Titans @ Baltimore Ravens,3,TEN,WR,BAL,false,15.5,0.2,6.8,0.906,3,"0, 0, 0",0/3,over,350,draftkings,0.204,0.212,-0.008,-0.082,"","",false
1004,Nate Boerkircher,anytime_td,0.5,Jacksonville Jaguars @ Cincinnati Bengals,3,JAX,TE,CIN,false,24.5,0.1,1.0,0.8,2,"0, 0",0/2,over,1050,betmgm,0.08,0.089,-0.009,-0.083,only 2 games this season,"",true
1005,Kyle Monangai,anytime_td,0.5,New York Jets @ Chicago Bears,3,CHI,RB,NYJ,true,23.5,0.3,11.8,1.2,12,"0, 0, 1, 0, 0",1/5,over,190,fanduel,0.316,0.325,-0.009,-0.084,"","",false
1006,Darnell Mooney,anytime_td,0.5,Arizona Cardinals @ New York Giants,3,NYG,WR,ARI,true,21.0,0.1,3.8,1.2,12,"0, 0, 0, 0, 0",0/5,over,650,draftkings,0.122,0.134,-0.012,-0.084,"","",true
1007,Dalton Schultz,anytime_td,0.5,Dallas Cowboys @ Houston Texans,3,HOU,TE,DAL,true,25.8,0.3,7.1,1.2,12,"0, 0, 0, 0, 0",0/5,over,235,draftkings,0.273,0.295,-0.021,-0.084,"","",false
1008,Christian McCaffrey,anytime_td,0.5,Denver Broncos @ San Francisco 49ers,2,SF,RB,DEN,true,25.8,0.8,20.4,1.108,12,"1, 2, 0, 0, 1",3/5,over,-185,fanduel,0.594,0.604,-0.01,-0.086,"","",false
1009,Ladd McConkey,anytime_td,0.5,Los Angeles Chargers @ Seattle Seahawks,3,LAC,WR,SEA,false,17.8,0.2,4.8,0.906,12,"0, 0, 1, 0, 1",2/5,over,300,fanduel,0.229,0.235,-0.007,-0.086,Questionable (Foot),"",false
1010,DJ Moore,anytime_td,0.5,New England Patriots @ Buffalo Bills,3,BUF,WR,NE,true,28.2,0.4,5.8,1.145,12,"0, 0, 1, 0, 0",1/5,over,160,betmgm,0.352,0.363,-0.012,-0.086,"","",false
1011,Jaylen Waddle,anytime_td,0.5,Denver Broncos @ San Francisco 49ers,2,DEN,WR,SF,false,22.8,0.3,6.7,0.906,12,"0, 0, 0, 0, 0",0/5,over,200,fanduel,0.304,0.314,-0.01,-0.087,"","",false
1012,Chig Okonkwo,anytime_td,0.5,Indianapolis Colts @ Washington Commanders,3,WAS,TE,IND,true,21.0,0.2,4.5,1.056,12,"0, 0, 1, 1, 0",2/5,over,390,betmgm,0.186,0.2,-0.014,-0.087,only 1 game this season,"",false
1013,DeMario Douglas,anytime_td,0.5,New England Patriots @ Buffalo Bills,3,NE,WR,BUF,false,21.2,0.2,3.7,1.026,12,"0, 0, 0, 0, 0",0/5,over,380,fanduel,0.19,0.202,-0.012,-0.088,"","",false
1014,Brevyn Spann-Ford,anytime_td,0.5,Dallas Cowboys @ Houston Texans,3,DAL,TE,HOU,false,22.8,0.1,1.1,0.8,12,"0, 0, 0, 0, 0",0/5,over,1100,draftkings,0.076,0.081,-0.005,-0.088,"","",true
1015,Kyler Murray,anytime_td,0.5,Miami Dolphins @ Minnesota Vikings,3,MIN,QB,MIA,true,24.2,0.2,3.6,1.185,7,"0, 0, 1, 0, 0",1/5,over,360,fanduel,0.198,0.218,-0.02,-0.089,only 2 games this season,"",false
1016,Kenneth Walker III,anytime_td,0.5,Kansas City Chiefs @ Las Vegas Raiders,3,KC,RB,LV,false,26.0,0.7,22.3,0.814,12,"2, 0, 2, 0, 0",2/5,over,-155,fanduel,0.553,0.58,-0.027,-0.09,"","",false
1017,LeQuint Allen Jr.,anytime_td,0.5,Jacksonville Jaguars @ Cincinnati Bengals,3,JAX,RB,CIN,false,24.5,0.1,2.1,0.814,12,"0, 0, 0, 0, 0",0/5,over,1000,betmgm,0.083,0.095,-0.012,-0.09,only 2 games this season,"",true
1018,Courtland Sutton,anytime_td,0.5,Denver Broncos @ San Francisco 49ers,2,DEN,WR,SF,false,22.8,0.3,6.4,0.906,12,"0, 0, 0, 0, 0",0/5,over,210,fanduel,0.293,0.301,-0.008,-0.092,"","",false
1019,Chase Brown,anytime_td,0.5,Jacksonville Jaguars @ Cincinnati Bengals,3,CIN,RB,JAX,true,27.0,0.7,20.5,0.814,12,"0, 0, 1, 1, 2",3/5,over,-145,draftkings,0.536,0.553,-0.017,-0.094,"","",false
1020,Rashod Bateman,anytime_td,0.5,Tennessee Titans @ Baltimore Ravens,3,BAL,WR,TEN,true,27.0,0.2,3.5,0.906,12,"0, 1, 0, 0, 0",1/5,over,290,betmgm,0.232,0.252,-0.02,-0.095,"","",false
1021,Mark Andrews,anytime_td,0.5,Tennessee Titans @ Baltimore Ravens,3,BAL,TE,TEN,true,27.0,0.3,5.2,0.861,12,"0, 0, 0, 0, 0",0/5,over,180,draftkings,0.323,0.339,-0.016,-0.096,"","",false
1022,Jacob Saylors,anytime_td,0.5,Detroit Lions @ Carolina Panthers,3,DET,RB,CAR,false,27.0,0.0,0.1,1.2,12,"0, 0, 0, 0, 0",0/5,over,3300,fanduel,0.027,0.037,-0.011,-0.097,"","",true
1023,David Montgomery,anytime_td,0.5,Dallas Cowboys @ Houston Texans,3,HOU,RB,DAL,true,25.8,0.5,11.9,1.2,12,"0, 0, 3, 0, 0",1/5,over,-125,fanduel,0.501,0.534,-0.033,-0.099,"","",false
1024,Tony Pollard,anytime_td,0.5,Tennessee Titans @ Baltimore Ravens,3,TEN,RB,BAL,false,15.5,0.3,16.5,1.108,12,"0, 0, 0, 0, 0",0/5,over,200,fanduel,0.3,0.322,-0.022,-0.101,"","",false
1025,Tetairoa McMillan,anytime_td,0.5,Detroit Lions @ Carolina Panthers,3,CAR,WR,DET,true,23.5,0.3,7.0,1.026,12,"0, 0, 0, 0, 0",0/5,over,155,fanduel,0.353,0.379,-0.026,-0.101,"","",false
1026,Brenton Strange,anytime_td,0.5,Jacksonville Jaguars @ Cincinnati Bengals,3,JAX,TE,CIN,false,24.5,0.3,4.2,0.8,12,"0, 0, 1, 1, 0",2/5,over,260,draftkings,0.249,0.26,-0.011,-0.103,"","",false
1027,Romeo Doubs,anytime_td,0.5,New England Patriots @ Buffalo Bills,3,NE,WR,BUF,false,21.2,0.2,4.0,1.026,12,"0, 0, 0, 0, 1",1/5,over,280,fanduel,0.236,0.252,-0.015,-0.103,"","",false
1028,Lamar Jackson,anytime_td,0.5,Tennessee Titans @ Baltimore Ravens,3,BAL,QB,TEN,true,27.0,0.2,5.2,0.8,12,"0, 0, 1, 0, 0",1/5,over,250,betmgm,0.256,0.274,-0.018,-0.104,"","",false
1029,Zavion Thomas,anytime_td,0.5,New York Jets @ Chicago Bears,3,CHI,WR,NYJ,true,23.5,0.0,0.5,1.026,2,"0, 0",0/2,over,2200,betmgm,0.039,0.044,-0.005,-0.104,only 2 games this season,"",true
1030,Luke Farrell,anytime_td,0.5,Denver Broncos @ San Francisco 49ers,2,SF,TE,DEN,true,25.8,0.1,0.8,0.861,12,"0, 0, 0, 0, 0",0/5,over,1000,fanduel,0.081,0.088,-0.007,-0.106,"","",true
1031,Patrick Ricard,anytime_td,0.5,Arizona Cardinals @ New York Giants,3,NYG,RB,ARI,true,21.0,0.0,0.7,0.961,6,"0, 0, 0, 0, 0",0/5,over,2800,betmgm,0.031,0.034,-0.004,-0.106,only 1 game this season,"",true
1032,Jakobi Meyers,anytime_td,0.5,Jacksonville Jaguars @ Cincinnati Bengals,3,JAX,WR,CIN,false,24.5,0.3,5.7,1.026,12,"1, 0, 1, 0, 0",2/5,over,250,betmgm,0.256,0.268,-0.013,-0.106,"","",false
1033,Cooper Kupp,anytime_td,0.5,Los Angeles Chargers @ Seattle Seahawks,3,SEA,WR,LAC,true,24.8,0.2,3.7,1.026,12,"1, 0, 0, 0, 0",1/5,over,350,betmgm,0.198,0.219,-0.021,-0.107,"","",false
1034,Marcus Mariota,anytime_td,0.5,Indianapolis Colts @ Washington Commanders,3,WAS,QB,IND,true,21.0,0.1,4.2,1.185,12,"0, 0, 0, 0, 0",0/5,over,390,draftkings,0.182,0.201,-0.019,-0.108,only 2 games this season,"",false
1035,Sam Darnold,anytime_td,0.5,Los Angeles Chargers @ Seattle Seahawks,3,SEA,QB,LAC,true,24.8,0.1,2.0,1.2,12,"0, 0, 0, 0, 0",0/5,over,1000,fanduel,0.081,0.087,-0.006,-0.109,only 2 games this season,"",true
1036,Tahj Brooks,anytime_td,0.5,Jacksonville Jaguars @ Cincinnati Bengals,3,CIN,RB,JAX,true,27.0,0.0,1.2,0.814,12,"0, 0, 0, 0, 0",0/5,over,2000,fanduel,0.042,0.046,-0.003,-0.113,only 2 games this season,"",true
1037,J.K. Dobbins,anytime_td,0.5,Denver Broncos @ San Francisco 49ers,2,DEN,RB,SF,false,22.8,0.4,14.6,0.961,12,"0, 0, 0, 0, 0",0/5,over,130,fanduel,0.385,0.422,-0.037,-0.114,"","",false
1038,Dyami Brown,anytime_td,0.5,Indianapolis Colts @ Washington Commanders,3,WAS,WR,IND,true,21.0,0.1,2.8,1.026,12,"0, 0, 0, 0, 0",0/5,over,700,fanduel,0.111,0.118,-0.008,-0.115,"","",true
1039,Mike Evans,anytime_td,0.5,Denver Broncos @ San Francisco 49ers,2,SF,WR,DEN,true,25.8,0.4,6.0,0.906,11,"1, 0, 1, 0, 1",3/5,over,150,draftkings,0.354,0.37,-0.017,-0.116,Questionable (Ribs),"",false
1040,Hayden Rucci,anytime_td,0.5,Los Angeles Chargers @ Seattle Seahawks,3,LAC,TE,SEA,false,17.8,0.0,0.0,1.056,2,"0, 0",0/2,over,2500,draftkings,0.034,0.049,-0.015,-0.116,only 1 game this season,"",true
1041,Jaylen Wright,anytime_td,0.5,Miami Dolphins @ Minnesota Vikings,3,MIA,RB,MIN,false,14.2,0.1,5.9,0.8,11,"0, 0, 0, 0, 1",1/5,over,380,fanduel,0.184,0.204,-0.02,-0.119,only 2 games this season,"",false
1042,Dylan Laube,anytime_td,0.5,Kansas City Chiefs @ Las Vegas Raiders,3,LV,RB,KC,true,21.5,0.0,0.1,1.108,12,"0, 0, 0, 0, 0",0/5,over,2700,fanduel,0.031,0.044,-0.012,-0.122,"","",true
1043,Jalen Hurts,anytime_td,0.5,Los Angeles Rams @ Philadelphia Eagles,3,PHI,QB,LA,true,19.5,0.3,5.3,1.185,12,"1, 0, 0, 0, 0",1/5,over,175,draftkings,0.319,0.339,-0.02,-0.123,"","",false
1044,Mack Hollins,anytime_td,0.5,New England Patriots @ Buffalo Bills,3,NE,WR,BUF,false,21.2,0.2,6.0,1.026,12,"0, 0, 0, 0, 0",0/5,over,280,fanduel,0.231,0.253,-0.022,-0.123,"","",false
1045,Malik Nabers,anytime_td,0.5,Arizona Cardinals @ New York Giants,3,NYG,WR,ARI,true,21.0,0.3,6.8,1.2,7,"0, 0, 0, 0, 0",0/5,over,200,betmgm,0.292,0.312,-0.02,-0.124,"","",false
1046,AJ Dillon,anytime_td,0.5,Detroit Lions @ Carolina Panthers,3,CAR,RB,DET,true,23.5,0.1,3.6,0.961,9,"0, 0, 0, 0, 0",0/5,over,700,draftkings,0.109,0.118,-0.009,-0.127,"","",true
1047,E.J. Jenkins,anytime_td,0.5,Los Angeles Rams @ Philadelphia Eagles,3,PHI,TE,LA,true,19.5,0.0,0.0,0.861,2,"0, 0",0/2,over,4000,draftkings,0.021,0.03,-0.009,-0.127,only 1 game this season,"",true
1048,Saquon Barkley,anytime_td,0.5,Los Angeles Rams @ Philadelphia Eagles,3,PHI,RB,LA,true,19.5,0.4,16.8,0.8,12,"0, 0, 0, 0, 1",1/5,over,115,fanduel,0.405,0.437,-0.032,-0.129,"","",false
1049,Xavier Worthy,anytime_td,0.5,Kansas City Chiefs @ Las Vegas Raiders,3,KC,WR,LV,false,26.0,0.2,5.0,0.8,12,"0, 1, 0, 0, 0",1/5,over,260,betmgm,0.242,0.277,-0.036,-0.13,"","",false
1050,CeeDee Lamb,anytime_td,0.5,Dallas Cowboys @ Houston Texans,3,DAL,WR,HOU,false,22.8,0.4,8.2,1.2,12,"0, 2, 1, 0, 0",2/5,over,135,draftkings,0.37,0.4,-0.029,-0.13,"","",false
1051,Darius Cooper,anytime_td,0.5,Los Angeles Rams @ Philadelphia Eagles,3,PHI,WR,LA,true,19.5,0.1,1.4,1.145,9,"0, 1, 0, 0, 0",1/5,over,700,draftkings,0.109,0.125,-0.017,-0.131,"","",true
1052,Brandin Cooks,anytime_td,0.5,Denver Broncos @ San Francisco 49ers,2,BUF,WR,NE,true,28.2,0.1,2.8,1.145,12,"0, 0, 0, 0, 0",0/5,over,650,draftkings,0.116,0.128,-0.012,-0.132,only 0 games this season,"",true
1053,Dohnte Meyers,anytime_td,0.5,Jacksonville Jaguars @ Cincinnati Bengals,3,CIN,WR,JAX,true,27.0,0.1,2.8,0.8,3,"0, 0, 0",0/3,over,430,fanduel,0.163,0.18,-0.017,-0.136,"","",true
1054,Pat Bryant,anytime_td,0.5,Denver Broncos @ San Francisco 49ers,2,DEN,WR,SF,false,22.8,0.2,4.0,0.906,12,"1, 0, 0, 0, 0",1/5,over,360,draftkings,0.188,0.204,-0.016,-0.136,"","",false
1055,Najee Harris,anytime_td,0.5,Arizona Cardinals @ New York Giants,3,NYG,RB,ARI,true,21.0,0.1,6.5,0.961,5,"0, 0, 0, 0, 0",0/5,over,360,betmgm,0.188,0.209,-0.021,-0.137,only 2 games this season,"",false
1056,Cameron Latu,anytime_td,0.5,New England Patriots @ Buffalo Bills,3,NE,TE,BUF,false,21.2,0.0,0.0,0.861,12,"0, 0, 0, 0, 0",0/5,over,2800,draftkings,0.03,0.042,-0.013,-0.138,only 2 games this season,"",true
1057,Josh Downs,anytime_td,0.5,Indianapolis Colts @ Washington Commanders,3,IND,WR,WAS,false,25.5,0.3,7.3,1.2,12,"0, 0, 0, 0, 0",0/5,over,155,draftkings,0.338,0.368,-0.03,-0.139,"","",false
1058,Oronde Gadsden II,anytime_td,0.5,Los Angeles Chargers @ Seattle Seahawks,3,LAC,TE,SEA,false,17.8,0.1,3.0,1.056,12,"0, 1, 0, 0, 1",2/5,over,370,draftkings,0.183,0.203,-0.02,-0.139,"","",false
1059,Tyler Badie,anytime_td,0.5,Denver Broncos @ San Francisco 49ers,2,DEN,RB,SF,false,22.8,0.1,2.7,0.961,12,"0, 0, 0, 0, 0",0/5,over,1100,draftkings,0.072,0.077,-0.005,-0.14,only 2 games this season,"",true
1060,Deebo Samuel,anytime_td,0.5,Denver Broncos @ San Francisco 49ers,2,SF,WR,DEN,true,25.8,0.3,5.3,0.906,12,"1, 0, 1, 0, 0",2/5,over,155,draftkings,0.336,0.367,-0.03,-0.142,"","",false
1061,Zay Flowers,anytime_td,0.5,Tennessee Titans @ Baltimore Ravens,3,BAL,WR,TEN,true,27.0,0.3,6.7,0.906,12,"0, 1, 2, 1, 1",4/5,over,135,draftkings,0.365,0.397,-0.032,-0.143,Questionable (Hamstring); only 2 games this season,"",false
1062,Brian Thomas Jr,anytime_td,0.5,Jacksonville Jaguars @ Cincinnati Bengals,3,JAX,WR,CIN,false,24.5,0.1,4.7,1.026,12,"0, 0, 0, 0, 0",0/5,over,340,draftkings,0.194,0.221,-0.026,-0.144,"","",false
1063,Dontayvion Wicks,anytime_td,0.5,Los Angeles Rams @ Philadelphia Eagles,3,PHI,WR,LA,true,19.5,0.2,4.3,1.145,12,"0, 0, 1, 0, 0",1/5,over,255,draftkings,0.241,0.269,-0.028,-0.144,"","",false
1064,Evan Engram,anytime_td,0.5,Denver Broncos @ San Francisco 49ers,2,DEN,TE,SF,false,22.8,0.1,3.2,0.8,12,"0, 0, 1, 0, 0",1/5,over,475,draftkings,0.149,0.163,-0.015,-0.145,"","",true
1065,Eli Raridon,anytime_td,0.5,New England Patriots @ Buffalo Bills,3,NE,TE,BUF,false,21.2,0.1,1.0,0.861,2,"0, 1",1/2,over,850,draftkings,0.09,0.097,-0.007,-0.145,Questionable (Thigh); only 2 games this season,"",true
1066,Emanuel Wilson,anytime_td,0.5,Los Angeles Chargers @ Seattle Seahawks,3,SEA,RB,LAC,true,24.8,0.3,10.9,0.961,12,"0, 0, 0, 0, 0",0/5,over,140,fanduel,0.355,0.407,-0.052,-0.148,"","",false
1067,Skyy Moore,anytime_td,0.5,Green Bay Packers @ Tampa Bay Buccaneers,3,GB,WR,TB,false,20.8,0.1,2.5,0.906,12,"0, 0, 0, 0, 0",0/5,over,575,betmgm,0.126,0.145,-0.019,-0.149,"","",true
1068,T.J. Hockenson,anytime_td,0.5,Miami Dolphins @ Minnesota Vikings,3,MIN,TE,MIA,true,24.2,0.2,4.0,1.056,12,"0, 0, 1, 0, 0",1/5,over,190,betmgm,0.293,0.331,-0.038,-0.15,"","",false
1069,Makai Lemon,anytime_td,0.5,Los Angeles Rams @ Philadelphia Eagles,3,PHI,WR,LA,true,19.5,0.1,3.3,1.145,3,"0, 0, 0",0/3,over,360,betmgm,0.184,0.212,-0.028,-0.151,"","",false
1070,Kaytron Allen,anytime_td,0.5,Indianapolis Colts @ Washington Commanders,2,WAS,RB,IND,true,21.0,0.1,4.5,1.2,2,"0, 0",0/2,over,450,draftkings,0.154,0.17,-0.016,-0.155,only 2 games this season,"",true
1071,Aaron Jones,anytime_td,0.5,Miami Dolphins @ Minnesota Vikings,3,MIN,RB,MIA,true,24.2,0.4,19.0,1.2,12,"0, 0, 1, 1, 0",2/5,over,-140,betmgm,0.491,0.55,-0.06,-0.159,"","",false
1072,Bauer Sharp,anytime_td,0.5,Green Bay Packers @ Tampa Bay Buccaneers,3,TB,TE,GB,true,17.8,0.0,0.0,1.056,2,"0, 0",0/2,over,5000,draftkings,0.016,0.024,-0.007,-0.16,only 2 games this season,"",true
1073,Jordan Watkins,anytime_td,0.5,Denver Broncos @ San Francisco 49ers,2,SF,WR,DEN,true,25.8,0.1,1.7,0.906,3,"0, 0, 0",0/3,over,700,draftkings,0.105,0.116,-0.011,-0.16,only 1 game this season,"",true
1074,Durham Smythe,anytime_td,0.5,Tennessee Titans @ Baltimore Ravens,3,BAL,TE,TEN,true,27.0,0.0,0.9,0.861,9,"0, 0, 0, 0, 0",0/5,over,1200,draftkings,0.064,0.071,-0.007,-0.163,only 2 games this season,"",true
1075,Noah Gray,anytime_td,0.5,Kansas City Chiefs @ Las Vegas Raiders,3,KC,TE,LV,false,26.0,0.1,2.1,1.2,12,"0, 0, 0, 0, 0",0/5,over,700,draftkings,0.104,0.118,-0.014,-0.164,"","",true
1076,Kendrick Bourne,anytime_td,0.5,Arizona Cardinals @ New York Giants,3,ARI,WR,NYG,false,23.5,0.1,3.4,1.145,12,"0, 0, 0, 0, 0",0/5,over,600,draftkings,0.119,0.14,-0.02,-0.166,"","",true
1077,Jordan Love,anytime_td,0.5,Green Bay Packers @ Tampa Bay Buccaneers,3,GB,QB,TB,false,20.8,0.0,1.5,0.8,12,"0, 0, 0, 0, 0",0/5,over,825,betmgm,0.09,0.111,-0.02,-0.166,"","",true
1078,Jared Wiley,anytime_td,0.5,Kansas City Chiefs @ Las Vegas Raiders,2,KC,TE,LV,false,26.0,0.0,0.5,1.2,2,"0, 0",0/2,over,2000,draftkings,0.04,0.044,-0.005,-0.169,only 0 games this season,"",true
1079,Isaiah Williams,anytime_td,0.5,New York Jets @ Chicago Bears,3,NYJ,WR,CHI,false,20.0,0.1,3.9,0.906,12,"0, 0, 0, 0, 0",0/5,over,475,draftkings,0.144,0.167,-0.023,-0.171,"","",true
1080,Matthew Golden,anytime_td,0.5,Green Bay Packers @ Tampa Bay Buccaneers,3,GB,WR,TB,false,20.8,0.2,7.0,0.906,12,"1, 0, 0, 0, 0",1/5,over,210,draftkings,0.267,0.307,-0.041,-0.173,"","",false
1081,Braelon Allen,anytime_td,0.5,New York Jets @ Chicago Bears,3,NYJ,RB,CHI,false,20.0,0.2,7.0,0.961,7,"0, 1, 0, 0, 0",1/5,over,125,fanduel,0.366,0.431,-0.065,-0.176,"","",false
1082,Rashid Shaheed,anytime_td,0.5,Los Angeles Chargers @ Seattle Seahawks,3,SEA,WR,LAC,true,24.8,0.1,3.9,1.026,12,"0, 0, 0, 0, 0",0/5,over,320,draftkings,0.196,0.233,-0.037,-0.176,"","",false
1083,Chuba Hubbard,anytime_td,0.5,Detroit Lions @ Carolina Panthers,3,CAR,RB,DET,true,23.5,0.4,13.4,0.961,12,"0, 1, 2, 0, 0",2/5,over,-135,fanduel,0.471,0.537,-0.067,-0.181,"","",false
1084,Britain Covey,anytime_td,0.5,Los Angeles Rams @ Philadelphia Eagles,3,PHI,WR,LA,true,19.5,0.0,0.4,1.145,9,"0, 0, 0, 0, 0",0/5,over,2200,betmgm,0.036,0.044,-0.009,-0.181,"","",true
1085,Feleipe Franks,anytime_td,0.5,Detroit Lions @ Carolina Panthers,2,CAR,TE,DET,true,23.5,0.0,0.1,1.2,12,"0, 0, 0, 0, 0",0/5,over,4500,draftkings,0.018,0.023,-0.005,-0.185,"","",true
1086,Braxton Berrios,anytime_td,0.5,Arizona Cardinals @ New York Giants,3,NYG,WR,ARI,true,21.0,0.0,0.5,1.2,7,"0, 0, 0, 0, 0",0/5,over,1400,draftkings,0.054,0.068,-0.014,-0.187,"","",true
1087,Brashard Smith,anytime_td,0.5,Kansas City Chiefs @ Las Vegas Raiders,2,KC,RB,LV,false,26.0,0.1,3.0,0.814,12,"0, 0, 0, 1, 0",1/5,over,600,draftkings,0.116,0.132,-0.016,-0.188,only 2 games this season,"",true
1088,Jordan Addison,anytime_td,0.5,Miami Dolphins @ Minnesota Vikings,3,MIN,WR,MIA,true,24.2,0.2,5.1,0.8,12,"1, 0, 0, 0, 1",2/5,over,135,betmgm,0.345,0.403,-0.058,-0.189,"","",false
1089,Isaiah Davis,anytime_td,0.5,New York Jets @ Chicago Bears,3,NYJ,RB,CHI,false,20.0,0.1,2.9,0.961,12,"0, 0, 0, 0, 1",1/5,over,360,fanduel,0.174,0.22,-0.045,-0.198,only 2 games this season,"",false
1090,Anthony Gould,anytime_td,0.5,Indianapolis Colts @ Washington Commanders,2,IND,WR,WAS,false,25.5,0.0,0.2,1.2,12,"0, 0, 0, 0, 0",0/5,over,2000,fanduel,0.038,0.051,-0.013,-0.2,only 2 games this season,"",true
1091,Dean Connors,anytime_td,0.5,Los Angeles Rams @ Philadelphia Eagles,2,LA,RB,PHI,false,23.0,0.0,0.0,0.814,1,0,0/1,over,4000,draftkings,0.019,0.028,-0.008,-0.201,only 1 game this season,"",true
1092,Dareke Young,anytime_td,0.5,Kansas City Chiefs @ Las Vegas Raiders,2,LV,WR,KC,true,21.5,0.0,0.4,0.8,11,"0, 0, 0, 0, 0",0/5,over,1700,fanduel,0.044,0.057,-0.012,-0.202,"","",true
1093,Kaleb Johnson,anytime_td,0.5,Green Bay Packers @ Tampa Bay Buccaneers,3,GB,RB,TB,false,20.8,0.1,4.3,0.814,12,"0, 0, 0, 0, 0",0/5,over,250,draftkings,0.228,0.288,-0.059,-0.202,"","",false
1094,Will Kacmarek,anytime_td,0.5,Miami Dolphins @ Minnesota Vikings,3,MIA,TE,MIN,false,14.2,0.0,0.6,0.8,3,"0, 0, 0",0/3,over,1500,draftkings,0.049,0.058,-0.008,-0.208,"","",true
1095,Jordan Whittington,anytime_td,0.5,Los Angeles Rams @ Philadelphia Eagles,3,LA,WR,PHI,false,23.0,0.0,1.1,1.145,12,"0, 0, 0, 0, 0",0/5,over,1100,draftkings,0.065,0.078,-0.013,-0.214,only 1 game this season,"",true
1096,DeeJay Dallas,anytime_td,0.5,Miami Dolphins @ Minnesota Vikings,3,MIN,RB,MIA,true,24.2,0.0,1.4,1.2,8,"0, 0, 0, 0, 0",0/5,over,750,draftkings,0.092,0.114,-0.021,-0.216,"","",true
1097,Nick Kallerup,anytime_td,0.5,Los Angeles Chargers @ Seattle Seahawks,2,SEA,TE,LAC,true,24.8,0.0,0.2,0.861,4,"0, 0, 0, 0",0/4,over,1500,draftkings,0.049,0.065,-0.016,-0.22,only 0 games this season,"",true
1098,George Holani,anytime_td,0.5,Los Angeles Chargers @ Seattle Seahawks,3,SEA,RB,LAC,true,24.8,0.2,5.4,0.961,12,"0, 0, 0, 0, 1",1/5,over,160,fanduel,0.299,0.361,-0.062,-0.224,"","",false
1099,Roschon Johnson,anytime_td,0.5,New York Jets @ Chicago Bears,3,CHI,RB,NYJ,true,23.5,0.0,0.3,1.2,7,"0, 0, 0, 0, 0",0/5,over,2000,betmgm,0.037,0.049,-0.012,-0.23,only 1 game this season,"",true
1100,Jalon Daniels,anytime_td,0.5,Green Bay Packers @ Tampa Bay Buccaneers,3,TB,QB,GB,true,17.8,0.0,1.0,0.8,1,0,0/1,over,360,draftkings,0.167,0.22,-0.053,-0.233,only 1 game this season,"",false
1101,LaJohntay Wester,anytime_td,0.5,Tennessee Titans @ Baltimore Ravens,2,BAL,WR,TEN,true,27.0,0.0,0.7,0.906,12,"0, 0, 0, 0, 0",0/5,over,1000,draftkings,0.069,0.084,-0.015,-0.237,"","",true
1102,Malik McClain,anytime_td,0.5,New York Jets @ Chicago Bears,3,NYJ,WR,CHI,false,20.0,0.0,0.0,0.906,1,0,0/1,over,1400,betmgm,0.051,0.072,-0.022,-0.24,only 1 game this season,"",true
1103,Jacob Cowing,anytime_td,0.5,Denver Broncos @ San Francisco 49ers,2,SF,WR,DEN,true,25.8,0.0,0.8,0.906,3,"0, 0, 0",0/3,over,650,draftkings,0.101,0.128,-0.027,-0.242,"","",true
1104,Nikko Remigio,anytime_td,0.5,Kansas City Chiefs @ Las Vegas Raiders,2,KC,WR,LV,false,26.0,0.0,0.0,0.8,12,"0, 0, 0, 0, 0",0/5,over,2700,fanduel,0.027,0.039,-0.012,-0.244,"","",true
1105,Nick Westbrook-Ikhine,anytime_td,0.5,Indianapolis Colts @ Washington Commanders,2,MIA,WR,MIN,false,14.2,0.0,1.1,1.026,12,"0, 0, 0, 0, 0",0/5,over,950,draftkings,0.072,0.088,-0.016,-0.245,only 0 games this season,"",true
1106,Kameron Johnson,anytime_td,0.5,Green Bay Packers @ Tampa Bay Buccaneers,3,TB,WR,GB,true,17.8,0.0,0.1,1.026,12,"0, 0, 0, 0, 0",0/5,over,2200,betmgm,0.033,0.045,-0.012,-0.245,"","",true
1107,Devin Duvernay,anytime_td,0.5,Arizona Cardinals @ New York Giants,3,ARI,WR,NYG,false,23.5,0.0,0.1,1.145,12,"0, 0, 0, 0, 0",0/5,over,2000,draftkings,0.036,0.049,-0.013,-0.247,"","",true
1108,Julius Chestnut,anytime_td,0.5,Tennessee Titans @ Baltimore Ravens,2,TEN,RB,BAL,false,15.5,0.0,0.2,1.108,12,"0, 0, 0, 0, 0",0/5,over,4500,fanduel,0.016,0.021,-0.005,-0.248,only 2 games this season,"",true
1109,Laquon Treadwell,anytime_td,0.5,Indianapolis Colts @ Washington Commanders,3,IND,WR,WAS,false,25.5,0.0,1.0,1.2,9,"0, 0, 0, 0, 0",0/5,over,425,betmgm,0.142,0.182,-0.04,-0.254,"","",true
1110,Tai Felton,anytime_td,0.5,Miami Dolphins @ Minnesota Vikings,3,MIN,WR,MIA,true,24.2,0.0,0.8,0.8,12,"0, 0, 0, 0, 0",0/5,over,600,draftkings,0.105,0.136,-0.03,-0.262,only 1 game this season,"",true
1111,Jaylin Lane,anytime_td,0.5,Indianapolis Colts @ Washington Commanders,2,WAS,WR,IND,true,21.0,0.0,0.9,1.026,12,"0, 0, 0, 0, 0",0/5,over,1000,draftkings,0.067,0.084,-0.017,-0.266,"","",true
1112,Derius Davis,anytime_td,0.5,Los Angeles Chargers @ Seattle Seahawks,2,LAC,WR,SEA,false,17.8,0.0,0.6,0.906,12,"0, 0, 0, 0, 0",0/5,over,1200,draftkings,0.056,0.071,-0.015,-0.268,"","",true
1113,Anthony Tyus III,anytime_td,0.5,Detroit Lions @ Carolina Panthers,3,CAR,RB,DET,true,23.5,0.0,0.0,0.961,1,0,0/1,over,3000,fanduel,0.024,0.034,-0.01,-0.269,only 1 game this season,"",true
1114,Tyson Bagent,anytime_td,0.5,New York Jets @ Chicago Bears,3,CHI,QB,NYJ,true,23.5,0.0,0.4,0.8,3,"0, 0, 0",0/3,over,500,betmgm,0.122,0.164,-0.043,-0.271,only 1 game this season,"",true
1115,Montorie Foster Jr.,anytime_td,0.5,Los Angeles Chargers @ Seattle Seahawks,2,SEA,WR,LAC,true,24.8,0.0,0.0,1.026,1,0,0/1,over,2500,draftkings,0.028,0.04,-0.012,-0.275,only 1 game this season,"",true
1116,Max Bredeson,anytime_td,0.5,Miami Dolphins @ Minnesota Vikings,3,MIN,RB,MIA,true,24.2,0.0,0.0,1.2,1,0,0/1,over,1800,draftkings,0.038,0.054,-0.016,-0.276,only 1 game this season,"",true
1117,Tom Kennedy,anytime_td,0.5,Detroit Lions @ Carolina Panthers,3,DET,WR,CAR,false,27.0,0.0,0.2,0.8,9,"0, 0, 0, 0, 0",0/5,over,2000,betmgm,0.034,0.046,-0.011,-0.28,"","",true
1118,Ke'Shawn Williams,anytime_td,0.5,Jacksonville Jaguars @ Cincinnati Bengals,1,CIN,WR,JAX,true,27.0,0.0,0.3,0.8,12,"0, 0, 0, 0, 0",0/5,over,1550,betmgm,0.043,0.056,-0.013,-0.283,only 1 game this season,"",true
1119,Simi Fehoko,anytime_td,0.5,Arizona Cardinals @ New York Giants,2,ARI,WR,NYG,false,23.5,0.0,0.0,1.145,9,"0, 0, 0, 0, 0",0/5,over,3000,fanduel,0.023,0.033,-0.01,-0.29,only 2 games this season,"",true
1120,Jamaal Pritchett,anytime_td,0.5,New York Jets @ Chicago Bears,2,NYJ,WR,CHI,false,20.0,0.0,0.0,0.906,1,0,0/1,over,2200,draftkings,0.03,0.043,-0.013,-0.303,only 1 game this season,"",true
1121,Charlie Jones,anytime_td,0.5,Arizona Cardinals @ New York Giants,2,CIN,WR,JAX,true,27.0,0.0,0.1,0.8,12,"0, 0, 0, 0, 0",0/5,over,1800,draftkings,0.036,0.049,-0.013,-0.319,only 0 games this season,"",true
1122,Myles Price,anytime_td,0.5,Miami Dolphins @ Minnesota Vikings,3,MIN,WR,MIA,true,24.2,0.0,0.2,0.8,12,"0, 0, 0, 0, 0",0/5,over,900,draftkings,0.068,0.093,-0.025,-0.323,"","",true
1123,Brayden Willis,anytime_td,0.5,Denver Broncos @ San Francisco 49ers,2,SF,TE,DEN,true,25.8,0.0,0.1,0.861,8,"0, 0, 0, 0, 0",0/5,over,2000,draftkings,0.032,0.044,-0.012,-0.331,only 2 games this season,"",true
1124,Thomas Fidone,anytime_td,0.5,Arizona Cardinals @ New York Giants,2,NYG,TE,ARI,true,21.0,0.0,0.0,1.2,1,0,0/1,over,2800,draftkings,0.023,0.032,-0.01,-0.34,only 0 games this season,"",true
1125,Ko Kieft,anytime_td,0.5,Green Bay Packers @ Tampa Bay Buccaneers,1,TB,TE,GB,true,17.8,0.0,0.0,1.056,3,"0, 0, 0",0/3,over,5000,draftkings,0.013,0.018,-0.005,-0.352,Out (Elbow); only 1 game this season,"",true
1126,Michael Carter,anytime_td,0.5,Tennessee Titans @ Baltimore Ravens,2,PHI,CB,LA,true,19.5,0.0,0.0,1.0,9,"0, 0, 0, 0, 0",0/5,over,4500,draftkings,0.014,0.02,-0.006,-0.352,only 2 games this season,"",true
1127,New York Jets Defense,anytime_td,0.5,New York Jets @ Chicago Bears,1,,,,,,,,,,,,,,,,,,,,"no stats match (rookie with no games, or name mismatch)",
1128,Arizona Cardinals Defense,anytime_td,0.5,Arizona Cardinals @ New York Giants,1,,,,,,,,,,,,,,,,,,,,"no stats match (rookie with no games, or name mismatch)",
1129,Jack Endries,anytime_td,0.5,Jacksonville Jaguars @ Cincinnati Bengals,2,,,,,,,,,,,,,,,,,,,,"no stats match (rookie with no games, or name mismatch)",
1130,Baltimore Ravens D/ST,anytime_td,0.5,Tennessee Titans @ Baltimore Ravens,2,,,,,,,,,,,,,,,,,,,,"no stats match (rookie with no games, or name mismatch)",
1131,Elijah Sarratt,anytime_td,0.5,Tennessee Titans @ Baltimore Ravens,2,,,,,,,,,,,,,,,,,,,,"no stats match (rookie with no games, or name mismatch)",
1132,Washington Commanders Defense,anytime_td,0.5,Indianapolis Colts @ Washington Commanders,1,,,,,,,,,,,,,,,,,,,,"no stats match (rookie with no games, or name mismatch)",
1133,Dallen Bentley,anytime_td,0.5,Denver Broncos @ San Francisco 49ers,2,,,,,,,,,,,,,,,,,,,,"no stats match (rookie with no games, or name mismatch)",
1134,Minnesota Vikings D/ST,anytime_td,0.5,Miami Dolphins @ Minnesota Vikings,2,,,,,,,,,,,,,,,,,,,,"no stats match (rookie with no games, or name mismatch)",
1135,New England Patriots Defense,anytime_td,0.5,New England Patriots @ Buffalo Bills,1,,,,,,,,,,,,,,,,,,,,"no stats match (rookie with no games, or name mismatch)",
1136,Los Angeles Chargers Defense,anytime_td,0.5,Los Angeles Chargers @ Seattle Seahawks,1,,,,,,,,,,,,,,,,,,,,"no stats match (rookie with no games, or name mismatch)",
1137,Detroit Lions Defense,anytime_td,0.5,Detroit Lions @ Carolina Panthers,1,,,,,,,,,,,,,,,,,,,,"no stats match (rookie with no games, or name mismatch)",
1138,Indianapolis Colts D/ST,anytime_td,0.5,Indianapolis Colts @ Washington Commanders,2,,,,,,,,,,,,,,,,,,,,"no stats match (rookie with no games, or name mismatch)",
1139,James Jordan,anytime_td,0.5,Denver Broncos @ San Francisco 49ers,2,,,,,,,,,,,,,,,,,,,,"no stats match (rookie with no games, or name mismatch)",
1140,Buffalo Bills Defense,anytime_td,0.5,New England Patriots @ Buffalo Bills,1,,,,,,,,,,,,,,,,,,,,"no stats match (rookie with no games, or name mismatch)",
1141,Buffalo Bills D/ST,anytime_td,0.5,New England Patriots @ Buffalo Bills,2,,,,,,,,,,,,,,,,,,,,"no stats match (rookie with no games, or name mismatch)",
1142,Joshua Palmer,anytime_td,0.5,New England Patriots @ Buffalo Bills,3,,,,,,,,,,,,,,,,,,,,"no stats match (rookie with no games, or name mismatch)",
1143,Tyson Bagent,pass_yds,200.5,New York Jets @ Chicago Bears,1,CHI,,,,,,,,,,,,,,,,,,,no qualifying games,
1144,Philadelphia Eagles Defense,anytime_td,0.5,Los Angeles Rams @ Philadelphia Eagles,1,,,,,,,,,,,,,,,,,,,,"no stats match (rookie with no games, or name mismatch)",
1145,Dallas Cowboys Defense,anytime_td,0.5,Dallas Cowboys @ Houston Texans,1,,,,,,,,,,,,,,,,,,,,"no stats match (rookie with no games, or name mismatch)",
1146,Carolina Panthers Defense,anytime_td,0.5,Detroit Lions @ Carolina Panthers,1,,,,,,,,,,,,,,,,,,,,"no stats match (rookie with no games, or name mismatch)",
1147,Green Bay Packers D/ST,anytime_td,0.5,Green Bay Packers @ Tampa Bay Buccaneers,2,,,,,,,,,,,,,,,,,,,,"no stats match (rookie with no games, or name mismatch)",
1148,Tyson Bagent,pass_yds,199.5,New York Jets @ Chicago Bears,1,CHI,,,,,,,,,,,,,,,,,,,no qualifying games,
1149,Brevin Jordan,anytime_td,0.5,Dallas Cowboys @ Houston Texans,2,,,,,,,,,,,,,,,,,,,,"no stats match (rookie with no games, or name mismatch)",
1150,Reggie Virgil,anytime_td,0.5,Arizona Cardinals @ New York Giants,2,,,,,,,,,,,,,,,,,,,,"no stats match (rookie with no games, or name mismatch)",
1151,Chicago Bears D/ST,anytime_td,0.5,New York Jets @ Chicago Bears,2,,,,,,,,,,,,,,,,,,,,"no stats match (rookie with no games, or name mismatch)",
1152,Tennessee Titans D/ST,anytime_td,0.5,Tennessee Titans @ Baltimore Ravens,2,,,,,,,,,,,,,,,,,,,,"no stats match (rookie with no games, or name mismatch)",
1153,Indianapolis Colts Defense,anytime_td,0.5,Indianapolis Colts @ Washington Commanders,1,,,,,,,,,,,,,,,,,,,,"no stats match (rookie with no games, or name mismatch)",
1154,Denver Broncos D/ST,anytime_td,0.5,Denver Broncos @ San Francisco 49ers,1,,,,,,,,,,,,,,,,,,,,"no stats match (rookie with no games, or name mismatch)",
1155,Tanner Koziol,anytime_td,0.5,Jacksonville Jaguars @ Cincinnati Bengals,2,,,,,,,,,,,,,,,,,,,,"no stats match (rookie with no games, or name mismatch)",
1156,Los Angeles Rams Defense,anytime_td,0.5,Los Angeles Rams @ Philadelphia Eagles,1,,,,,,,,,,,,,,,,,,,,"no stats match (rookie with no games, or name mismatch)",
1157,Miami Dolphins D/ST,anytime_td,0.5,Miami Dolphins @ Minnesota Vikings,2,,,,,,,,,,,,,,,,,,,,"no stats match (rookie with no games, or name mismatch)",
1158,Kansas City Chiefs D/ST,anytime_td,0.5,Kansas City Chiefs @ Las Vegas Raiders,2,,,,,,,,,,,,,,,,,,,,"no stats match (rookie with no games, or name mismatch)",
1159,Seydou Traore,anytime_td,0.5,Miami Dolphins @ Minnesota Vikings,3,,,,,,,,,,,,,,,,,,,,"no stats match (rookie with no games, or name mismatch)",
1160,Cincinnati Bengals Defense,anytime_td,0.5,Jacksonville Jaguars @ Cincinnati Bengals,1,,,,,,,,,,,,,,,,,,,,"no stats match (rookie with no games, or name mismatch)",
1161,Tanner Arkin,anytime_td,0.5,New England Patriots @ Buffalo Bills,2,,,,,,,,,,,,,,,,,,,,"no stats match (rookie with no games, or name mismatch)",
1162,Seattle Seahawks D/ST,anytime_td,0.5,Los Angeles Chargers @ Seattle Seahawks,2,,,,,,,,,,,,,,,,,,,,"no stats match (rookie with no games, or name mismatch)",
1163,Jalon Daniels,pass_yds,172.5,Green Bay Packers @ Tampa Bay Buccaneers,2,TB,,,,,,,,,,,,,,,,,,,no qualifying games,
1164,Houston Texans Defense,anytime_td,0.5,Dallas Cowboys @ Houston Texans,1,,,,,,,,,,,,,,,,,,,,"no stats match (rookie with no games, or name mismatch)",
1165,Carolina Panthers D/ST,anytime_td,0.5,Detroit Lions @ Carolina Panthers,2,,,,,,,,,,,,,,,,,,,,"no stats match (rookie with no games, or name mismatch)",
1166,Minnesota Vikings Defense,anytime_td,0.5,Miami Dolphins @ Minnesota Vikings,1,,,,,,,,,,,,,,,,,,,,"no stats match (rookie with no games, or name mismatch)",
1167,Houston Texans D/ST,anytime_td,0.5,Dallas Cowboys @ Houston Texans,2,,,,,,,,,,,,,,,,,,,,"no stats match (rookie with no games, or name mismatch)",
1168,Arizona Cardinals D/ST,anytime_td,0.5,Arizona Cardinals @ New York Giants,2,,,,,,,,,,,,,,,,,,,,"no stats match (rookie with no games, or name mismatch)",
1169,San Francisco 49ers Defense,anytime_td,0.5,Denver Broncos @ San Francisco 49ers,1,,,,,,,,,,,,,,,,,,,,"no stats match (rookie with no games, or name mismatch)",
1170,New York Giants D/ST,anytime_td,0.5,Arizona Cardinals @ New York Giants,2,,,,,,,,,,,,,,,,,,,,"no stats match (rookie with no games, or name mismatch)",
1171,Camden Brown,anytime_td,0.5,Dallas Cowboys @ Houston Texans,2,,,,,,,,,,,,,,,,,,,,"no stats match (rookie with no games, or name mismatch)",
1172,Max Klare,anytime_td,0.5,Los Angeles Rams @ Philadelphia Eagles,3,,,,,,,,,,,,,,,,,,,,"no stats match (rookie with no games, or name mismatch)",
1173,Seattle Seahawks Defense,anytime_td,0.5,Los Angeles Chargers @ Seattle Seahawks,1,,,,,,,,,,,,,,,,,,,,"no stats match (rookie with no games, or name mismatch)",
1174,Justin Joly,anytime_td,0.5,Miami Dolphins @ Minnesota Vikings,2,,,,,,,,,,,,,,,,,,,,"no stats match (rookie with no games, or name mismatch)",
1175,Jacksonville Jaguars D/ST,anytime_td,0.5,Jacksonville Jaguars @ Cincinnati Bengals,2,,,,,,,,,,,,,,,,,,,,"no stats match (rookie with no games, or name mismatch)",
1176,Los Angeles Rams D/ST,anytime_td,0.5,Los Angeles Rams @ Philadelphia Eagles,2,,,,,,,,,,,,,,,,,,,,"no stats match (rookie with no games, or name mismatch)",
1177,CJ Daniels,anytime_td,0.5,Los Angeles Rams @ Philadelphia Eagles,2,,,,,,,,,,,,,,,,,,,,"no stats match (rookie with no games, or name mismatch)",
1178,Skyler Bell,anytime_td,0.5,New England Patriots @ Buffalo Bills,2,,,,,,,,,,,,,,,,,,,,"no stats match (rookie with no games, or name mismatch)",
1179,Tennessee Titans Defense,anytime_td,0.5,Tennessee Titans @ Baltimore Ravens,1,,,,,,,,,,,,,,,,,,,,"no stats match (rookie with no games, or name mismatch)",
1180,New England Patriots D/ST,anytime_td,0.5,New England Patriots @ Buffalo Bills,2,,,,,,,,,,,,,,,,,,,,"no stats match (rookie with no games, or name mismatch)",
1181,Jalon Daniels,pass_yds,170.5,Green Bay Packers @ Tampa Bay Buccaneers,1,TB,,,,,,,,,,,,,,,,,,,no qualifying games,
1182,Chicago Bears Defense,anytime_td,0.5,New York Jets @ Chicago Bears,1,,,,,,,,,,,,,,,,,,,,"no stats match (rookie with no games, or name mismatch)",
1183,Los Angeles Chargers D/ST,anytime_td,0.5,Los Angeles Chargers @ Seattle Seahawks,2,,,,,,,,,,,,,,,,,,,,"no stats match (rookie with no games, or name mismatch)",
1184,Patrick Herbert,anytime_td,0.5,Los Angeles Chargers @ Seattle Seahawks,1,,,,,,,,,,,,,,,,,,,,"no stats match (rookie with no games, or name mismatch)",
1185,Kansas City Chiefs Defense,anytime_td,0.5,Kansas City Chiefs @ Las Vegas Raiders,1,,,,,,,,,,,,,,,,,,,,"no stats match (rookie with no games, or name mismatch)",
1186,Miami Dolphins Defense,anytime_td,0.5,Miami Dolphins @ Minnesota Vikings,1,,,,,,,,,,,,,,,,,,,,"no stats match (rookie with no games, or name mismatch)",
1187,Zonovan Knight,anytime_td,0.5,Arizona Cardinals @ New York Giants,1,,,,,,,,,,,,,,,,,,,,"no stats match (rookie with no games, or name mismatch)",
1188,Dallas Cowboys D/ST,anytime_td,0.5,Dallas Cowboys @ Houston Texans,2,,,,,,,,,,,,,,,,,,,,"no stats match (rookie with no games, or name mismatch)",
1189,New York Jets D/ST,anytime_td,0.5,New York Jets @ Chicago Bears,2,,,,,,,,,,,,,,,,,,,,"no stats match (rookie with no games, or name mismatch)",
1190,Denver Broncos Defense,anytime_td,0.5,Denver Broncos @ San Francisco 49ers,1,,,,,,,,,,,,,,,,,,,,"no stats match (rookie with no games, or name mismatch)",
1191,Las Vegas Raiders D/ST,anytime_td,0.5,Kansas City Chiefs @ Las Vegas Raiders,2,,,,,,,,,,,,,,,,,,,,"no stats match (rookie with no games, or name mismatch)",
1192,Green Bay Packers Defense,anytime_td,0.5,Green Bay Packers @ Tampa Bay Buccaneers,1,,,,,,,,,,,,,,,,,,,,"no stats match (rookie with no games, or name mismatch)",
1193,Cincinnati Bengals D/ST,anytime_td,0.5,Jacksonville Jaguars @ Cincinnati Bengals,2,,,,,,,,,,,,,,,,,,,,"no stats match (rookie with no games, or name mismatch)",
1194,Tampa Bay Buccaneers D/ST,anytime_td,0.5,Green Bay Packers @ Tampa Bay Buccaneers,2,,,,,,,,,,,,,,,,,,,,"no stats match (rookie with no games, or name mismatch)",
1195,Jacksonville Jaguars Defense,anytime_td,0.5,Jacksonville Jaguars @ Cincinnati Bengals,1,,,,,,,,,,,,,,,,,,,,"no stats match (rookie with no games, or name mismatch)",
1196,Mark Redman,anytime_td,0.5,Green Bay Packers @ Tampa Bay Buccaneers,3,,,,,,,,,,,,,,,,,,,,"no stats match (rookie with no games, or name mismatch)",
1197,Detroit Lions D/ST,anytime_td,0.5,Detroit Lions @ Carolina Panthers,2,,,,,,,,,,,,,,,,,,,,"no stats match (rookie with no games, or name mismatch)",
1198,New York Giants Defense,anytime_td,0.5,Arizona Cardinals @ New York Giants,1,,,,,,,,,,,,,,,,,,,,"no stats match (rookie with no games, or name mismatch)",
1199,Las Vegas Raiders Defense,anytime_td,0.5,Kansas City Chiefs @ Las Vegas Raiders,1,,,,,,,,,,,,,,,,,,,,"no stats match (rookie with no games, or name mismatch)",
1200,Tyson Bagent,pass_yds,203.5,New York Jets @ Chicago Bears,1,CHI,,,,,,,,,,,,,,,,,,,no qualifying games,
1201,Tampa Bay Buccaneers Defense,anytime_td,0.5,Green Bay Packers @ Tampa Bay Buccaneers,1,,,,,,,,,,,,,,,,,,,,"no stats match (rookie with no games, or name mismatch)",
1202,Gavin Bartholomew,anytime_td,0.5,Miami Dolphins @ Minnesota Vikings,3,,,,,,,,,,,,,,,,,,,,"no stats match (rookie with no games, or name mismatch)",
1203,Baltimore Ravens Defense,anytime_td,0.5,Tennessee Titans @ Baltimore Ravens,1,,,,,,,,,,,,,,,,,,,,"no stats match (rookie with no games, or name mismatch)",
1204,Drew Ogletree,anytime_td,0.5,Indianapolis Colts @ Washington Commanders,3,,,,,,,,,,,,,,,,,,,,"no stats match (rookie with no games, or name mismatch)",
1205,San Francisco 49ers D/ST,anytime_td,0.5,Denver Broncos @ San Francisco 49ers,1,,,,,,,,,,,,,,,,,,,,"no stats match (rookie with no games, or name mismatch)",
1206,CJ Williams,anytime_td,0.5,Jacksonville Jaguars @ Cincinnati Bengals,2,,,,,,,,,,,,,,,,,,,,"no stats match (rookie with no games, or name mismatch)",
1207,Philadelphia Eagles D/ST,anytime_td,0.5,Los Angeles Rams @ Philadelphia Eagles,2,,,,,,,,,,,,,,,,,,,,"no stats match (rookie with no games, or name mismatch)",
1208,Washington Commanders D/ST,anytime_td,0.5,Indianapolis Colts @ Washington Commanders,2,,,,,,,,,,,,,,,,,,,,"no stats match (rookie with no games, or name mismatch)",
