player,market,line,book,game,commence,over_odds,under_odds
Javonte Williams,anytime_td,0.5,draftkings,Tampa Bay Buccaneers @ Dallas Cowboys,2026-10-09T00:15:00Z,-215,
CeeDee Lamb,anytime_td,0.5,draftkings,Tampa Bay Buccaneers @ Dallas Cowboys,2026-10-09T00:15:00Z,-120,
George Pickens,anytime_td,0.5,draftkings,Tampa Bay Buccaneers @ Dallas Cowboys,2026-10-09T00:15:00Z,105,
Bucky Irving,anytime_td,0.5,draftkings,Tampa Bay Buccaneers @ Dallas Cowboys,2026-10-09T00:15:00Z,190,
Jake Ferguson,anytime_td,0.5,draftkings,Tampa Bay Buccaneers @ Dallas Cowboys,2026-10-09T00:15:00Z,210,
Jalon Daniels,anytime_td,0.5,draftkings,Tampa Bay Buccaneers @ Dallas Cowboys,2026-10-09T00:15:00Z,255,
Emeka Egbuka,anytime_td,0.5,draftkings,Tampa Bay Buccaneers @ Dallas Cowboys,2026-10-09T00:15:00Z,265,
Chris Godwin,anytime_td,0.5,draftkings,Tampa Bay Buccaneers @ Dallas Cowboys,2026-10-09T00:15:00Z,300,
Ryan Flournoy,anytime_td,0.5,draftkings,Tampa Bay Buccaneers @ Dallas Cowboys,2026-10-09T00:15:00Z,330,
Sean Tucker,anytime_td,0.5,draftkings,Tampa Bay Buccaneers @ Dallas Cowboys,2026-10-09T00:15:00Z,425,
Dallas Cowboys D/ST,anytime_td,0.5,draftkings,Tampa Bay Buccaneers @ Dallas Cowboys,2026-10-09T00:15:00Z,475,
Cade Otton,anytime_td,0.5,draftkings,Tampa Bay Buccaneers @ Dallas Cowboys,2026-10-09T00:15:00Z,475,
Dak Prescott,anytime_td,0.5,draftkings,Tampa Bay Buccaneers @ Dallas Cowboys,2026-10-09T00:15:00Z,500,
Kenny Gainwell,anytime_td,0.5,draftkings,Tampa Bay Buccaneers @ Dallas Cowboys,2026-10-09T00:15:00Z,550,
Ted Hurst III,anytime_td,0.5,draftkings,Tampa Bay Buccaneers @ Dallas Cowboys,2026-10-09T00:15:00Z,550,
Tampa Bay Buccaneers D/ST,anytime_td,0.5,draftkings,Tampa Bay Buccaneers @ Dallas Cowboys,2026-10-09T00:15:00Z,650,
Tez Johnson,anytime_td,0.5,draftkings,Tampa Bay Buccaneers @ Dallas Cowboys,2026-10-09T00:15:00Z,650,
Tyler Goodson,anytime_td,0.5,draftkings,Tampa Bay Buccaneers @ Dallas Cowboys,2026-10-09T00:15:00Z,650,
Brevyn Spann-Ford,anytime_td,0.5,draftkings,Tampa Bay Buccaneers @ Dallas Cowboys,2026-10-09T00:15:00Z,700,
KaVontae Turpin,anytime_td,0.5,draftkings,Tampa Bay Buccaneers @ Dallas Cowboys,2026-10-09T00:15:00Z,900,
Luke Schoonmaker,anytime_td,0.5,draftkings,Tampa Bay Buccaneers @ Dallas Cowboys,2026-10-09T00:15:00Z,900,
Hunter Luepke,anytime_td,0.5,draftkings,Tampa Bay Buccaneers @ Dallas Cowboys,2026-10-09T00:15:00Z,1000,
Jonathan Mingo,anytime_td,0.5,draftkings,Tampa Bay Buccaneers @ Dallas Cowboys,2026-10-09T00:15:00Z,2000,
Kameron Johnson,anytime_td,0.5,draftkings,Tampa Bay Buccaneers @ Dallas Cowboys,2026-10-09T00:15:00Z,2000,
Payne Durham,anytime_td,0.5,draftkings,Tampa Bay Buccaneers @ Dallas Cowboys,2026-10-09T00:15:00Z,3500,
Ko Kieft,anytime_td,0.5,draftkings,Tampa Bay Buccaneers @ Dallas Cowboys,2026-10-09T00:15:00Z,4500,
Bauer Sharp,anytime_td,0.5,draftkings,Tampa Bay Buccaneers @ Dallas Cowboys,2026-10-09T00:15:00Z,5000,
Dak Prescott,pass_yds,271.5,draftkings,Tampa Bay Buccaneers @ Dallas Cowboys,2026-10-09T00:15:00Z,-112,-112
Jalon Daniels,pass_yds,183.5,draftkings,Tampa Bay Buccaneers @ Dallas Cowboys,2026-10-09T00:15:00Z,-112,-112
CeeDee Lamb,rec_yds,84.5,draftkings,Tampa Bay Buccaneers @ Dallas Cowboys,2026-10-09T00:15:00Z,-114,-110
George Pickens,rec_yds,65.5,draftkings,Tampa Bay Buccaneers @ Dallas Cowboys,2026-10-09T00:15:00Z,-110,-114
Chris Godwin,rec_yds,35.5,draftkings,Tampa Bay Buccaneers @ Dallas Cowboys,2026-10-09T00:15:00Z,-109,-115
Emeka Egbuka,rec_yds,35.5,draftkings,Tampa Bay Buccaneers @ Dallas Cowboys,2026-10-09T00:15:00Z,-109,-115
Ryan Flournoy,rec_yds,30.5,draftkings,Tampa Bay Buccaneers @ Dallas Cowboys,2026-10-09T00:15:00Z,-114,-110
Cade Otton,rec_yds,30.5,draftkings,Tampa Bay Buccaneers @ Dallas Cowboys,2026-10-09T00:15:00Z,-108,-116
Jake Ferguson,rec_yds,25.5,draftkings,Tampa Bay Buccaneers @ Dallas Cowboys,2026-10-09T00:15:00Z,-115,-109
Ted Hurst III,rec_yds,15.5,draftkings,Tampa Bay Buccaneers @ Dallas Cowboys,2026-10-09T00:15:00Z,-114,-110
Javonte Williams,rec_yds,14.5,draftkings,Tampa Bay Buccaneers @ Dallas Cowboys,2026-10-09T00:15:00Z,-110,-114
Bucky Irving,rec_yds,13.5,draftkings,Tampa Bay Buccaneers @ Dallas Cowboys,2026-10-09T00:15:00Z,-107,-118
Tez Johnson,rec_yds,12.5,draftkings,Tampa Bay Buccaneers @ Dallas Cowboys,2026-10-09T00:15:00Z,-114,-110
Kenny Gainwell,rec_yds,10.5,draftkings,Tampa Bay Buccaneers @ Dallas Cowboys,2026-10-09T00:15:00Z,-112,-112
Brevyn Spann-Ford,rec_yds,5.5,draftkings,Tampa Bay Buccaneers @ Dallas Cowboys,2026-10-09T00:15:00Z,-112,-112
KaVontae Turpin,rec_yds,0.5,draftkings,Tampa Bay Buccaneers @ Dallas Cowboys,2026-10-09T00:15:00Z,-103,-122
CeeDee Lamb,receptions,6.5,draftkings,Tampa Bay Buccaneers @ Dallas Cowboys,2026-10-09T00:15:00Z,-112,-114
George Pickens,receptions,4.5,draftkings,Tampa Bay Buccaneers @ Dallas Cowboys,2026-10-09T00:15:00Z,-137,107
Chris Godwin,receptions,3.5,draftkings,Tampa Bay Buccaneers @ Dallas Cowboys,2026-10-09T00:15:00Z,-143,112
Cade Otton,receptions,3.5,draftkings,Tampa Bay Buccaneers @ Dallas Cowboys,2026-10-09T00:15:00Z,-107,-119
Jake Ferguson,receptions,3.5,draftkings,Tampa Bay Buccaneers @ Dallas Cowboys,2026-10-09T00:15:00Z,109,-140
Emeka Egbuka,receptions,3.5,draftkings,Tampa Bay Buccaneers @ Dallas Cowboys,2026-10-09T00:15:00Z,114,-145
Ryan Flournoy,receptions,3.5,draftkings,Tampa Bay Buccaneers @ Dallas Cowboys,2026-10-09T00:15:00Z,128,-164
Javonte Williams,receptions,2.5,draftkings,Tampa Bay Buccaneers @ Dallas Cowboys,2026-10-09T00:15:00Z,-129,101
Bucky Irving,receptions,2.5,draftkings,Tampa Bay Buccaneers @ Dallas Cowboys,2026-10-09T00:15:00Z,135,-173
Kenny Gainwell,receptions,1.5,draftkings,Tampa Bay Buccaneers @ Dallas Cowboys,2026-10-09T00:15:00Z,-141,110
Ted Hurst III,receptions,1.5,draftkings,Tampa Bay Buccaneers @ Dallas Cowboys,2026-10-09T00:15:00Z,103,-132
Tez Johnson,receptions,1.5,draftkings,Tampa Bay Buccaneers @ Dallas Cowboys,2026-10-09T00:15:00Z,133,-170
Brevyn Spann-Ford,receptions,0.5,draftkings,Tampa Bay Buccaneers @ Dallas Cowboys,2026-10-09T00:15:00Z,-137,108
KaVontae Turpin,receptions,0.5,draftkings,Tampa Bay Buccaneers @ Dallas Cowboys,2026-10-09T00:15:00Z,-105,-121
Javonte Williams,rush_yds,67.5,draftkings,Tampa Bay Buccaneers @ Dallas Cowboys,2026-10-09T00:15:00Z,-111,-113
Bucky Irving,rush_yds,55.5,draftkings,Tampa Bay Buccaneers @ Dallas Cowboys,2026-10-09T00:15:00Z,-111,-114
Jalon Daniels,rush_yds,42.5,draftkings,Tampa Bay Buccaneers @ Dallas Cowboys,2026-10-09T00:15:00Z,-114,-110
Tyler Goodson,rush_yds,13.5,draftkings,Tampa Bay Buccaneers @ Dallas Cowboys,2026-10-09T00:15:00Z,-116,-108
Kenny Gainwell,rush_yds,12.5,draftkings,Tampa Bay Buccaneers @ Dallas Cowboys,2026-10-09T00:15:00Z,-112,-112
Dak Prescott,rush_yds,9.5,draftkings,Tampa Bay Buccaneers @ Dallas Cowboys,2026-10-09T00:15:00Z,-116,-109
Sean Tucker,rush_yds,9.5,draftkings,Tampa Bay Buccaneers @ Dallas Cowboys,2026-10-09T00:15:00Z,-112,-112
Javonte Williams,anytime_td,0.5,fanduel,Tampa Bay Buccaneers @ Dallas Cowboys,2026-10-09T00:15:00Z,-220,
CeeDee Lamb,anytime_td,0.5,fanduel,Tampa Bay Buccaneers @ Dallas Cowboys,2026-10-09T00:15:00Z,-120,
George Pickens,anytime_td,0.5,fanduel,Tampa Bay Buccaneers @ Dallas Cowboys,2026-10-09T00:15:00Z,110,
Bucky Irving,anytime_td,0.5,fanduel,Tampa Bay Buccaneers @ Dallas Cowboys,2026-10-09T00:15:00Z,190,
Jake Ferguson,anytime_td,0.5,fanduel,Tampa Bay Buccaneers @ Dallas Cowboys,2026-10-09T00:15:00Z,210,
Emeka Egbuka,anytime_td,0.5,fanduel,Tampa Bay Buccaneers @ Dallas Cowboys,2026-10-09T00:15:00Z,250,
Jalon Daniels,anytime_td,0.5,fanduel,Tampa Bay Buccaneers @ Dallas Cowboys,2026-10-09T00:15:00Z,260,
Ryan Flournoy,anytime_td,0.5,fanduel,Tampa Bay Buccaneers @ Dallas Cowboys,2026-10-09T00:15:00Z,310,
Sean Tucker,anytime_td,0.5,fanduel,Tampa Bay Buccaneers @ Dallas Cowboys,2026-10-09T00:15:00Z,340,
Chris Godwin,anytime_td,0.5,fanduel,Tampa Bay Buccaneers @ Dallas Cowboys,2026-10-09T00:15:00Z,380,
Dallas Cowboys Defense,anytime_td,0.5,fanduel,Tampa Bay Buccaneers @ Dallas Cowboys,2026-10-09T00:15:00Z,440,
Cade Otton,anytime_td,0.5,fanduel,Tampa Bay Buccaneers @ Dallas Cowboys,2026-10-09T00:15:00Z,460,
Kenny Gainwell,anytime_td,0.5,fanduel,Tampa Bay Buccaneers @ Dallas Cowboys,2026-10-09T00:15:00Z,460,
Dak Prescott,anytime_td,0.5,fanduel,Tampa Bay Buccaneers @ Dallas Cowboys,2026-10-09T00:15:00Z,490,
Ted Hurst III,anytime_td,0.5,fanduel,Tampa Bay Buccaneers @ Dallas Cowboys,2026-10-09T00:15:00Z,500,
Tyler Goodson,anytime_td,0.5,fanduel,Tampa Bay Buccaneers @ Dallas Cowboys,2026-10-09T00:15:00Z,650,
Tez Johnson,anytime_td,0.5,fanduel,Tampa Bay Buccaneers @ Dallas Cowboys,2026-10-09T00:15:00Z,700,
Brevyn Spann-Ford,anytime_td,0.5,fanduel,Tampa Bay Buccaneers @ Dallas Cowboys,2026-10-09T00:15:00Z,750,
Tampa Bay Buccaneers Defense,anytime_td,0.5,fanduel,Tampa Bay Buccaneers @ Dallas Cowboys,2026-10-09T00:15:00Z,750,
KaVontae Turpin,anytime_td,0.5,fanduel,Tampa Bay Buccaneers @ Dallas Cowboys,2026-10-09T00:15:00Z,850,
Luke Schoonmaker,anytime_td,0.5,fanduel,Tampa Bay Buccaneers @ Dallas Cowboys,2026-10-09T00:15:00Z,850,
Hunter Luepke,anytime_td,0.5,fanduel,Tampa Bay Buccaneers @ Dallas Cowboys,2026-10-09T00:15:00Z,1000,
Kameron Johnson,anytime_td,0.5,fanduel,Tampa Bay Buccaneers @ Dallas Cowboys,2026-10-09T00:15:00Z,2000,
Jonathan Mingo,anytime_td,0.5,fanduel,Tampa Bay Buccaneers @ Dallas Cowboys,2026-10-09T00:15:00Z,2200,
Payne Durham,anytime_td,0.5,fanduel,Tampa Bay Buccaneers @ Dallas Cowboys,2026-10-09T00:15:00Z,3300,
Bauer Sharp,anytime_td,0.5,fanduel,Tampa Bay Buccaneers @ Dallas Cowboys,2026-10-09T00:15:00Z,3500,
Ko Kieft,anytime_td,0.5,fanduel,Tampa Bay Buccaneers @ Dallas Cowboys,2026-10-09T00:15:00Z,5000,
Dak Prescott,pass_yds,268.5,fanduel,Tampa Bay Buccaneers @ Dallas Cowboys,2026-10-09T00:15:00Z,-113,-113
Jalon Daniels,pass_yds,182.5,fanduel,Tampa Bay Buccaneers @ Dallas Cowboys,2026-10-09T00:15:00Z,-113,-113
Ted Hurst III,rec_yds,16.5,fanduel,Tampa Bay Buccaneers @ Dallas Cowboys,2026-10-09T00:15:00Z,-113,-113
Tez Johnson,rec_yds,12.5,fanduel,Tampa Bay Buccaneers @ Dallas Cowboys,2026-10-09T00:15:00Z,-113,-113
Javonte Williams,rec_yds,14.5,fanduel,Tampa Bay Buccaneers @ Dallas Cowboys,2026-10-09T00:15:00Z,-113,-113
Cade Otton,rec_yds,29.5,fanduel,Tampa Bay Buccaneers @ Dallas Cowboys,2026-10-09T00:15:00Z,-113,-113
Jake Ferguson,rec_yds,26.5,fanduel,Tampa Bay Buccaneers @ Dallas Cowboys,2026-10-09T00:15:00Z,-113,-113
Ryan Flournoy,rec_yds,31.5,fanduel,Tampa Bay Buccaneers @ Dallas Cowboys,2026-10-09T00:15:00Z,-113,-113
Emeka Egbuka,rec_yds,35.5,fanduel,Tampa Bay Buccaneers @ Dallas Cowboys,2026-10-09T00:15:00Z,-113,-113
KaVontae Turpin,rec_yds,3.5,fanduel,Tampa Bay Buccaneers @ Dallas Cowboys,2026-10-09T00:15:00Z,102,-130
CeeDee Lamb,rec_yds,83.5,fanduel,Tampa Bay Buccaneers @ Dallas Cowboys,2026-10-09T00:15:00Z,-113,-113
Bucky Irving,rec_yds,13.5,fanduel,Tampa Bay Buccaneers @ Dallas Cowboys,2026-10-09T00:15:00Z,-113,-113
Brevyn Spann-Ford,rec_yds,4.5,fanduel,Tampa Bay Buccaneers @ Dallas Cowboys,2026-10-09T00:15:00Z,-120,-106
Kenny Gainwell,rec_yds,12.5,fanduel,Tampa Bay Buccaneers @ Dallas Cowboys,2026-10-09T00:15:00Z,-113,-113
Chris Godwin,rec_yds,31.5,fanduel,Tampa Bay Buccaneers @ Dallas Cowboys,2026-10-09T00:15:00Z,-113,-113
George Pickens,rec_yds,65.5,fanduel,Tampa Bay Buccaneers @ Dallas Cowboys,2026-10-09T00:15:00Z,-113,-113
Bucky Irving,receptions,2.5,fanduel,Tampa Bay Buccaneers @ Dallas Cowboys,2026-10-09T00:15:00Z,118,-158
Tez Johnson,receptions,1.5,fanduel,Tampa Bay Buccaneers @ Dallas Cowboys,2026-10-09T00:15:00Z,134,-180
Emeka Egbuka,receptions,2.5,fanduel,Tampa Bay Buccaneers @ Dallas Cowboys,2026-10-09T00:15:00Z,-198,146
Kenny Gainwell,receptions,1.5,fanduel,Tampa Bay Buccaneers @ Dallas Cowboys,2026-10-09T00:15:00Z,-172,128
Javonte Williams,receptions,2.5,fanduel,Tampa Bay Buccaneers @ Dallas Cowboys,2026-10-09T00:15:00Z,-130,-102
KaVontae Turpin,receptions,0.5,fanduel,Tampa Bay Buccaneers @ Dallas Cowboys,2026-10-09T00:15:00Z,-108,-122
CeeDee Lamb,receptions,6.5,fanduel,Tampa Bay Buccaneers @ Dallas Cowboys,2026-10-09T00:15:00Z,-102,-130
Jake Ferguson,receptions,3.5,fanduel,Tampa Bay Buccaneers @ Dallas Cowboys,2026-10-09T00:15:00Z,102,-136
Ryan Flournoy,receptions,3.5,fanduel,Tampa Bay Buccaneers @ Dallas Cowboys,2026-10-09T00:15:00Z,112,-148
Ted Hurst III,receptions,1.5,fanduel,Tampa Bay Buccaneers @ Dallas Cowboys,2026-10-09T00:15:00Z,-102,-130
Cade Otton,receptions,3.5,fanduel,Tampa Bay Buccaneers @ Dallas Cowboys,2026-10-09T00:15:00Z,102,-136
George Pickens,receptions,4.5,fanduel,Tampa Bay Buccaneers @ Dallas Cowboys,2026-10-09T00:15:00Z,-122,-106
Chris Godwin,receptions,3.5,fanduel,Tampa Bay Buccaneers @ Dallas Cowboys,2026-10-09T00:15:00Z,-138,104
Kenny Gainwell,rush_yds,12.5,fanduel,Tampa Bay Buccaneers @ Dallas Cowboys,2026-10-09T00:15:00Z,-113,-113
Tyler Goodson,rush_yds,13.5,fanduel,Tampa Bay Buccaneers @ Dallas Cowboys,2026-10-09T00:15:00Z,-113,-113
Sean Tucker,rush_yds,9.5,fanduel,Tampa Bay Buccaneers @ Dallas Cowboys,2026-10-09T00:15:00Z,-113,-113
Dak Prescott,rush_yds,9.5,fanduel,Tampa Bay Buccaneers @ Dallas Cowboys,2026-10-09T00:15:00Z,-113,-113
Jalon Daniels,rush_yds,43.5,fanduel,Tampa Bay Buccaneers @ Dallas Cowboys,2026-10-09T00:15:00Z,-113,-113
Bucky Irving,rush_yds,52.5,fanduel,Tampa Bay Buccaneers @ Dallas Cowboys,2026-10-09T00:15:00Z,-113,-113
Javonte Williams,rush_yds,66.5,fanduel,Tampa Bay Buccaneers @ Dallas Cowboys,2026-10-09T00:15:00Z,-113,-113
Payne Durham,anytime_td,0.5,betmgm,Tampa Bay Buccaneers @ Dallas Cowboys,2026-10-09T00:15:00Z,3500,
KaVontae Turpin,anytime_td,0.5,betmgm,Tampa Bay Buccaneers @ Dallas Cowboys,2026-10-09T00:15:00Z,950,
Brevyn Spann-Ford,anytime_td,0.5,betmgm,Tampa Bay Buccaneers @ Dallas Cowboys,2026-10-09T00:15:00Z,850,
Jonathan Mingo,anytime_td,0.5,betmgm,Tampa Bay Buccaneers @ Dallas Cowboys,2026-10-09T00:15:00Z,2200,
Jalon Daniels,anytime_td,0.5,betmgm,Tampa Bay Buccaneers @ Dallas Cowboys,2026-10-09T00:15:00Z,290,
George Pickens,anytime_td,0.5,betmgm,Tampa Bay Buccaneers @ Dallas Cowboys,2026-10-09T00:15:00Z,120,
Kameron Johnson,anytime_td,0.5,betmgm,Tampa Bay Buccaneers @ Dallas Cowboys,2026-10-09T00:15:00Z,2500,
Jake Ferguson,anytime_td,0.5,betmgm,Tampa Bay Buccaneers @ Dallas Cowboys,2026-10-09T00:15:00Z,225,
Hunter Luepke,anytime_td,0.5,betmgm,Tampa Bay Buccaneers @ Dallas Cowboys,2026-10-09T00:15:00Z,1050,
Cade Otton,anytime_td,0.5,betmgm,Tampa Bay Buccaneers @ Dallas Cowboys,2026-10-09T00:15:00Z,475,
Ted Hurst III,anytime_td,0.5,betmgm,Tampa Bay Buccaneers @ Dallas Cowboys,2026-10-09T00:15:00Z,525,
Dak Prescott,anytime_td,0.5,betmgm,Tampa Bay Buccaneers @ Dallas Cowboys,2026-10-09T00:15:00Z,500,
CeeDee Lamb,anytime_td,0.5,betmgm,Tampa Bay Buccaneers @ Dallas Cowboys,2026-10-09T00:15:00Z,-111,
Luke Schoonmaker,anytime_td,0.5,betmgm,Tampa Bay Buccaneers @ Dallas Cowboys,2026-10-09T00:15:00Z,1150,
Tez Johnson,anytime_td,0.5,betmgm,Tampa Bay Buccaneers @ Dallas Cowboys,2026-10-09T00:15:00Z,700,
Sean Tucker,anytime_td,0.5,betmgm,Tampa Bay Buccaneers @ Dallas Cowboys,2026-10-09T00:15:00Z,380,
Bucky Irving,anytime_td,0.5,betmgm,Tampa Bay Buccaneers @ Dallas Cowboys,2026-10-09T00:15:00Z,200,
Chris Godwin,anytime_td,0.5,betmgm,Tampa Bay Buccaneers @ Dallas Cowboys,2026-10-09T00:15:00Z,450,
Bauer Sharp,anytime_td,0.5,betmgm,Tampa Bay Buccaneers @ Dallas Cowboys,2026-10-09T00:15:00Z,4000,
Kenny Gainwell,anytime_td,0.5,betmgm,Tampa Bay Buccaneers @ Dallas Cowboys,2026-10-09T00:15:00Z,400,
Emeka Egbuka,anytime_td,0.5,betmgm,Tampa Bay Buccaneers @ Dallas Cowboys,2026-10-09T00:15:00Z,290,
Ryan Flournoy,anytime_td,0.5,betmgm,Tampa Bay Buccaneers @ Dallas Cowboys,2026-10-09T00:15:00Z,300,
Tyler Goodson,anytime_td,0.5,betmgm,Tampa Bay Buccaneers @ Dallas Cowboys,2026-10-09T00:15:00Z,650,
Javonte Williams,anytime_td,0.5,betmgm,Tampa Bay Buccaneers @ Dallas Cowboys,2026-10-09T00:15:00Z,-190,
Dallas Cowboys D/ST,anytime_td,0.5,betmgm,Tampa Bay Buccaneers @ Dallas Cowboys,2026-10-09T00:15:00Z,450,
Tampa Bay Buccaneers D/ST,anytime_td,0.5,betmgm,Tampa Bay Buccaneers @ Dallas Cowboys,2026-10-09T00:15:00Z,650,
Dak Prescott,pass_yds,270.5,betmgm,Tampa Bay Buccaneers @ Dallas Cowboys,2026-10-09T00:15:00Z,-115,-115
Jalon Daniels,pass_yds,181.5,betmgm,Tampa Bay Buccaneers @ Dallas Cowboys,2026-10-09T00:15:00Z,-140,105
Jake Ferguson,rec_yds,25.5,betmgm,Tampa Bay Buccaneers @ Dallas Cowboys,2026-10-09T00:15:00Z,-120,-110
Ryan Flournoy,rec_yds,32.5,betmgm,Tampa Bay Buccaneers @ Dallas Cowboys,2026-10-09T00:15:00Z,-115,-115
Javonte Williams,rec_yds,15.5,betmgm,Tampa Bay Buccaneers @ Dallas Cowboys,2026-10-09T00:15:00Z,-111,-120
Tez Johnson,rec_yds,13.5,betmgm,Tampa Bay Buccaneers @ Dallas Cowboys,2026-10-09T00:15:00Z,-125,-105
George Pickens,rec_yds,63.5,betmgm,Tampa Bay Buccaneers @ Dallas Cowboys,2026-10-09T00:15:00Z,-135,100
Kenny Gainwell,rec_yds,11.5,betmgm,Tampa Bay Buccaneers @ Dallas Cowboys,2026-10-09T00:15:00Z,-120,-111
Brevyn Spann-Ford,rec_yds,4.5,betmgm,Tampa Bay Buccaneers @ Dallas Cowboys,2026-10-09T00:15:00Z,-120,-111
CeeDee Lamb,rec_yds,83.5,betmgm,Tampa Bay Buccaneers @ Dallas Cowboys,2026-10-09T00:15:00Z,-115,-115
Cade Otton,rec_yds,30.5,betmgm,Tampa Bay Buccaneers @ Dallas Cowboys,2026-10-09T00:15:00Z,-120,-110
Ted Hurst III,rec_yds,17.5,betmgm,Tampa Bay Buccaneers @ Dallas Cowboys,2026-10-09T00:15:00Z,-111,-118
Bucky Irving,rec_yds,12.5,betmgm,Tampa Bay Buccaneers @ Dallas Cowboys,2026-10-09T00:15:00Z,-115,-115
Emeka Egbuka,rec_yds,38.5,betmgm,Tampa Bay Buccaneers @ Dallas Cowboys,2026-10-09T00:15:00Z,-115,-115
Chris Godwin,rec_yds,32.5,betmgm,Tampa Bay Buccaneers @ Dallas Cowboys,2026-10-09T00:15:00Z,-115,-115
Jake Ferguson,receptions,3.5,betmgm,Tampa Bay Buccaneers @ Dallas Cowboys,2026-10-09T00:15:00Z,110,-150
CeeDee Lamb,receptions,6.5,betmgm,Tampa Bay Buccaneers @ Dallas Cowboys,2026-10-09T00:15:00Z,-105,-125
George Pickens,receptions,4.5,betmgm,Tampa Bay Buccaneers @ Dallas Cowboys,2026-10-09T00:15:00Z,-130,-105
Javonte Williams,receptions,2.5,betmgm,Tampa Bay Buccaneers @ Dallas Cowboys,2026-10-09T00:15:00Z,-130,-105
Bucky Irving,receptions,2.5,betmgm,Tampa Bay Buccaneers @ Dallas Cowboys,2026-10-09T00:15:00Z,105,-140
Ted Hurst III,receptions,1.5,betmgm,Tampa Bay Buccaneers @ Dallas Cowboys,2026-10-09T00:15:00Z,-105,-125
Tez Johnson,receptions,1.5,betmgm,Tampa Bay Buccaneers @ Dallas Cowboys,2026-10-09T00:15:00Z,115,-155
Chris Godwin,receptions,3.5,betmgm,Tampa Bay Buccaneers @ Dallas Cowboys,2026-10-09T00:15:00Z,-150,110
Cade Otton,receptions,3.5,betmgm,Tampa Bay Buccaneers @ Dallas Cowboys,2026-10-09T00:15:00Z,-115,-115
Emeka Egbuka,receptions,3.5,betmgm,Tampa Bay Buccaneers @ Dallas Cowboys,2026-10-09T00:15:00Z,120,-160
Ryan Flournoy,receptions,3.5,betmgm,Tampa Bay Buccaneers @ Dallas Cowboys,2026-10-09T00:15:00Z,110,-150
Kenny Gainwell,receptions,1.5,betmgm,Tampa Bay Buccaneers @ Dallas Cowboys,2026-10-09T00:15:00Z,-185,135
Kenny Gainwell,rush_yds,12.5,betmgm,Tampa Bay Buccaneers @ Dallas Cowboys,2026-10-09T00:15:00Z,-110,-120
Bucky Irving,rush_yds,53.5,betmgm,Tampa Bay Buccaneers @ Dallas Cowboys,2026-10-09T00:15:00Z,-115,-115
Dak Prescott,rush_yds,9.5,betmgm,Tampa Bay Buccaneers @ Dallas Cowboys,2026-10-09T00:15:00Z,-120,-110
Jalon Daniels,rush_yds,42.5,betmgm,Tampa Bay Buccaneers @ Dallas Cowboys,2026-10-09T00:15:00Z,-125,-105
Tyler Goodson,rush_yds,16.5,betmgm,Tampa Bay Buccaneers @ Dallas Cowboys,2026-10-09T00:15:00Z,100,-135
Javonte Williams,rush_yds,65.5,betmgm,Tampa Bay Buccaneers @ Dallas Cowboys,2026-10-09T00:15:00Z,-115,-115
Bhayshul Tuten,anytime_td,0.5,draftkings,Philadelphia Eagles @ Jacksonville Jaguars,2026-10-11T13:30:00Z,-110,
Parker Washington,anytime_td,0.5,draftkings,Philadelphia Eagles @ Jacksonville Jaguars,2026-10-11T13:30:00Z,140,
Jalen Hurts,anytime_td,0.5,draftkings,Philadelphia Eagles @ Jacksonville Jaguars,2026-10-11T13:30:00Z,210,
Will Shipley,anytime_td,0.5,draftkings,Philadelphia Eagles @ Jacksonville Jaguars,2026-10-11T13:30:00Z,265,
Jakobi Meyers,anytime_td,0.5,draftkings,Philadelphia Eagles @ Jacksonville Jaguars,2026-10-11T13:30:00Z,275,
Brenton Strange,anytime_td,0.5,draftkings,Philadelphia Eagles @ Jacksonville Jaguars,2026-10-11T13:30:00Z,290,
Trevor Lawrence,anytime_td,0.5,draftkings,Philadelphia Eagles @ Jacksonville Jaguars,2026-10-11T13:30:00Z,295,
Chris Rodriguez Jr.,anytime_td,0.5,draftkings,Philadelphia Eagles @ Jacksonville Jaguars,2026-10-11T13:30:00Z,330,
Dallas Goedert,anytime_td,0.5,draftkings,Philadelphia Eagles @ Jacksonville Jaguars,2026-10-11T13:30:00Z,330,
Dontayvion Wicks,anytime_td,0.5,draftkings,Philadelphia Eagles @ Jacksonville Jaguars,2026-10-11T13:30:00Z,350,
Brian Thomas Jr,anytime_td,0.5,draftkings,Philadelphia Eagles @ Jacksonville Jaguars,2026-10-11T13:30:00Z,370,
Makai Lemon,anytime_td,0.5,draftkings,Philadelphia Eagles @ Jacksonville Jaguars,2026-10-11T13:30:00Z,400,
Darius Cooper,anytime_td,0.5,draftkings,Philadelphia Eagles @ Jacksonville Jaguars,2026-10-11T13:30:00Z,450,
Jacksonville Jaguars D/ST,anytime_td,0.5,draftkings,Philadelphia Eagles @ Jacksonville Jaguars,2026-10-11T13:30:00Z,475,
Philadelphia Eagles D/ST,anytime_td,0.5,draftkings,Philadelphia Eagles @ Jacksonville Jaguars,2026-10-11T13:30:00Z,550,
Dameon Pierce,anytime_td,0.5,draftkings,Philadelphia Eagles @ Jacksonville Jaguars,2026-10-11T13:30:00Z,550,
Josh Cameron,anytime_td,0.5,draftkings,Philadelphia Eagles @ Jacksonville Jaguars,2026-10-11T13:30:00Z,750,
Zach Ertz,anytime_td,0.5,draftkings,Philadelphia Eagles @ Jacksonville Jaguars,2026-10-11T13:30:00Z,750,
Nate Boerkircher,anytime_td,0.5,draftkings,Philadelphia Eagles @ Jacksonville Jaguars,2026-10-11T13:30:00Z,900,
Johnny Mundt,anytime_td,0.5,draftkings,Philadelphia Eagles @ Jacksonville Jaguars,2026-10-11T13:30:00Z,1100,
Ameer Abdullah,anytime_td,0.5,draftkings,Philadelphia Eagles @ Jacksonville Jaguars,2026-10-11T13:30:00Z,1200,
LeQuint Allen Jr.,anytime_td,0.5,draftkings,Philadelphia Eagles @ Jacksonville Jaguars,2026-10-11T13:30:00Z,1300,
Elijah Moore,anytime_td,0.5,draftkings,Philadelphia Eagles @ Jacksonville Jaguars,2026-10-11T13:30:00Z,1500,
Quintin Morris,anytime_td,0.5,draftkings,Philadelphia Eagles @ Jacksonville Jaguars,2026-10-11T13:30:00Z,1800,
Tanner Koziol,anytime_td,0.5,draftkings,Philadelphia Eagles @ Jacksonville Jaguars,2026-10-11T13:30:00Z,2000,
Travis Hunter,anytime_td,0.5,draftkings,Philadelphia Eagles @ Jacksonville Jaguars,2026-10-11T13:30:00Z,2200,
Britain Covey,anytime_td,0.5,draftkings,Philadelphia Eagles @ Jacksonville Jaguars,2026-10-11T13:30:00Z,2200,
CJ Williams,anytime_td,0.5,draftkings,Philadelphia Eagles @ Jacksonville Jaguars,2026-10-11T13:30:00Z,2500,
Josiah Deguara,anytime_td,0.5,draftkings,Philadelphia Eagles @ Jacksonville Jaguars,2026-10-11T13:30:00Z,3500,
E.J. Jenkins,anytime_td,0.5,draftkings,Philadelphia Eagles @ Jacksonville Jaguars,2026-10-11T13:30:00Z,4000,
Trevor Lawrence,pass_yds,226.5,draftkings,Philadelphia Eagles @ Jacksonville Jaguars,2026-10-11T13:30:00Z,-113,-111
Jalen Hurts,pass_yds,187.5,draftkings,Philadelphia Eagles @ Jacksonville Jaguars,2026-10-11T13:30:00Z,-111,-113
Parker Washington,rec_yds,62.5,draftkings,Philadelphia Eagles @ Jacksonville Jaguars,2026-10-11T13:30:00Z,-112,-112
Jakobi Meyers,rec_yds,42.5,draftkings,Philadelphia Eagles @ Jacksonville Jaguars,2026-10-11T13:30:00Z,-110,-114
Brenton Strange,rec_yds,34.5,draftkings,Philadelphia Eagles @ Jacksonville Jaguars,2026-10-11T13:30:00Z,-111,-113
Brian Thomas Jr,rec_yds,23.5,draftkings,Philadelphia Eagles @ Jacksonville Jaguars,2026-10-11T13:30:00Z,-116,-108
Josh Cameron,rec_yds,10.5,draftkings,Philadelphia Eagles @ Jacksonville Jaguars,2026-10-11T13:30:00Z,-117,-107
Bhayshul Tuten,rec_yds,9.5,draftkings,Philadelphia Eagles @ Jacksonville Jaguars,2026-10-11T13:30:00Z,-115,-109
Parker Washington,receptions,4.5,draftkings,Philadelphia Eagles @ Jacksonville Jaguars,2026-10-11T13:30:00Z,-129,101
Jakobi Meyers,receptions,3.5,draftkings,Philadelphia Eagles @ Jacksonville Jaguars,2026-10-11T13:30:00Z,-119,-107
Brenton Strange,receptions,3.5,draftkings,Philadelphia Eagles @ Jacksonville Jaguars,2026-10-11T13:30:00Z,107,-137
Will Shipley,receptions,2.5,draftkings,Philadelphia Eagles @ Jacksonville Jaguars,2026-10-11T13:30:00Z,-109,-117
Brian Thomas Jr,receptions,2.5,draftkings,Philadelphia Eagles @ Jacksonville Jaguars,2026-10-11T13:30:00Z,151,-194
Bhayshul Tuten,receptions,1.5,draftkings,Philadelphia Eagles @ Jacksonville Jaguars,2026-10-11T13:30:00Z,-107,-119
Josh Cameron,receptions,1.5,draftkings,Philadelphia Eagles @ Jacksonville Jaguars,2026-10-11T13:30:00Z,135,-172
Bhayshul Tuten,rush_yds,67.5,draftkings,Philadelphia Eagles @ Jacksonville Jaguars,2026-10-11T13:30:00Z,-110,-114
Will Shipley,rush_yds,35.5,draftkings,Philadelphia Eagles @ Jacksonville Jaguars,2026-10-11T13:30:00Z,-111,-113
Chris Rodriguez Jr.,rush_yds,28.5,draftkings,Philadelphia Eagles @ Jacksonville Jaguars,2026-10-11T13:30:00Z,-109,-115
Jalen Hurts,rush_yds,26.5,draftkings,Philadelphia Eagles @ Jacksonville Jaguars,2026-10-11T13:30:00Z,-113,-111
Trevor Lawrence,rush_yds,15.5,draftkings,Philadelphia Eagles @ Jacksonville Jaguars,2026-10-11T13:30:00Z,-108,-117
Bhayshul Tuten,anytime_td,0.5,fanduel,Philadelphia Eagles @ Jacksonville Jaguars,2026-10-11T13:30:00Z,-105,
Parker Washington,anytime_td,0.5,fanduel,Philadelphia Eagles @ Jacksonville Jaguars,2026-10-11T13:30:00Z,145,
Jalen Hurts,anytime_td,0.5,fanduel,Philadelphia Eagles @ Jacksonville Jaguars,2026-10-11T13:30:00Z,195,
Will Shipley,anytime_td,0.5,fanduel,Philadelphia Eagles @ Jacksonville Jaguars,2026-10-11T13:30:00Z,260,
Jakobi Meyers,anytime_td,0.5,fanduel,Philadelphia Eagles @ Jacksonville Jaguars,2026-10-11T13:30:00Z,270,
Dallas Goedert,anytime_td,0.5,fanduel,Philadelphia Eagles @ Jacksonville Jaguars,2026-10-11T13:30:00Z,280,
Brenton Strange,anytime_td,0.5,fanduel,Philadelphia Eagles @ Jacksonville Jaguars,2026-10-11T13:30:00Z,290,
Trevor Lawrence,anytime_td,0.5,fanduel,Philadelphia Eagles @ Jacksonville Jaguars,2026-10-11T13:30:00Z,310,
Chris Rodriguez Jr.,anytime_td,0.5,fanduel,Philadelphia Eagles @ Jacksonville Jaguars,2026-10-11T13:30:00Z,320,
Dontayvion Wicks,anytime_td,0.5,fanduel,Philadelphia Eagles @ Jacksonville Jaguars,2026-10-11T13:30:00Z,320,
Makai Lemon,anytime_td,0.5,fanduel,Philadelphia Eagles @ Jacksonville Jaguars,2026-10-11T13:30:00Z,320,
Brian Thomas Jr,anytime_td,0.5,fanduel,Philadelphia Eagles @ Jacksonville Jaguars,2026-10-11T13:30:00Z,350,
Darius Cooper,anytime_td,0.5,fanduel,Philadelphia Eagles @ Jacksonville Jaguars,2026-10-11T13:30:00Z,390,
Dameon Pierce,anytime_td,0.5,fanduel,Philadelphia Eagles @ Jacksonville Jaguars,2026-10-11T13:30:00Z,470,
Jacksonville Jaguars Defense,anytime_td,0.5,fanduel,Philadelphia Eagles @ Jacksonville Jaguars,2026-10-11T13:30:00Z,600,
Josh Cameron,anytime_td,0.5,fanduel,Philadelphia Eagles @ Jacksonville Jaguars,2026-10-11T13:30:00Z,750,
Nate Boerkircher,anytime_td,0.5,fanduel,Philadelphia Eagles @ Jacksonville Jaguars,2026-10-11T13:30:00Z,800,
Philadelphia Eagles Defense,anytime_td,0.5,fanduel,Philadelphia Eagles @ Jacksonville Jaguars,2026-10-11T13:30:00Z,900,
Johnny Mundt,anytime_td,0.5,fanduel,Philadelphia Eagles @ Jacksonville Jaguars,2026-10-11T13:30:00Z,950,
Elijah Moore,anytime_td,0.5,fanduel,Philadelphia Eagles @ Jacksonville Jaguars,2026-10-11T13:30:00Z,1100,
Ameer Abdullah,anytime_td,0.5,fanduel,Philadelphia Eagles @ Jacksonville Jaguars,2026-10-11T13:30:00Z,1200,
LeQuint Allen Jr.,anytime_td,0.5,fanduel,Philadelphia Eagles @ Jacksonville Jaguars,2026-10-11T13:30:00Z,1500,
Quintin Morris,anytime_td,0.5,fanduel,Philadelphia Eagles @ Jacksonville Jaguars,2026-10-11T13:30:00Z,1600,
Britain Covey,anytime_td,0.5,fanduel,Philadelphia Eagles @ Jacksonville Jaguars,2026-10-11T13:30:00Z,1800,
Travis Hunter,anytime_td,0.5,fanduel,Philadelphia Eagles @ Jacksonville Jaguars,2026-10-11T13:30:00Z,1900,
CJ Williams,anytime_td,0.5,fanduel,Philadelphia Eagles @ Jacksonville Jaguars,2026-10-11T13:30:00Z,1900,
Tanner Koziol,anytime_td,0.5,fanduel,Philadelphia Eagles @ Jacksonville Jaguars,2026-10-11T13:30:00Z,2000,
E.J. Jenkins,anytime_td,0.5,fanduel,Philadelphia Eagles @ Jacksonville Jaguars,2026-10-11T13:30:00Z,3500,
Josiah Deguara,anytime_td,0.5,fanduel,Philadelphia Eagles @ Jacksonville Jaguars,2026-10-11T13:30:00Z,3500,
Jalen Hurts,pass_yds,185.5,fanduel,Philadelphia Eagles @ Jacksonville Jaguars,2026-10-11T13:30:00Z,-114,-114
Trevor Lawrence,pass_yds,225.5,fanduel,Philadelphia Eagles @ Jacksonville Jaguars,2026-10-11T13:30:00Z,-114,-114
Jakobi Meyers,rec_yds,41.5,fanduel,Philadelphia Eagles @ Jacksonville Jaguars,2026-10-11T13:30:00Z,-114,-114
Brian Thomas Jr,rec_yds,24.5,fanduel,Philadelphia Eagles @ Jacksonville Jaguars,2026-10-11T13:30:00Z,-114,-114
Brenton Strange,rec_yds,33.5,fanduel,Philadelphia Eagles @ Jacksonville Jaguars,2026-10-11T13:30:00Z,-114,-114
Will Shipley,rec_yds,13.5,fanduel,Philadelphia Eagles @ Jacksonville Jaguars,2026-10-11T13:30:00Z,-114,-114
Bhayshul Tuten,rec_yds,9.5,fanduel,Philadelphia Eagles @ Jacksonville Jaguars,2026-10-11T13:30:00Z,-114,-114
Josh Cameron,rec_yds,12.5,fanduel,Philadelphia Eagles @ Jacksonville Jaguars,2026-10-11T13:30:00Z,-114,-114
Parker Washington,rec_yds,60.5,fanduel,Philadelphia Eagles @ Jacksonville Jaguars,2026-10-11T13:30:00Z,-114,-114
Brian Thomas Jr,receptions,2.5,fanduel,Philadelphia Eagles @ Jacksonville Jaguars,2026-10-11T13:30:00Z,134,-180
Bhayshul Tuten,receptions,1.5,fanduel,Philadelphia Eagles @ Jacksonville Jaguars,2026-10-11T13:30:00Z,-114,-114
Josh Cameron,receptions,1.5,fanduel,Philadelphia Eagles @ Jacksonville Jaguars,2026-10-11T13:30:00Z,114,-152
Brenton Strange,receptions,3.5,fanduel,Philadelphia Eagles @ Jacksonville Jaguars,2026-10-11T13:30:00Z,112,-148
Will Shipley,receptions,2.5,fanduel,Philadelphia Eagles @ Jacksonville Jaguars,2026-10-11T13:30:00Z,-108,-122
Parker Washington,receptions,4.5,fanduel,Philadelphia Eagles @ Jacksonville Jaguars,2026-10-11T13:30:00Z,-130,-102
Jakobi Meyers,receptions,3.5,fanduel,Philadelphia Eagles @ Jacksonville Jaguars,2026-10-11T13:30:00Z,-122,-106
Will Shipley,rush_yds,35.5,fanduel,Philadelphia Eagles @ Jacksonville Jaguars,2026-10-11T13:30:00Z,-114,-114
Chris Rodriguez Jr.,rush_yds,26.5,fanduel,Philadelphia Eagles @ Jacksonville Jaguars,2026-10-11T13:30:00Z,-114,-114
Jalen Hurts,rush_yds,27.5,fanduel,Philadelphia Eagles @ Jacksonville Jaguars,2026-10-11T13:30:00Z,-114,-114
Bhayshul Tuten,rush_yds,65.5,fanduel,Philadelphia Eagles @ Jacksonville Jaguars,2026-10-11T13:30:00Z,-114,-114
Trevor Lawrence,rush_yds,14.5,fanduel,Philadelphia Eagles @ Jacksonville Jaguars,2026-10-11T13:30:00Z,-114,-114
Josh Cameron,anytime_td,0.5,betmgm,Philadelphia Eagles @ Jacksonville Jaguars,2026-10-11T13:30:00Z,575,
Ameer Abdullah,anytime_td,0.5,betmgm,Philadelphia Eagles @ Jacksonville Jaguars,2026-10-11T13:30:00Z,1450,
Jakobi Meyers,anytime_td,0.5,betmgm,Philadelphia Eagles @ Jacksonville Jaguars,2026-10-11T13:30:00Z,260,
Parker Washington,anytime_td,0.5,betmgm,Philadelphia Eagles @ Jacksonville Jaguars,2026-10-11T13:30:00Z,150,
Chris Rodriguez Jr.,anytime_td,0.5,betmgm,Philadelphia Eagles @ Jacksonville Jaguars,2026-10-11T13:30:00Z,210,
Bhayshul Tuten,anytime_td,0.5,betmgm,Philadelphia Eagles @ Jacksonville Jaguars,2026-10-11T13:30:00Z,-110,
LeQuint Allen Jr.,anytime_td,0.5,betmgm,Philadelphia Eagles @ Jacksonville Jaguars,2026-10-11T13:30:00Z,1150,
Nate Boerkircher,anytime_td,0.5,betmgm,Philadelphia Eagles @ Jacksonville Jaguars,2026-10-11T13:30:00Z,1000,
Tanner Koziol,anytime_td,0.5,betmgm,Philadelphia Eagles @ Jacksonville Jaguars,2026-10-11T13:30:00Z,1850,
Darius Cooper,anytime_td,0.5,betmgm,Philadelphia Eagles @ Jacksonville Jaguars,2026-10-11T13:30:00Z,400,
Elijah Moore,anytime_td,0.5,betmgm,Philadelphia Eagles @ Jacksonville Jaguars,2026-10-11T13:30:00Z,850,
Brian Thomas Jr,anytime_td,0.5,betmgm,Philadelphia Eagles @ Jacksonville Jaguars,2026-10-11T13:30:00Z,360,
Philadelphia Eagles D/ST,anytime_td,0.5,betmgm,Philadelphia Eagles @ Jacksonville Jaguars,2026-10-11T13:30:00Z,600,
Dameon Pierce,anytime_td,0.5,betmgm,Philadelphia Eagles @ Jacksonville Jaguars,2026-10-11T13:30:00Z,525,
Britain Covey,anytime_td,0.5,betmgm,Philadelphia Eagles @ Jacksonville Jaguars,2026-10-11T13:30:00Z,2800,
Zach Ertz,anytime_td,0.5,betmgm,Philadelphia Eagles @ Jacksonville Jaguars,2026-10-11T13:30:00Z,700,
Jacksonville Jaguars D/ST,anytime_td,0.5,betmgm,Philadelphia Eagles @ Jacksonville Jaguars,2026-10-11T13:30:00Z,475,
E.J. Jenkins,anytime_td,0.5,betmgm,Philadelphia Eagles @ Jacksonville Jaguars,2026-10-11T13:30:00Z,3000,
Makai Lemon,anytime_td,0.5,betmgm,Philadelphia Eagles @ Jacksonville Jaguars,2026-10-11T13:30:00Z,390,
Johnny Mundt,anytime_td,0.5,betmgm,Philadelphia Eagles @ Jacksonville Jaguars,2026-10-11T13:30:00Z,950,
Jalen Hurts,anytime_td,0.5,betmgm,Philadelphia Eagles @ Jacksonville Jaguars,2026-10-11T13:30:00Z,188,
Dallas Goedert,anytime_td,0.5,betmgm,Philadelphia Eagles @ Jacksonville Jaguars,2026-10-11T13:30:00Z,270,
Dontayvion Wicks,anytime_td,0.5,betmgm,Philadelphia Eagles @ Jacksonville Jaguars,2026-10-11T13:30:00Z,280,
Trevor Lawrence,anytime_td,0.5,betmgm,Philadelphia Eagles @ Jacksonville Jaguars,2026-10-11T13:30:00Z,325,
Brenton Strange,anytime_td,0.5,betmgm,Philadelphia Eagles @ Jacksonville Jaguars,2026-10-11T13:30:00Z,260,
Will Shipley,anytime_td,0.5,betmgm,Philadelphia Eagles @ Jacksonville Jaguars,2026-10-11T13:30:00Z,260,
Trevor Lawrence,pass_yds,225.5,betmgm,Philadelphia Eagles @ Jacksonville Jaguars,2026-10-11T13:30:00Z,-115,-115
Jalen Hurts,pass_yds,186.5,betmgm,Philadelphia Eagles @ Jacksonville Jaguars,2026-10-11T13:30:00Z,-115,-115
Brian Thomas Jr,rec_yds,23.5,betmgm,Philadelphia Eagles @ Jacksonville Jaguars,2026-10-11T13:30:00Z,-120,-111
Josh Cameron,rec_yds,11.5,betmgm,Philadelphia Eagles @ Jacksonville Jaguars,2026-10-11T13:30:00Z,-115,-115
Bhayshul Tuten,rec_yds,9.5,betmgm,Philadelphia Eagles @ Jacksonville Jaguars,2026-10-11T13:30:00Z,-115,-115
Will Shipley,rec_yds,13.5,betmgm,Philadelphia Eagles @ Jacksonville Jaguars,2026-10-11T13:30:00Z,-120,-111
Jakobi Meyers,rec_yds,38.5,betmgm,Philadelphia Eagles @ Jacksonville Jaguars,2026-10-11T13:30:00Z,-115,-115
Parker Washington,rec_yds,59.5,betmgm,Philadelphia Eagles @ Jacksonville Jaguars,2026-10-11T13:30:00Z,-115,-115
Brenton Strange,rec_yds,35.5,betmgm,Philadelphia Eagles @ Jacksonville Jaguars,2026-10-11T13:30:00Z,-111,-118
Jakobi Meyers,receptions,3.5,betmgm,Philadelphia Eagles @ Jacksonville Jaguars,2026-10-11T13:30:00Z,-135,100
Brenton Strange,receptions,3.5,betmgm,Philadelphia Eagles @ Jacksonville Jaguars,2026-10-11T13:30:00Z,-111,-118
Brian Thomas Jr,receptions,1.5,betmgm,Philadelphia Eagles @ Jacksonville Jaguars,2026-10-11T13:30:00Z,-200,150
Josh Cameron,receptions,1.5,betmgm,Philadelphia Eagles @ Jacksonville Jaguars,2026-10-11T13:30:00Z,130,-175
Bhayshul Tuten,receptions,1.5,betmgm,Philadelphia Eagles @ Jacksonville Jaguars,2026-10-11T13:30:00Z,-125,-105
Parker Washington,receptions,4.5,betmgm,Philadelphia Eagles @ Jacksonville Jaguars,2026-10-11T13:30:00Z,-125,-105
Will Shipley,receptions,2.5,betmgm,Philadelphia Eagles @ Jacksonville Jaguars,2026-10-11T13:30:00Z,100,-135
Chris Rodriguez Jr.,rush_yds,26.5,betmgm,Philadelphia Eagles @ Jacksonville Jaguars,2026-10-11T13:30:00Z,-120,-111
Will Shipley,rush_yds,36.5,betmgm,Philadelphia Eagles @ Jacksonville Jaguars,2026-10-11T13:30:00Z,-105,-125
Jalen Hurts,rush_yds,24.5,betmgm,Philadelphia Eagles @ Jacksonville Jaguars,2026-10-11T13:30:00Z,-120,-110
Trevor Lawrence,rush_yds,12.5,betmgm,Philadelphia Eagles @ Jacksonville Jaguars,2026-10-11T13:30:00Z,-120,-110
Bhayshul Tuten,rush_yds,63.5,betmgm,Philadelphia Eagles @ Jacksonville Jaguars,2026-10-11T13:30:00Z,-120,-111
D'Andre Swift,anytime_td,0.5,draftkings,Chicago Bears @ Green Bay Packers,2026-10-11T17:00:00Z,-135,
MarShawn Lloyd,anytime_td,0.5,draftkings,Chicago Bears @ Green Bay Packers,2026-10-11T17:00:00Z,115,
Christian Watson,anytime_td,0.5,draftkings,Chicago Bears @ Green Bay Packers,2026-10-11T17:00:00Z,170,
Kaleb Johnson,anytime_td,0.5,draftkings,Chicago Bears @ Green Bay Packers,2026-10-11T17:00:00Z,180,
Matthew Golden,anytime_td,0.5,draftkings,Chicago Bears @ Green Bay Packers,2026-10-11T17:00:00Z,210,
Rome Odunze,anytime_td,0.5,draftkings,Chicago Bears @ Green Bay Packers,2026-10-11T17:00:00Z,220,
Tucker Kraft,anytime_td,0.5,draftkings,Chicago Bears @ Green Bay Packers,2026-10-11T17:00:00Z,230,
Colston Loveland,anytime_td,0.5,draftkings,Chicago Bears @ Green Bay Packers,2026-10-11T17:00:00Z,230,
Luther Burden III,anytime_td,0.5,draftkings,Chicago Bears @ Green Bay Packers,2026-10-11T17:00:00Z,230,
Chris Brooks,anytime_td,0.5,draftkings,Chicago Bears @ Green Bay Packers,2026-10-11T17:00:00Z,380,
Kalif Raymond,anytime_td,0.5,draftkings,Chicago Bears @ Green Bay Packers,2026-10-11T17:00:00Z,425,
Skyy Moore,anytime_td,0.5,draftkings,Chicago Bears @ Green Bay Packers,2026-10-11T17:00:00Z,500,
Chicago Bears D/ST,anytime_td,0.5,draftkings,Chicago Bears @ Green Bay Packers,2026-10-11T17:00:00Z,500,
Cole Kmet,anytime_td,0.5,draftkings,Chicago Bears @ Green Bay Packers,2026-10-11T17:00:00Z,600,
Roschon Johnson,anytime_td,0.5,draftkings,Chicago Bears @ Green Bay Packers,2026-10-11T17:00:00Z,600,
Tyson Bagent,anytime_td,0.5,draftkings,Chicago Bears @ Green Bay Packers,2026-10-11T17:00:00Z,600,
Green Bay Packers D/ST,anytime_td,0.5,draftkings,Chicago Bears @ Green Bay Packers,2026-10-11T17:00:00Z,650,
Jordan Love,anytime_td,0.5,draftkings,Chicago Bears @ Green Bay Packers,2026-10-11T17:00:00Z,800,
Jonnu Smith,anytime_td,0.5,draftkings,Chicago Bears @ Green Bay Packers,2026-10-11T17:00:00Z,850,
Zavion Thomas,anytime_td,0.5,draftkings,Chicago Bears @ Green Bay Packers,2026-10-11T17:00:00Z,1400,
Jahdae Walker,anytime_td,0.5,draftkings,Chicago Bears @ Green Bay Packers,2026-10-11T17:00:00Z,1500,
Bo Melton,anytime_td,0.5,draftkings,Chicago Bears @ Green Bay Packers,2026-10-11T17:00:00Z,1800,
Mark Redman,anytime_td,0.5,draftkings,Chicago Bears @ Green Bay Packers,2026-10-11T17:00:00Z,1800,
Sam Roush,anytime_td,0.5,draftkings,Chicago Bears @ Green Bay Packers,2026-10-11T17:00:00Z,1800,
J. Michael Sturdivant,anytime_td,0.5,draftkings,Chicago Bears @ Green Bay Packers,2026-10-11T17:00:00Z,2500,
Josh Whyle,anytime_td,0.5,draftkings,Chicago Bears @ Green Bay Packers,2026-10-11T17:00:00Z,3000,
Jordan Love,pass_yds,235.5,draftkings,Chicago Bears @ Green Bay Packers,2026-10-11T17:00:00Z,-111,-112
Tyson Bagent,pass_yds,218.5,draftkings,Chicago Bears @ Green Bay Packers,2026-10-11T17:00:00Z,-111,-113
Christian Watson,rec_yds,61.5,draftkings,Chicago Bears @ Green Bay Packers,2026-10-11T17:00:00Z,-111,-113
Matthew Golden,rec_yds,56.5,draftkings,Chicago Bears @ Green Bay Packers,2026-10-11T17:00:00Z,-114,-110
Tucker Kraft,rec_yds,49.5,draftkings,Chicago Bears @ Green Bay Packers,2026-10-11T17:00:00Z,-113,-111
Luther Burden III,rec_yds,48.5,draftkings,Chicago Bears @ Green Bay Packers,2026-10-11T17:00:00Z,-112,-112
Rome Odunze,rec_yds,40.5,draftkings,Chicago Bears @ Green Bay Packers,2026-10-11T17:00:00Z,-114,-110
Colston Loveland,rec_yds,37.5,draftkings,Chicago Bears @ Green Bay Packers,2026-10-11T17:00:00Z,-113,-111
Kalif Raymond,rec_yds,28.5,draftkings,Chicago Bears @ Green Bay Packers,2026-10-11T17:00:00Z,-116,-109
MarShawn Lloyd,rec_yds,13.5,draftkings,Chicago Bears @ Green Bay Packers,2026-10-11T17:00:00Z,-114,-110
Skyy Moore,rec_yds,12.5,draftkings,Chicago Bears @ Green Bay Packers,2026-10-11T17:00:00Z,-107,-117
Luther Burden III,receptions,4.5,draftkings,Chicago Bears @ Green Bay Packers,2026-10-11T17:00:00Z,-122,-105
Matthew Golden,receptions,4.5,draftkings,Chicago Bears @ Green Bay Packers,2026-10-11T17:00:00Z,-114,-111
Tucker Kraft,receptions,4.5,draftkings,Chicago Bears @ Green Bay Packers,2026-10-11T17:00:00Z,105,-133
Christian Watson,receptions,4.5,draftkings,Chicago Bears @ Green Bay Packers,2026-10-11T17:00:00Z,115,-147
Colston Loveland,receptions,3.5,draftkings,Chicago Bears @ Green Bay Packers,2026-10-11T17:00:00Z,-156,122
Kalif Raymond,receptions,3.5,draftkings,Chicago Bears @ Green Bay Packers,2026-10-11T17:00:00Z,123,-157
Rome Odunze,receptions,3.5,draftkings,Chicago Bears @ Green Bay Packers,2026-10-11T17:00:00Z,127,-162
MarShawn Lloyd,receptions,2.5,draftkings,Chicago Bears @ Green Bay Packers,2026-10-11T17:00:00Z,134,-172
Skyy Moore,receptions,1.5,draftkings,Chicago Bears @ Green Bay Packers,2026-10-11T17:00:00Z,118,-151
Kaleb Johnson,rush_yds,36.5,draftkings,Chicago Bears @ Green Bay Packers,2026-10-11T17:00:00Z,-108,-116
MarShawn Lloyd,rush_yds,27.5,draftkings,Chicago Bears @ Green Bay Packers,2026-10-11T17:00:00Z,-110,-114
Tyson Bagent,rush_yds,11.5,draftkings,Chicago Bears @ Green Bay Packers,2026-10-11T17:00:00Z,-104,-120
Jordan Love,rush_yds,6.5,draftkings,Chicago Bears @ Green Bay Packers,2026-10-11T17:00:00Z,-116,-108
D'Andre Swift,anytime_td,0.5,fanduel,Chicago Bears @ Green Bay Packers,2026-10-11T17:00:00Z,-140,
MarShawn Lloyd,anytime_td,0.5,fanduel,Chicago Bears @ Green Bay Packers,2026-10-11T17:00:00Z,115,
Christian Watson,anytime_td,0.5,fanduel,Chicago Bears @ Green Bay Packers,2026-10-11T17:00:00Z,180,
Kaleb Johnson,anytime_td,0.5,fanduel,Chicago Bears @ Green Bay Packers,2026-10-11T17:00:00Z,190,
Matthew Golden,anytime_td,0.5,fanduel,Chicago Bears @ Green Bay Packers,2026-10-11T17:00:00Z,220,
Tucker Kraft,anytime_td,0.5,fanduel,Chicago Bears @ Green Bay Packers,2026-10-11T17:00:00Z,220,
Luther Burden III,anytime_td,0.5,fanduel,Chicago Bears @ Green Bay Packers,2026-10-11T17:00:00Z,230,
Colston Loveland,anytime_td,0.5,fanduel,Chicago Bears @ Green Bay Packers,2026-10-11T17:00:00Z,230,
Rome Odunze,anytime_td,0.5,fanduel,Chicago Bears @ Green Bay Packers,2026-10-11T17:00:00Z,230,
Kalif Raymond,anytime_td,0.5,fanduel,Chicago Bears @ Green Bay Packers,2026-10-11T17:00:00Z,420,
Skyy Moore,anytime_td,0.5,fanduel,Chicago Bears @ Green Bay Packers,2026-10-11T17:00:00Z,490,
Tyson Bagent,anytime_td,0.5,fanduel,Chicago Bears @ Green Bay Packers,2026-10-11T17:00:00Z,550,
Cole Kmet,anytime_td,0.5,fanduel,Chicago Bears @ Green Bay Packers,2026-10-11T17:00:00Z,600,
Green Bay Packers Defense,anytime_td,0.5,fanduel,Chicago Bears @ Green Bay Packers,2026-10-11T17:00:00Z,600,
Roschon Johnson,anytime_td,0.5,fanduel,Chicago Bears @ Green Bay Packers,2026-10-11T17:00:00Z,600,
Chicago Bears Defense,anytime_td,0.5,fanduel,Chicago Bears @ Green Bay Packers,2026-10-11T17:00:00Z,650,
Jordan Love,anytime_td,0.5,fanduel,Chicago Bears @ Green Bay Packers,2026-10-11T17:00:00Z,800,
Jonnu Smith,anytime_td,0.5,fanduel,Chicago Bears @ Green Bay Packers,2026-10-11T17:00:00Z,850,
Jahdae Walker,anytime_td,0.5,fanduel,Chicago Bears @ Green Bay Packers,2026-10-11T17:00:00Z,1200,
Zavion Thomas,anytime_td,0.5,fanduel,Chicago Bears @ Green Bay Packers,2026-10-11T17:00:00Z,1200,
Bo Melton,anytime_td,0.5,fanduel,Chicago Bears @ Green Bay Packers,2026-10-11T17:00:00Z,1400,
Sam Roush,anytime_td,0.5,fanduel,Chicago Bears @ Green Bay Packers,2026-10-11T17:00:00Z,1500,
Mark Redman,anytime_td,0.5,fanduel,Chicago Bears @ Green Bay Packers,2026-10-11T17:00:00Z,1900,
J. Michael Sturdivant,anytime_td,0.5,fanduel,Chicago Bears @ Green Bay Packers,2026-10-11T17:00:00Z,2200,
Josh Whyle,anytime_td,0.5,fanduel,Chicago Bears @ Green Bay Packers,2026-10-11T17:00:00Z,3000,
Tyson Bagent,pass_yds,219.5,fanduel,Chicago Bears @ Green Bay Packers,2026-10-11T17:00:00Z,-114,-114
Jordan Love,pass_yds,233.5,fanduel,Chicago Bears @ Green Bay Packers,2026-10-11T17:00:00Z,-114,-114
Colston Loveland,rec_yds,37.5,fanduel,Chicago Bears @ Green Bay Packers,2026-10-11T17:00:00Z,-114,-114
MarShawn Lloyd,rec_yds,12.5,fanduel,Chicago Bears @ Green Bay Packers,2026-10-11T17:00:00Z,-114,-114
Rome Odunze,rec_yds,39.5,fanduel,Chicago Bears @ Green Bay Packers,2026-10-11T17:00:00Z,-114,-114
D'Andre Swift,rec_yds,13.5,fanduel,Chicago Bears @ Green Bay Packers,2026-10-11T17:00:00Z,-114,-114
Matthew Golden,rec_yds,55.5,fanduel,Chicago Bears @ Green Bay Packers,2026-10-11T17:00:00Z,-114,-114
Luther Burden III,rec_yds,48.5,fanduel,Chicago Bears @ Green Bay Packers,2026-10-11T17:00:00Z,-114,-114
Kalif Raymond,rec_yds,28.5,fanduel,Chicago Bears @ Green Bay Packers,2026-10-11T17:00:00Z,-114,-114
Tucker Kraft,rec_yds,49.5,fanduel,Chicago Bears @ Green Bay Packers,2026-10-11T17:00:00Z,-114,-114
Christian Watson,rec_yds,60.5,fanduel,Chicago Bears @ Green Bay Packers,2026-10-11T17:00:00Z,-114,-114
Skyy Moore,rec_yds,11.5,fanduel,Chicago Bears @ Green Bay Packers,2026-10-11T17:00:00Z,-114,-114
Kalif Raymond,receptions,3.5,fanduel,Chicago Bears @ Green Bay Packers,2026-10-11T17:00:00Z,116,-154
Tucker Kraft,receptions,4.5,fanduel,Chicago Bears @ Green Bay Packers,2026-10-11T17:00:00Z,-108,-122
Christian Watson,receptions,4.5,fanduel,Chicago Bears @ Green Bay Packers,2026-10-11T17:00:00Z,112,-148
Matthew Golden,receptions,4.5,fanduel,Chicago Bears @ Green Bay Packers,2026-10-11T17:00:00Z,-114,-114
MarShawn Lloyd,receptions,2.5,fanduel,Chicago Bears @ Green Bay Packers,2026-10-11T17:00:00Z,124,-166
D'Andre Swift,receptions,2.5,fanduel,Chicago Bears @ Green Bay Packers,2026-10-11T17:00:00Z,148,-200
Colston Loveland,receptions,3.5,fanduel,Chicago Bears @ Green Bay Packers,2026-10-11T17:00:00Z,-160,120
Skyy Moore,receptions,1.5,fanduel,Chicago Bears @ Green Bay Packers,2026-10-11T17:00:00Z,120,-160
Luther Burden III,receptions,4.5,fanduel,Chicago Bears @ Green Bay Packers,2026-10-11T17:00:00Z,-128,-104
Rome Odunze,receptions,2.5,fanduel,Chicago Bears @ Green Bay Packers,2026-10-11T17:00:00Z,-182,136
MarShawn Lloyd,rush_yds,27.5,fanduel,Chicago Bears @ Green Bay Packers,2026-10-11T17:00:00Z,-114,-114
Jordan Love,rush_yds,6.5,fanduel,Chicago Bears @ Green Bay Packers,2026-10-11T17:00:00Z,-114,-114
Tyson Bagent,rush_yds,10.5,fanduel,Chicago Bears @ Green Bay Packers,2026-10-11T17:00:00Z,-114,-114
Kaleb Johnson,rush_yds,36.5,fanduel,Chicago Bears @ Green Bay Packers,2026-10-11T17:00:00Z,-114,-114
Bo Melton,anytime_td,0.5,betmgm,Chicago Bears @ Green Bay Packers,2026-10-11T17:00:00Z,1300,
Skyy Moore,anytime_td,0.5,betmgm,Chicago Bears @ Green Bay Packers,2026-10-11T17:00:00Z,550,
Colston Loveland,anytime_td,0.5,betmgm,Chicago Bears @ Green Bay Packers,2026-10-11T17:00:00Z,240,
MarShawn Lloyd,anytime_td,0.5,betmgm,Chicago Bears @ Green Bay Packers,2026-10-11T17:00:00Z,125,
Chicago Bears D/ST,anytime_td,0.5,betmgm,Chicago Bears @ Green Bay Packers,2026-10-11T17:00:00Z,575,
Cole Kmet,anytime_td,0.5,betmgm,Chicago Bears @ Green Bay Packers,2026-10-11T17:00:00Z,575,
Christian Watson,anytime_td,0.5,betmgm,Chicago Bears @ Green Bay Packers,2026-10-11T17:00:00Z,175,
Matthew Golden,anytime_td,0.5,betmgm,Chicago Bears @ Green Bay Packers,2026-10-11T17:00:00Z,185,
Tucker Kraft,anytime_td,0.5,betmgm,Chicago Bears @ Green Bay Packers,2026-10-11T17:00:00Z,210,
Rome Odunze,anytime_td,0.5,betmgm,Chicago Bears @ Green Bay Packers,2026-10-11T17:00:00Z,240,
Jonnu Smith,anytime_td,0.5,betmgm,Chicago Bears @ Green Bay Packers,2026-10-11T17:00:00Z,1050,
D'Andre Swift,anytime_td,0.5,betmgm,Chicago Bears @ Green Bay Packers,2026-10-11T17:00:00Z,-140,
Kaleb Johnson,anytime_td,0.5,betmgm,Chicago Bears @ Green Bay Packers,2026-10-11T17:00:00Z,175,
Jordan Love,anytime_td,0.5,betmgm,Chicago Bears @ Green Bay Packers,2026-10-11T17:00:00Z,775,
Luther Burden III,anytime_td,0.5,betmgm,Chicago Bears @ Green Bay Packers,2026-10-11T17:00:00Z,220,
Kalif Raymond,anytime_td,0.5,betmgm,Chicago Bears @ Green Bay Packers,2026-10-11T17:00:00Z,390,
Tyson Bagent,anytime_td,0.5,betmgm,Chicago Bears @ Green Bay Packers,2026-10-11T17:00:00Z,650,
Green Bay Packers D/ST,anytime_td,0.5,betmgm,Chicago Bears @ Green Bay Packers,2026-10-11T17:00:00Z,525,
Chris Brooks,anytime_td,0.5,betmgm,Chicago Bears @ Green Bay Packers,2026-10-11T17:00:00Z,340,
Sam Roush,anytime_td,0.5,betmgm,Chicago Bears @ Green Bay Packers,2026-10-11T17:00:00Z,1150,
Jordan Love,pass_yds,234.5,betmgm,Chicago Bears @ Green Bay Packers,2026-10-11T17:00:00Z,-115,-115
Tyson Bagent,pass_yds,217.5,betmgm,Chicago Bears @ Green Bay Packers,2026-10-11T17:00:00Z,-115,-115
Christian Watson,rec_yds,57.5,betmgm,Chicago Bears @ Green Bay Packers,2026-10-11T17:00:00Z,-135,100
Tucker Kraft,rec_yds,47.5,betmgm,Chicago Bears @ Green Bay Packers,2026-10-11T17:00:00Z,-111,-118
Rome Odunze,rec_yds,38.5,betmgm,Chicago Bears @ Green Bay Packers,2026-10-11T17:00:00Z,-125,-105
Luther Burden III,rec_yds,49.5,betmgm,Chicago Bears @ Green Bay Packers,2026-10-11T17:00:00Z,-115,-115
Matthew Golden,rec_yds,57.5,betmgm,Chicago Bears @ Green Bay Packers,2026-10-11T17:00:00Z,-115,-115
Kalif Raymond,rec_yds,29.5,betmgm,Chicago Bears @ Green Bay Packers,2026-10-11T17:00:00Z,-115,-115
Colston Loveland,rec_yds,37.5,betmgm,Chicago Bears @ Green Bay Packers,2026-10-11T17:00:00Z,-120,-111
Rome Odunze,receptions,3.5,betmgm,Chicago Bears @ Green Bay Packers,2026-10-11T17:00:00Z,120,-160
Kalif Raymond,receptions,3.5,betmgm,Chicago Bears @ Green Bay Packers,2026-10-11T17:00:00Z,120,-160
Colston Loveland,receptions,3.5,betmgm,Chicago Bears @ Green Bay Packers,2026-10-11T17:00:00Z,-155,115
Luther Burden III,receptions,4.5,betmgm,Chicago Bears @ Green Bay Packers,2026-10-11T17:00:00Z,-135,100
Tucker Kraft,receptions,4.5,betmgm,Chicago Bears @ Green Bay Packers,2026-10-11T17:00:00Z,100,-135
Christian Watson,receptions,4.5,betmgm,Chicago Bears @ Green Bay Packers,2026-10-11T17:00:00Z,100,-135
Matthew Golden,receptions,4.5,betmgm,Chicago Bears @ Green Bay Packers,2026-10-11T17:00:00Z,100,-135
Tyson Bagent,rush_yds,10.5,betmgm,Chicago Bears @ Green Bay Packers,2026-10-11T17:00:00Z,-115,-115
Chase Brown,anytime_td,0.5,draftkings,Cincinnati Bengals @ Miami Dolphins,2026-10-11T17:00:00Z,-165,
Ollie Gordon II,anytime_td,0.5,draftkings,Cincinnati Bengals @ Miami Dolphins,2026-10-11T17:00:00Z,155,
Mike Gesicki,anytime_td,0.5,draftkings,Cincinnati Bengals @ Miami Dolphins,2026-10-11T17:00:00Z,255,
Dohnte Meyers,anytime_td,0.5,draftkings,Cincinnati Bengals @ Miami Dolphins,2026-10-11T17:00:00Z,255,
Jaylen Wright,anytime_td,0.5,draftkings,Cincinnati Bengals @ Miami Dolphins,2026-10-11T17:00:00Z,260,
Mitchell Tinsley,anytime_td,0.5,draftkings,Cincinnati Bengals @ Miami Dolphins,2026-10-11T17:00:00Z,300,
Malik Washington,anytime_td,0.5,draftkings,Cincinnati Bengals @ Miami Dolphins,2026-10-11T17:00:00Z,320,
Malik Willis,anytime_td,0.5,draftkings,Cincinnati Bengals @ Miami Dolphins,2026-10-11T17:00:00Z,350,
Samaje Perine,anytime_td,0.5,draftkings,Cincinnati Bengals @ Miami Dolphins,2026-10-11T17:00:00Z,360,
Colbie Young,anytime_td,0.5,draftkings,Cincinnati Bengals @ Miami Dolphins,2026-10-11T17:00:00Z,475,
Greg Dulcich,anytime_td,0.5,draftkings,Cincinnati Bengals @ Miami Dolphins,2026-10-11T17:00:00Z,550,
Caleb Douglas,anytime_td,0.5,draftkings,Cincinnati Bengals @ Miami Dolphins,2026-10-11T17:00:00Z,550,
Chris Bell,anytime_td,0.5,draftkings,Cincinnati Bengals @ Miami Dolphins,2026-10-11T17:00:00Z,600,
Drew Sample,anytime_td,0.5,draftkings,Cincinnati Bengals @ Miami Dolphins,2026-10-11T17:00:00Z,650,
Joe Burrow,anytime_td,0.5,draftkings,Cincinnati Bengals @ Miami Dolphins,2026-10-11T17:00:00Z,700,
Kevin Coleman Jr.,anytime_td,0.5,draftkings,Cincinnati Bengals @ Miami Dolphins,2026-10-11T17:00:00Z,950,
Tanner Hudson,anytime_td,0.5,draftkings,Cincinnati Bengals @ Miami Dolphins,2026-10-11T17:00:00Z,1000,
Erick All,anytime_td,0.5,draftkings,Cincinnati Bengals @ Miami Dolphins,2026-10-11T17:00:00Z,1200,
Jack Endries,anytime_td,0.5,draftkings,Cincinnati Bengals @ Miami Dolphins,2026-10-11T17:00:00Z,1200,
Will Kacmarek,anytime_td,0.5,draftkings,Cincinnati Bengals @ Miami Dolphins,2026-10-11T17:00:00Z,1300,
Jalen Tolbert,anytime_td,0.5,draftkings,Cincinnati Bengals @ Miami Dolphins,2026-10-11T17:00:00Z,1900,
Ryan Miller,anytime_td,0.5,draftkings,Cincinnati Bengals @ Miami Dolphins,2026-10-11T17:00:00Z,1900,
DJ Herman,anytime_td,0.5,draftkings,Cincinnati Bengals @ Miami Dolphins,2026-10-11T17:00:00Z,2200,
Seydou Traore,anytime_td,0.5,draftkings,Cincinnati Bengals @ Miami Dolphins,2026-10-11T17:00:00Z,2500,
Justin Joly,anytime_td,0.5,draftkings,Cincinnati Bengals @ Miami Dolphins,2026-10-11T17:00:00Z,2500,
Tahj Brooks,anytime_td,0.5,draftkings,Cincinnati Bengals @ Miami Dolphins,2026-10-11T17:00:00Z,2500,
Joe Burrow,pass_yds,244.5,draftkings,Cincinnati Bengals @ Miami Dolphins,2026-10-11T17:00:00Z,-112,-112
Malik Willis,pass_yds,191.5,draftkings,Cincinnati Bengals @ Miami Dolphins,2026-10-11T17:00:00Z,-111,-113
Malik Washington,rec_yds,43.5,draftkings,Cincinnati Bengals @ Miami Dolphins,2026-10-11T17:00:00Z,-115,-109
Greg Dulcich,rec_yds,24.5,draftkings,Cincinnati Bengals @ Miami Dolphins,2026-10-11T17:00:00Z,-116,-108
Ollie Gordon II,rec_yds,10.5,draftkings,Cincinnati Bengals @ Miami Dolphins,2026-10-11T17:00:00Z,-109,-115
Malik Washington,receptions,4.5,draftkings,Cincinnati Bengals @ Miami Dolphins,2026-10-11T17:00:00Z,-115,-111
Greg Dulcich,receptions,2.5,draftkings,Cincinnati Bengals @ Miami Dolphins,2026-10-11T17:00:00Z,-139,109
Ollie Gordon II,receptions,1.5,draftkings,Cincinnati Bengals @ Miami Dolphins,2026-10-11T17:00:00Z,-139,109
Chase Brown,rush_yds,66.5,draftkings,Cincinnati Bengals @ Miami Dolphins,2026-10-11T17:00:00Z,-110,-115
Ollie Gordon II,rush_yds,42.5,draftkings,Cincinnati Bengals @ Miami Dolphins,2026-10-11T17:00:00Z,-113,-111
Malik Willis,rush_yds,33.5,draftkings,Cincinnati Bengals @ Miami Dolphins,2026-10-11T17:00:00Z,-108,-116
Jaylen Wright,rush_yds,24.5,draftkings,Cincinnati Bengals @ Miami Dolphins,2026-10-11T17:00:00Z,-116,-108
Samaje Perine,rush_yds,14.5,draftkings,Cincinnati Bengals @ Miami Dolphins,2026-10-11T17:00:00Z,-113,-111
Joe Burrow,rush_yds,8.5,draftkings,Cincinnati Bengals @ Miami Dolphins,2026-10-11T17:00:00Z,-114,-110
Chase Brown,anytime_td,0.5,fanduel,Cincinnati Bengals @ Miami Dolphins,2026-10-11T17:00:00Z,-160,
Ollie Gordon II,anytime_td,0.5,fanduel,Cincinnati Bengals @ Miami Dolphins,2026-10-11T17:00:00Z,150,
Dohnte Meyers,anytime_td,0.5,fanduel,Cincinnati Bengals @ Miami Dolphins,2026-10-11T17:00:00Z,230,
Mike Gesicki,anytime_td,0.5,fanduel,Cincinnati Bengals @ Miami Dolphins,2026-10-11T17:00:00Z,240,
Jaylen Wright,anytime_td,0.5,fanduel,Cincinnati Bengals @ Miami Dolphins,2026-10-11T17:00:00Z,250,
Mitchell Tinsley,anytime_td,0.5,fanduel,Cincinnati Bengals @ Miami Dolphins,2026-10-11T17:00:00Z,300,
Malik Willis,anytime_td,0.5,fanduel,Cincinnati Bengals @ Miami Dolphins,2026-10-11T17:00:00Z,320,
Malik Washington,anytime_td,0.5,fanduel,Cincinnati Bengals @ Miami Dolphins,2026-10-11T17:00:00Z,320,
Samaje Perine,anytime_td,0.5,fanduel,Cincinnati Bengals @ Miami Dolphins,2026-10-11T17:00:00Z,370,
Colbie Young,anytime_td,0.5,fanduel,Cincinnati Bengals @ Miami Dolphins,2026-10-11T17:00:00Z,430,
Greg Dulcich,anytime_td,0.5,fanduel,Cincinnati Bengals @ Miami Dolphins,2026-10-11T17:00:00Z,470,
Chris Bell,anytime_td,0.5,fanduel,Cincinnati Bengals @ Miami Dolphins,2026-10-11T17:00:00Z,490,
Miami Dolphins Defense,anytime_td,0.5,fanduel,Cincinnati Bengals @ Miami Dolphins,2026-10-11T17:00:00Z,600,
Drew Sample,anytime_td,0.5,fanduel,Cincinnati Bengals @ Miami Dolphins,2026-10-11T17:00:00Z,600,
Joe Burrow,anytime_td,0.5,fanduel,Cincinnati Bengals @ Miami Dolphins,2026-10-11T17:00:00Z,700,
Cincinnati Bengals Defense,anytime_td,0.5,fanduel,Cincinnati Bengals @ Miami Dolphins,2026-10-11T17:00:00Z,800,
Kevin Coleman Jr.,anytime_td,0.5,fanduel,Cincinnati Bengals @ Miami Dolphins,2026-10-11T17:00:00Z,850,
Tanner Hudson,anytime_td,0.5,fanduel,Cincinnati Bengals @ Miami Dolphins,2026-10-11T17:00:00Z,900,
Erick All,anytime_td,0.5,fanduel,Cincinnati Bengals @ Miami Dolphins,2026-10-11T17:00:00Z,1000,
Jack Endries,anytime_td,0.5,fanduel,Cincinnati Bengals @ Miami Dolphins,2026-10-11T17:00:00Z,1000,
Will Kacmarek,anytime_td,0.5,fanduel,Cincinnati Bengals @ Miami Dolphins,2026-10-11T17:00:00Z,1200,
Ryan Miller,anytime_td,0.5,fanduel,Cincinnati Bengals @ Miami Dolphins,2026-10-11T17:00:00Z,1500,
Jalen Tolbert,anytime_td,0.5,fanduel,Cincinnati Bengals @ Miami Dolphins,2026-10-11T17:00:00Z,2200,
Tahj Brooks,anytime_td,0.5,fanduel,Cincinnati Bengals @ Miami Dolphins,2026-10-11T17:00:00Z,2500,
Justin Joly,anytime_td,0.5,fanduel,Cincinnati Bengals @ Miami Dolphins,2026-10-11T17:00:00Z,2700,
DJ Herman,anytime_td,0.5,fanduel,Cincinnati Bengals @ Miami Dolphins,2026-10-11T17:00:00Z,2700,
Seydou Traore,anytime_td,0.5,fanduel,Cincinnati Bengals @ Miami Dolphins,2026-10-11T17:00:00Z,2700,
Joe Burrow,pass_yds,242.5,fanduel,Cincinnati Bengals @ Miami Dolphins,2026-10-11T17:00:00Z,-114,-114
Malik Willis,pass_yds,192.5,fanduel,Cincinnati Bengals @ Miami Dolphins,2026-10-11T17:00:00Z,-114,-114
Kevin Coleman Jr.,rec_yds,18.5,fanduel,Cincinnati Bengals @ Miami Dolphins,2026-10-11T17:00:00Z,-114,-114
Ollie Gordon II,rec_yds,10.5,fanduel,Cincinnati Bengals @ Miami Dolphins,2026-10-11T17:00:00Z,-114,-114
Greg Dulcich,rec_yds,25.5,fanduel,Cincinnati Bengals @ Miami Dolphins,2026-10-11T17:00:00Z,-114,-114
Chris Bell,rec_yds,34.5,fanduel,Cincinnati Bengals @ Miami Dolphins,2026-10-11T17:00:00Z,-114,-114
Malik Washington,rec_yds,44.5,fanduel,Cincinnati Bengals @ Miami Dolphins,2026-10-11T17:00:00Z,-114,-114
Ollie Gordon II,receptions,1.5,fanduel,Cincinnati Bengals @ Miami Dolphins,2026-10-11T17:00:00Z,-180,134
Chris Bell,receptions,2.5,fanduel,Cincinnati Bengals @ Miami Dolphins,2026-10-11T17:00:00Z,-108,-122
Kevin Coleman Jr.,receptions,1.5,fanduel,Cincinnati Bengals @ Miami Dolphins,2026-10-11T17:00:00Z,-158,118
Malik Washington,receptions,4.5,fanduel,Cincinnati Bengals @ Miami Dolphins,2026-10-11T17:00:00Z,-138,104
Greg Dulcich,receptions,2.5,fanduel,Cincinnati Bengals @ Miami Dolphins,2026-10-11T17:00:00Z,-138,104
Chase Brown,rush_yds,67.5,fanduel,Cincinnati Bengals @ Miami Dolphins,2026-10-11T17:00:00Z,-114,-114
Ollie Gordon II,rush_yds,43.5,fanduel,Cincinnati Bengals @ Miami Dolphins,2026-10-11T17:00:00Z,-114,-114
Jaylen Wright,rush_yds,25.5,fanduel,Cincinnati Bengals @ Miami Dolphins,2026-10-11T17:00:00Z,-114,-114
Malik Willis,rush_yds,32.5,fanduel,Cincinnati Bengals @ Miami Dolphins,2026-10-11T17:00:00Z,-114,-114
Samaje Perine,rush_yds,14.5,fanduel,Cincinnati Bengals @ Miami Dolphins,2026-10-11T17:00:00Z,-114,-114
Joe Burrow,rush_yds,8.5,fanduel,Cincinnati Bengals @ Miami Dolphins,2026-10-11T17:00:00Z,-114,-114
Ryan Miller,anytime_td,0.5,betmgm,Cincinnati Bengals @ Miami Dolphins,2026-10-11T17:00:00Z,2000,
Malik Willis,anytime_td,0.5,betmgm,Cincinnati Bengals @ Miami Dolphins,2026-10-11T17:00:00Z,270,
Caleb Douglas,anytime_td,0.5,betmgm,Cincinnati Bengals @ Miami Dolphins,2026-10-11T17:00:00Z,320,
Ollie Gordon II,anytime_td,0.5,betmgm,Cincinnati Bengals @ Miami Dolphins,2026-10-11T17:00:00Z,165,
Chase Brown,anytime_td,0.5,betmgm,Cincinnati Bengals @ Miami Dolphins,2026-10-11T17:00:00Z,-150,
Joe Burrow,anytime_td,0.5,betmgm,Cincinnati Bengals @ Miami Dolphins,2026-10-11T17:00:00Z,700,
Jaylen Wright,anytime_td,0.5,betmgm,Cincinnati Bengals @ Miami Dolphins,2026-10-11T17:00:00Z,280,
Will Kacmarek,anytime_td,0.5,betmgm,Cincinnati Bengals @ Miami Dolphins,2026-10-11T17:00:00Z,1050,
Greg Dulcich,anytime_td,0.5,betmgm,Cincinnati Bengals @ Miami Dolphins,2026-10-11T17:00:00Z,390,
Malik Washington,anytime_td,0.5,betmgm,Cincinnati Bengals @ Miami Dolphins,2026-10-11T17:00:00Z,260,
Chris Bell,anytime_td,0.5,betmgm,Cincinnati Bengals @ Miami Dolphins,2026-10-11T17:00:00Z,350,
Samaje Perine,anytime_td,0.5,betmgm,Cincinnati Bengals @ Miami Dolphins,2026-10-11T17:00:00Z,320,
Kevin Coleman Jr.,anytime_td,0.5,betmgm,Cincinnati Bengals @ Miami Dolphins,2026-10-11T17:00:00Z,675,
Miami Dolphins D/ST,anytime_td,0.5,betmgm,Cincinnati Bengals @ Miami Dolphins,2026-10-11T17:00:00Z,750,
Cincinnati Bengals D/ST,anytime_td,0.5,betmgm,Cincinnati Bengals @ Miami Dolphins,2026-10-11T17:00:00Z,450,
DJ Herman,anytime_td,0.5,betmgm,Cincinnati Bengals @ Miami Dolphins,2026-10-11T17:00:00Z,1300,
Seydou Traore,anytime_td,0.5,betmgm,Cincinnati Bengals @ Miami Dolphins,2026-10-11T17:00:00Z,2800,
Jalen Tolbert,anytime_td,0.5,betmgm,Cincinnati Bengals @ Miami Dolphins,2026-10-11T17:00:00Z,2500,
Tahj Brooks,anytime_td,0.5,betmgm,Cincinnati Bengals @ Miami Dolphins,2026-10-11T17:00:00Z,1700,
Mike Gesicki,anytime_td,0.5,betmgm,Cincinnati Bengals @ Miami Dolphins,2026-10-11T17:00:00Z,260,
Erick All,anytime_td,0.5,betmgm,Cincinnati Bengals @ Miami Dolphins,2026-10-11T17:00:00Z,1300,
Tanner Hudson,anytime_td,0.5,betmgm,Cincinnati Bengals @ Miami Dolphins,2026-10-11T17:00:00Z,650,
Dohnte Meyers,anytime_td,0.5,betmgm,Cincinnati Bengals @ Miami Dolphins,2026-10-11T17:00:00Z,260,
Drew Sample,anytime_td,0.5,betmgm,Cincinnati Bengals @ Miami Dolphins,2026-10-11T17:00:00Z,775,
Colbie Young,anytime_td,0.5,betmgm,Cincinnati Bengals @ Miami Dolphins,2026-10-11T17:00:00Z,400,
Ja'Marr Chase,anytime_td,0.5,betmgm,Cincinnati Bengals @ Miami Dolphins,2026-10-11T17:00:00Z,-111,
Malik Willis,pass_yds,188.5,betmgm,Cincinnati Bengals @ Miami Dolphins,2026-10-11T17:00:00Z,-115,-115
Joe Burrow,pass_yds,243.5,betmgm,Cincinnati Bengals @ Miami Dolphins,2026-10-11T17:00:00Z,-115,-115
Ollie Gordon II,rec_yds,11.5,betmgm,Cincinnati Bengals @ Miami Dolphins,2026-10-11T17:00:00Z,-115,-115
Greg Dulcich,rec_yds,24.5,betmgm,Cincinnati Bengals @ Miami Dolphins,2026-10-11T17:00:00Z,-120,-111
Malik Washington,rec_yds,42.5,betmgm,Cincinnati Bengals @ Miami Dolphins,2026-10-11T17:00:00Z,-115,-115
Ollie Gordon II,receptions,1.5,betmgm,Cincinnati Bengals @ Miami Dolphins,2026-10-11T17:00:00Z,-155,115
Greg Dulcich,receptions,2.5,betmgm,Cincinnati Bengals @ Miami Dolphins,2026-10-11T17:00:00Z,-135,100
Malik Washington,receptions,4.5,betmgm,Cincinnati Bengals @ Miami Dolphins,2026-10-11T17:00:00Z,-105,-125
Malik Willis,rush_yds,33.5,betmgm,Cincinnati Bengals @ Miami Dolphins,2026-10-11T17:00:00Z,-111,-118
Chase Brown,rush_yds,64.5,betmgm,Cincinnati Bengals @ Miami Dolphins,2026-10-11T17:00:00Z,-115,-115
Joe Burrow,rush_yds,7.5,betmgm,Cincinnati Bengals @ Miami Dolphins,2026-10-11T17:00:00Z,-105,-125
Jaylen Wright,rush_yds,24.5,betmgm,Cincinnati Bengals @ Miami Dolphins,2026-10-11T17:00:00Z,-115,-115
Ollie Gordon II,rush_yds,42.5,betmgm,Cincinnati Bengals @ Miami Dolphins,2026-10-11T17:00:00Z,-115,-115
Braelon Allen,anytime_td,0.5,draftkings,Cleveland Browns @ New York Jets,2026-10-11T17:00:00Z,-105,
Garrett Wilson,anytime_td,0.5,draftkings,Cleveland Browns @ New York Jets,2026-10-11T17:00:00Z,135,
Quinshon Judkins,anytime_td,0.5,draftkings,Cleveland Browns @ New York Jets,2026-10-11T17:00:00Z,155,
Denzel Boston,anytime_td,0.5,draftkings,Cleveland Browns @ New York Jets,2026-10-11T17:00:00Z,195,
Harold Fannin Jr.,anytime_td,0.5,draftkings,Cleveland Browns @ New York Jets,2026-10-11T17:00:00Z,215,
Kenyon Sadiq,anytime_td,0.5,draftkings,Cleveland Browns @ New York Jets,2026-10-11T17:00:00Z,250,
KC Concepcion,anytime_td,0.5,draftkings,Cleveland Browns @ New York Jets,2026-10-11T17:00:00Z,320,
Mason Taylor,anytime_td,0.5,draftkings,Cleveland Browns @ New York Jets,2026-10-11T17:00:00Z,390,
Isaiah Williams,anytime_td,0.5,draftkings,Cleveland Browns @ New York Jets,2026-10-11T17:00:00Z,400,
Deshaun Watson,anytime_td,0.5,draftkings,Cleveland Browns @ New York Jets,2026-10-11T17:00:00Z,425,
New York Jets D/ST,anytime_td,0.5,draftkings,Cleveland Browns @ New York Jets,2026-10-11T17:00:00Z,475,
Cleveland Browns D/ST,anytime_td,0.5,draftkings,Cleveland Browns @ New York Jets,2026-10-11T17:00:00Z,500,
Isaiah Davis,anytime_td,0.5,draftkings,Cleveland Browns @ New York Jets,2026-10-11T17:00:00Z,500,
Jerry Jeudy,anytime_td,0.5,draftkings,Cleveland Browns @ New York Jets,2026-10-11T17:00:00Z,650,
Raheim Sanders,anytime_td,0.5,draftkings,Cleveland Browns @ New York Jets,2026-10-11T17:00:00Z,750,
Geno Smith,anytime_td,0.5,draftkings,Cleveland Browns @ New York Jets,2026-10-11T17:00:00Z,900,
Jeremy Ruckert,anytime_td,0.5,draftkings,Cleveland Browns @ New York Jets,2026-10-11T17:00:00Z,1000,
Blake Whiteheart,anytime_td,0.5,draftkings,Cleveland Browns @ New York Jets,2026-10-11T17:00:00Z,1000,
Jelani Woods,anytime_td,0.5,draftkings,Cleveland Browns @ New York Jets,2026-10-11T17:00:00Z,1200,
Jaleel McLaughlin,anytime_td,0.5,draftkings,Cleveland Browns @ New York Jets,2026-10-11T17:00:00Z,1700,
Malachi Corley,anytime_td,0.5,draftkings,Cleveland Browns @ New York Jets,2026-10-11T17:00:00Z,1700,
Kene Nwangwu,anytime_td,0.5,draftkings,Cleveland Browns @ New York Jets,2026-10-11T17:00:00Z,2200,
Isaiah Bond,anytime_td,0.5,draftkings,Cleveland Browns @ New York Jets,2026-10-11T17:00:00Z,2200,
Malik McClain,anytime_td,0.5,draftkings,Cleveland Browns @ New York Jets,2026-10-11T17:00:00Z,2200,
Michael Burton,anytime_td,0.5,draftkings,Cleveland Browns @ New York Jets,2026-10-11T17:00:00Z,2500,
Jamaal Pritchett,anytime_td,0.5,draftkings,Cleveland Browns @ New York Jets,2026-10-11T17:00:00Z,2800,
Andrew Beck,anytime_td,0.5,draftkings,Cleveland Browns @ New York Jets,2026-10-11T17:00:00Z,4000,
Carsen Ryan,anytime_td,0.5,draftkings,Cleveland Browns @ New York Jets,2026-10-11T17:00:00Z,4500,
Geno Smith,pass_yds,207.5,draftkings,Cleveland Browns @ New York Jets,2026-10-11T17:00:00Z,-111,-113
Deshaun Watson,pass_yds,204.5,draftkings,Cleveland Browns @ New York Jets,2026-10-11T17:00:00Z,-112,-112
Garrett Wilson,rec_yds,69.5,draftkings,Cleveland Browns @ New York Jets,2026-10-11T17:00:00Z,-110,-114
Denzel Boston,rec_yds,47.5,draftkings,Cleveland Browns @ New York Jets,2026-10-11T17:00:00Z,-111,-113
KC Concepcion,rec_yds,39.5,draftkings,Cleveland Browns @ New York Jets,2026-10-11T17:00:00Z,-113,-111
Harold Fannin Jr.,rec_yds,35.5,draftkings,Cleveland Browns @ New York Jets,2026-10-11T17:00:00Z,-113,-111
Quinshon Judkins,rec_yds,15.5,draftkings,Cleveland Browns @ New York Jets,2026-10-11T17:00:00Z,-113,-111
Jerry Jeudy,rec_yds,14.5,draftkings,Cleveland Browns @ New York Jets,2026-10-11T17:00:00Z,-115,-109
Raheim Sanders,rec_yds,12.5,draftkings,Cleveland Browns @ New York Jets,2026-10-11T17:00:00Z,-111,-113
Garrett Wilson,receptions,6.5,draftkings,Cleveland Browns @ New York Jets,2026-10-11T17:00:00Z,116,-148
KC Concepcion,receptions,4.5,draftkings,Cleveland Browns @ New York Jets,2026-10-11T17:00:00Z,109,-139
Harold Fannin Jr.,receptions,4.5,draftkings,Cleveland Browns @ New York Jets,2026-10-11T17:00:00Z,114,-146
Denzel Boston,receptions,3.5,draftkings,Cleveland Browns @ New York Jets,2026-10-11T17:00:00Z,105,-134
Quinshon Judkins,receptions,2.5,draftkings,Cleveland Browns @ New York Jets,2026-10-11T17:00:00Z,-144,113
Raheim Sanders,receptions,1.5,draftkings,Cleveland Browns @ New York Jets,2026-10-11T17:00:00Z,-191,149
Jerry Jeudy,receptions,1.5,draftkings,Cleveland Browns @ New York Jets,2026-10-11T17:00:00Z,-111,-115
Braelon Allen,rush_yds,73.5,draftkings,Cleveland Browns @ New York Jets,2026-10-11T17:00:00Z,-111,-113
Quinshon Judkins,rush_yds,58.5,draftkings,Cleveland Browns @ New York Jets,2026-10-11T17:00:00Z,-112,-112
Deshaun Watson,rush_yds,25.5,draftkings,Cleveland Browns @ New York Jets,2026-10-11T17:00:00Z,-112,-112
Isaiah Davis,rush_yds,11.5,draftkings,Cleveland Browns @ New York Jets,2026-10-11T17:00:00Z,-119,-106
Geno Smith,rush_yds,10.5,draftkings,Cleveland Browns @ New York Jets,2026-10-11T17:00:00Z,-110,-114
Braelon Allen,anytime_td,0.5,fanduel,Cleveland Browns @ New York Jets,2026-10-11T17:00:00Z,-105,
Garrett Wilson,anytime_td,0.5,fanduel,Cleveland Browns @ New York Jets,2026-10-11T17:00:00Z,135,
Quinshon Judkins,anytime_td,0.5,fanduel,Cleveland Browns @ New York Jets,2026-10-11T17:00:00Z,155,
Denzel Boston,anytime_td,0.5,fanduel,Cleveland Browns @ New York Jets,2026-10-11T17:00:00Z,200,
Harold Fannin Jr.,anytime_td,0.5,fanduel,Cleveland Browns @ New York Jets,2026-10-11T17:00:00Z,220,
Kenyon Sadiq,anytime_td,0.5,fanduel,Cleveland Browns @ New York Jets,2026-10-11T17:00:00Z,260,
KC Concepcion,anytime_td,0.5,fanduel,Cleveland Browns @ New York Jets,2026-10-11T17:00:00Z,300,
Deshaun Watson,anytime_td,0.5,fanduel,Cleveland Browns @ New York Jets,2026-10-11T17:00:00Z,420,
Mason Taylor,anytime_td,0.5,fanduel,Cleveland Browns @ New York Jets,2026-10-11T17:00:00Z,420,
Isaiah Williams,anytime_td,0.5,fanduel,Cleveland Browns @ New York Jets,2026-10-11T17:00:00Z,430,
Isaiah Davis,anytime_td,0.5,fanduel,Cleveland Browns @ New York Jets,2026-10-11T17:00:00Z,480,
Raheim Sanders,anytime_td,0.5,fanduel,Cleveland Browns @ New York Jets,2026-10-11T17:00:00Z,700,
Jerry Jeudy,anytime_td,0.5,fanduel,Cleveland Browns @ New York Jets,2026-10-11T17:00:00Z,700,
Cleveland Browns Defense,anytime_td,0.5,fanduel,Cleveland Browns @ New York Jets,2026-10-11T17:00:00Z,700,
New York Jets Defense,anytime_td,0.5,fanduel,Cleveland Browns @ New York Jets,2026-10-11T17:00:00Z,700,
Geno Smith,anytime_td,0.5,fanduel,Cleveland Browns @ New York Jets,2026-10-11T17:00:00Z,850,
Blake Whiteheart,anytime_td,0.5,fanduel,Cleveland Browns @ New York Jets,2026-10-11T17:00:00Z,950,
Jelani Woods,anytime_td,0.5,fanduel,Cleveland Browns @ New York Jets,2026-10-11T17:00:00Z,1000,
Jeremy Ruckert,anytime_td,0.5,fanduel,Cleveland Browns @ New York Jets,2026-10-11T17:00:00Z,1000,
Malachi Corley,anytime_td,0.5,fanduel,Cleveland Browns @ New York Jets,2026-10-11T17:00:00Z,1800,
Jaleel McLaughlin,anytime_td,0.5,fanduel,Cleveland Browns @ New York Jets,2026-10-11T17:00:00Z,2200,
Jamaal Pritchett,anytime_td,0.5,fanduel,Cleveland Browns @ New York Jets,2026-10-11T17:00:00Z,2500,
Isaiah Bond,anytime_td,0.5,fanduel,Cleveland Browns @ New York Jets,2026-10-11T17:00:00Z,2700,
Malik McClain,anytime_td,0.5,fanduel,Cleveland Browns @ New York Jets,2026-10-11T17:00:00Z,2700,
Kene Nwangwu,anytime_td,0.5,fanduel,Cleveland Browns @ New York Jets,2026-10-11T17:00:00Z,2700,
Michael Burton,anytime_td,0.5,fanduel,Cleveland Browns @ New York Jets,2026-10-11T17:00:00Z,3500,
Carsen Ryan,anytime_td,0.5,fanduel,Cleveland Browns @ New York Jets,2026-10-11T17:00:00Z,4500,
Geno Smith,pass_yds,206.5,fanduel,Cleveland Browns @ New York Jets,2026-10-11T17:00:00Z,-114,-114
Deshaun Watson,pass_yds,203.5,fanduel,Cleveland Browns @ New York Jets,2026-10-11T17:00:00Z,-114,-114
Quinshon Judkins,rec_yds,15.5,fanduel,Cleveland Browns @ New York Jets,2026-10-11T17:00:00Z,-114,-114
KC Concepcion,rec_yds,38.5,fanduel,Cleveland Browns @ New York Jets,2026-10-11T17:00:00Z,-114,-114
Garrett Wilson,rec_yds,69.5,fanduel,Cleveland Browns @ New York Jets,2026-10-11T17:00:00Z,-114,-114
Denzel Boston,rec_yds,47.5,fanduel,Cleveland Browns @ New York Jets,2026-10-11T17:00:00Z,-114,-114
Jerry Jeudy,rec_yds,14.5,fanduel,Cleveland Browns @ New York Jets,2026-10-11T17:00:00Z,-114,-114
Harold Fannin Jr.,rec_yds,35.5,fanduel,Cleveland Browns @ New York Jets,2026-10-11T17:00:00Z,-114,-114
Raheim Sanders,rec_yds,12.5,fanduel,Cleveland Browns @ New York Jets,2026-10-11T17:00:00Z,-114,-114
Raheim Sanders,receptions,1.5,fanduel,Cleveland Browns @ New York Jets,2026-10-11T17:00:00Z,-210,154
Harold Fannin Jr.,receptions,4.5,fanduel,Cleveland Browns @ New York Jets,2026-10-11T17:00:00Z,118,-158
Quinshon Judkins,receptions,2.5,fanduel,Cleveland Browns @ New York Jets,2026-10-11T17:00:00Z,-144,108
Garrett Wilson,receptions,6.5,fanduel,Cleveland Browns @ New York Jets,2026-10-11T17:00:00Z,120,-160
Denzel Boston,receptions,3.5,fanduel,Cleveland Browns @ New York Jets,2026-10-11T17:00:00Z,108,-144
KC Concepcion,receptions,4.5,fanduel,Cleveland Browns @ New York Jets,2026-10-11T17:00:00Z,116,-154
Jerry Jeudy,receptions,1.5,fanduel,Cleveland Browns @ New York Jets,2026-10-11T17:00:00Z,-112,-118
Geno Smith,rush_yds,10.5,fanduel,Cleveland Browns @ New York Jets,2026-10-11T17:00:00Z,-114,-114
Deshaun Watson,rush_yds,26.5,fanduel,Cleveland Browns @ New York Jets,2026-10-11T17:00:00Z,-114,-114
Isaiah Davis,rush_yds,10.5,fanduel,Cleveland Browns @ New York Jets,2026-10-11T17:00:00Z,-114,-114
Braelon Allen,rush_yds,71.5,fanduel,Cleveland Browns @ New York Jets,2026-10-11T17:00:00Z,-114,-114
Quinshon Judkins,rush_yds,59.5,fanduel,Cleveland Browns @ New York Jets,2026-10-11T17:00:00Z,-114,-114
Blake Whiteheart,anytime_td,0.5,betmgm,Cleveland Browns @ New York Jets,2026-10-11T17:00:00Z,1150,
Kenyon Sadiq,anytime_td,0.5,betmgm,Cleveland Browns @ New York Jets,2026-10-11T17:00:00Z,260,
Garrett Wilson,anytime_td,0.5,betmgm,Cleveland Browns @ New York Jets,2026-10-11T17:00:00Z,150,
KC Concepcion,anytime_td,0.5,betmgm,Cleveland Browns @ New York Jets,2026-10-11T17:00:00Z,300,
Raheim Sanders,anytime_td,0.5,betmgm,Cleveland Browns @ New York Jets,2026-10-11T17:00:00Z,525,
Isaiah Bond,anytime_td,0.5,betmgm,Cleveland Browns @ New York Jets,2026-10-11T17:00:00Z,2000,
Andrew Beck,anytime_td,0.5,betmgm,Cleveland Browns @ New York Jets,2026-10-11T17:00:00Z,2800,
Isaiah Davis,anytime_td,0.5,betmgm,Cleveland Browns @ New York Jets,2026-10-11T17:00:00Z,500,
Denzel Boston,anytime_td,0.5,betmgm,Cleveland Browns @ New York Jets,2026-10-11T17:00:00Z,225,
Carsen Ryan,anytime_td,0.5,betmgm,Cleveland Browns @ New York Jets,2026-10-11T17:00:00Z,3500,
Adonai Mitchell,anytime_td,0.5,betmgm,Cleveland Browns @ New York Jets,2026-10-11T17:00:00Z,230,
Jeremy Ruckert,anytime_td,0.5,betmgm,Cleveland Browns @ New York Jets,2026-10-11T17:00:00Z,1200,
New York Jets D/ST,anytime_td,0.5,betmgm,Cleveland Browns @ New York Jets,2026-10-11T17:00:00Z,475,
Deshaun Watson,anytime_td,0.5,betmgm,Cleveland Browns @ New York Jets,2026-10-11T17:00:00Z,290,
Braelon Allen,anytime_td,0.5,betmgm,Cleveland Browns @ New York Jets,2026-10-11T17:00:00Z,-111,
Cleveland Browns D/ST,anytime_td,0.5,betmgm,Cleveland Browns @ New York Jets,2026-10-11T17:00:00Z,525,
Jerry Jeudy,anytime_td,0.5,betmgm,Cleveland Browns @ New York Jets,2026-10-11T17:00:00Z,650,
Harold Fannin Jr.,anytime_td,0.5,betmgm,Cleveland Browns @ New York Jets,2026-10-11T17:00:00Z,270,
Malachi Corley,anytime_td,0.5,betmgm,Cleveland Browns @ New York Jets,2026-10-11T17:00:00Z,2000,
Geno Smith,anytime_td,0.5,betmgm,Cleveland Browns @ New York Jets,2026-10-11T17:00:00Z,650,
Quinshon Judkins,anytime_td,0.5,betmgm,Cleveland Browns @ New York Jets,2026-10-11T17:00:00Z,125,
Jaleel McLaughlin,anytime_td,0.5,betmgm,Cleveland Browns @ New York Jets,2026-10-11T17:00:00Z,1600,
Isaiah Williams,anytime_td,0.5,betmgm,Cleveland Browns @ New York Jets,2026-10-11T17:00:00Z,500,
Mason Taylor,anytime_td,0.5,betmgm,Cleveland Browns @ New York Jets,2026-10-11T17:00:00Z,525,
Jamaal Pritchett,anytime_td,0.5,betmgm,Cleveland Browns @ New York Jets,2026-10-11T17:00:00Z,2800,
Jelani Woods,anytime_td,0.5,betmgm,Cleveland Browns @ New York Jets,2026-10-11T17:00:00Z,1850,
Kene Nwangwu,anytime_td,0.5,betmgm,Cleveland Browns @ New York Jets,2026-10-11T17:00:00Z,3500,
Deshaun Watson,pass_yds,203.5,betmgm,Cleveland Browns @ New York Jets,2026-10-11T17:00:00Z,-115,-115
Geno Smith,pass_yds,209.5,betmgm,Cleveland Browns @ New York Jets,2026-10-11T17:00:00Z,-115,-115
Garrett Wilson,rec_yds,71.5,betmgm,Cleveland Browns @ New York Jets,2026-10-11T17:00:00Z,-115,-115
KC Concepcion,rec_yds,42.5,betmgm,Cleveland Browns @ New York Jets,2026-10-11T17:00:00Z,-115,-115
Denzel Boston,rec_yds,45.5,betmgm,Cleveland Browns @ New York Jets,2026-10-11T17:00:00Z,-115,-115
Harold Fannin Jr.,rec_yds,36.5,betmgm,Cleveland Browns @ New York Jets,2026-10-11T17:00:00Z,-115,-115
Quinshon Judkins,rec_yds,15.5,betmgm,Cleveland Browns @ New York Jets,2026-10-11T17:00:00Z,-111,-118
Raheim Sanders,rec_yds,12.5,betmgm,Cleveland Browns @ New York Jets,2026-10-11T17:00:00Z,-115,-115
Jerry Jeudy,rec_yds,15.5,betmgm,Cleveland Browns @ New York Jets,2026-10-11T17:00:00Z,-115,-115
Harold Fannin Jr.,receptions,3.5,betmgm,Cleveland Browns @ New York Jets,2026-10-11T17:00:00Z,-175,130
Denzel Boston,receptions,3.5,betmgm,Cleveland Browns @ New York Jets,2026-10-11T17:00:00Z,100,-135
KC Concepcion,receptions,4.5,betmgm,Cleveland Browns @ New York Jets,2026-10-11T17:00:00Z,100,-135
Garrett Wilson,receptions,6.5,betmgm,Cleveland Browns @ New York Jets,2026-10-11T17:00:00Z,115,-155
Quinshon Judkins,receptions,2.5,betmgm,Cleveland Browns @ New York Jets,2026-10-11T17:00:00Z,-135,100
Raheim Sanders,receptions,2.5,betmgm,Cleveland Browns @ New York Jets,2026-10-11T17:00:00Z,140,-190
Jerry Jeudy,receptions,1.5,betmgm,Cleveland Browns @ New York Jets,2026-10-11T17:00:00Z,-110,-120
Geno Smith,rush_yds,10.5,betmgm,Cleveland Browns @ New York Jets,2026-10-11T17:00:00Z,-111,-118
Braelon Allen,rush_yds,72.5,betmgm,Cleveland Browns @ New York Jets,2026-10-11T17:00:00Z,-115,-115
Quinshon Judkins,rush_yds,57.5,betmgm,Cleveland Browns @ New York Jets,2026-10-11T17:00:00Z,-115,-115
David Montgomery,anytime_td,0.5,draftkings,Houston Texans @ Tennessee Titans,2026-10-11T17:00:00Z,120,
Nico Collins,anytime_td,0.5,draftkings,Houston Texans @ Tennessee Titans,2026-10-11T17:00:00Z,135,
Woody Marks,anytime_td,0.5,draftkings,Houston Texans @ Tennessee Titans,2026-10-11T17:00:00Z,200,
Tony Pollard,anytime_td,0.5,draftkings,Houston Texans @ Tennessee Titans,2026-10-11T17:00:00Z,250,
Dalton Schultz,anytime_td,0.5,draftkings,Houston Texans @ Tennessee Titans,2026-10-11T17:00:00Z,260,
Carnell Tate,anytime_td,0.5,draftkings,Houston Texans @ Tennessee Titans,2026-10-11T17:00:00Z,425,
Jaylin Noel,anytime_td,0.5,draftkings,Houston Texans @ Tennessee Titans,2026-10-11T17:00:00Z,425,
Wan'Dale Robinson,anytime_td,0.5,draftkings,Houston Texans @ Tennessee Titans,2026-10-11T17:00:00Z,450,
Kayshon Boutte,anytime_td,0.5,draftkings,Houston Texans @ Tennessee Titans,2026-10-11T17:00:00Z,475,
Gunnar Helm,anytime_td,0.5,draftkings,Houston Texans @ Tennessee Titans,2026-10-11T17:00:00Z,500,
Tyjae Spears,anytime_td,0.5,draftkings,Houston Texans @ Tennessee Titans,2026-10-11T17:00:00Z,550,
Elic Ayomanor,anytime_td,0.5,draftkings,Houston Texans @ Tennessee Titans,2026-10-11T17:00:00Z,600,
Houston Texans D/ST,anytime_td,0.5,draftkings,Houston Texans @ Tennessee Titans,2026-10-11T17:00:00Z,650,
Cam Ward,anytime_td,0.5,draftkings,Houston Texans @ Tennessee Titans,2026-10-11T17:00:00Z,650,
Xavier Hutchinson,anytime_td,0.5,draftkings,Houston Texans @ Tennessee Titans,2026-10-11T17:00:00Z,650,
Foster Moreau,anytime_td,0.5,draftkings,Houston Texans @ Tennessee Titans,2026-10-11T17:00:00Z,700,
Tennessee Titans D/ST,anytime_td,0.5,draftkings,Houston Texans @ Tennessee Titans,2026-10-11T17:00:00Z,750,
C.J. Stroud,anytime_td,0.5,draftkings,Houston Texans @ Tennessee Titans,2026-10-11T17:00:00Z,750,
Calvin Ridley,anytime_td,0.5,draftkings,Houston Texans @ Tennessee Titans,2026-10-11T17:00:00Z,1400,
Daniel Bellinger,anytime_td,0.5,draftkings,Houston Texans @ Tennessee Titans,2026-10-11T17:00:00Z,1400,
Jared Wayne,anytime_td,0.5,draftkings,Houston Texans @ Tennessee Titans,2026-10-11T17:00:00Z,1400,
Nicholas Singleton,anytime_td,0.5,draftkings,Houston Texans @ Tennessee Titans,2026-10-11T17:00:00Z,1500,
Chimere Dike,anytime_td,0.5,draftkings,Houston Texans @ Tennessee Titans,2026-10-11T17:00:00Z,1600,
Cade Stover,anytime_td,0.5,draftkings,Houston Texans @ Tennessee Titans,2026-10-11T17:00:00Z,1700,
Dare Ogunbowale,anytime_td,0.5,draftkings,Houston Texans @ Tennessee Titans,2026-10-11T17:00:00Z,2000,
Brevin Jordan,anytime_td,0.5,draftkings,Houston Texans @ Tennessee Titans,2026-10-11T17:00:00Z,2500,
Marlin Klein,anytime_td,0.5,draftkings,Houston Texans @ Tennessee Titans,2026-10-11T17:00:00Z,2500,
Julius Chestnut,anytime_td,0.5,draftkings,Houston Texans @ Tennessee Titans,2026-10-11T17:00:00Z,3000,
David Martin-Robinson,anytime_td,0.5,draftkings,Houston Texans @ Tennessee Titans,2026-10-11T17:00:00Z,3500,
Kylen Granson,anytime_td,0.5,draftkings,Houston Texans @ Tennessee Titans,2026-10-11T17:00:00Z,4000,
Michael Carter,anytime_td,0.5,draftkings,Houston Texans @ Tennessee Titans,2026-10-11T17:00:00Z,4500,
C.J. Stroud,pass_yds,245.5,draftkings,Houston Texans @ Tennessee Titans,2026-10-11T17:00:00Z,-111,-113
Cam Ward,pass_yds,192.5,draftkings,Houston Texans @ Tennessee Titans,2026-10-11T17:00:00Z,-113,-111
Nico Collins,rec_yds,78.5,draftkings,Houston Texans @ Tennessee Titans,2026-10-11T17:00:00Z,-114,-110
Carnell Tate,rec_yds,44.5,draftkings,Houston Texans @ Tennessee Titans,2026-10-11T17:00:00Z,-113,-111
Dalton Schultz,rec_yds,37.5,draftkings,Houston Texans @ Tennessee Titans,2026-10-11T17:00:00Z,-109,-115
Wan'Dale Robinson,rec_yds,34.5,draftkings,Houston Texans @ Tennessee Titans,2026-10-11T17:00:00Z,-112,-112
Kayshon Boutte,rec_yds,26.5,draftkings,Houston Texans @ Tennessee Titans,2026-10-11T17:00:00Z,-113,-111
Jaylin Noel,rec_yds,19.5,draftkings,Houston Texans @ Tennessee Titans,2026-10-11T17:00:00Z,-114,-110
Gunnar Helm,rec_yds,17.5,draftkings,Houston Texans @ Tennessee Titans,2026-10-11T17:00:00Z,-108,-116
Elic Ayomanor,rec_yds,17.5,draftkings,Houston Texans @ Tennessee Titans,2026-10-11T17:00:00Z,-107,-117
Xavier Hutchinson,rec_yds,14.5,draftkings,Houston Texans @ Tennessee Titans,2026-10-11T17:00:00Z,-113,-111
Tyjae Spears,rec_yds,11.5,draftkings,Houston Texans @ Tennessee Titans,2026-10-11T17:00:00Z,-106,-118
Calvin Ridley,rec_yds,10.5,draftkings,Houston Texans @ Tennessee Titans,2026-10-11T17:00:00Z,-110,-114
Tony Pollard,rec_yds,9.5,draftkings,Houston Texans @ Tennessee Titans,2026-10-11T17:00:00Z,-105,-119
Woody Marks,rec_yds,8.5,draftkings,Houston Texans @ Tennessee Titans,2026-10-11T17:00:00Z,-119,-105
David Montgomery,rec_yds,7.5,draftkings,Houston Texans @ Tennessee Titans,2026-10-11T17:00:00Z,-113,-111
Nico Collins,receptions,5.5,draftkings,Houston Texans @ Tennessee Titans,2026-10-11T17:00:00Z,-128,100
Carnell Tate,receptions,4.5,draftkings,Houston Texans @ Tennessee Titans,2026-10-11T17:00:00Z,113,-145
Dalton Schultz,receptions,4.5,draftkings,Houston Texans @ Tennessee Titans,2026-10-11T17:00:00Z,118,-151
Wan'Dale Robinson,receptions,3.5,draftkings,Houston Texans @ Tennessee Titans,2026-10-11T17:00:00Z,-143,112
Gunnar Helm,receptions,2.5,draftkings,Houston Texans @ Tennessee Titans,2026-10-11T17:00:00Z,106,-135
Kayshon Boutte,receptions,2.5,draftkings,Houston Texans @ Tennessee Titans,2026-10-11T17:00:00Z,111,-141
Tyjae Spears,receptions,2.5,draftkings,Houston Texans @ Tennessee Titans,2026-10-11T17:00:00Z,147,-189
Jaylin Noel,receptions,1.5,draftkings,Houston Texans @ Tennessee Titans,2026-10-11T17:00:00Z,-152,119
Tony Pollard,receptions,1.5,draftkings,Houston Texans @ Tennessee Titans,2026-10-11T17:00:00Z,-133,104
Woody Marks,receptions,1.5,draftkings,Houston Texans @ Tennessee Titans,2026-10-11T17:00:00Z,-125,-102
Elic Ayomanor,receptions,1.5,draftkings,Houston Texans @ Tennessee Titans,2026-10-11T17:00:00Z,-108,-119
David Montgomery,receptions,1.5,draftkings,Houston Texans @ Tennessee Titans,2026-10-11T17:00:00Z,114,-146
Xavier Hutchinson,receptions,1.5,draftkings,Houston Texans @ Tennessee Titans,2026-10-11T17:00:00Z,127,-162
Calvin Ridley,receptions,0.5,draftkings,Houston Texans @ Tennessee Titans,2026-10-11T17:00:00Z,-198,154
Tony Pollard,rush_yds,49.5,draftkings,Houston Texans @ Tennessee Titans,2026-10-11T17:00:00Z,-114,-110
David Montgomery,rush_yds,46.5,draftkings,Houston Texans @ Tennessee Titans,2026-10-11T17:00:00Z,-112,-112
Woody Marks,rush_yds,30.5,draftkings,Houston Texans @ Tennessee Titans,2026-10-11T17:00:00Z,-109,-115
Tyjae Spears,rush_yds,13.5,draftkings,Houston Texans @ Tennessee Titans,2026-10-11T17:00:00Z,-112,-112
Cam Ward,rush_yds,10.5,draftkings,Houston Texans @ Tennessee Titans,2026-10-11T17:00:00Z,-120,-105
C.J. Stroud,rush_yds,10.5,draftkings,Houston Texans @ Tennessee Titans,2026-10-11T17:00:00Z,-107,-118
David Montgomery,anytime_td,0.5,fanduel,Houston Texans @ Tennessee Titans,2026-10-11T17:00:00Z,120,
Nico Collins,anytime_td,0.5,fanduel,Houston Texans @ Tennessee Titans,2026-10-11T17:00:00Z,150,
Woody Marks,anytime_td,0.5,fanduel,Houston Texans @ Tennessee Titans,2026-10-11T17:00:00Z,230,
Tony Pollard,anytime_td,0.5,fanduel,Houston Texans @ Tennessee Titans,2026-10-11T17:00:00Z,240,
Dalton Schultz,anytime_td,0.5,fanduel,Houston Texans @ Tennessee Titans,2026-10-11T17:00:00Z,270,
Carnell Tate,anytime_td,0.5,fanduel,Houston Texans @ Tennessee Titans,2026-10-11T17:00:00Z,390,
Wan'Dale Robinson,anytime_td,0.5,fanduel,Houston Texans @ Tennessee Titans,2026-10-11T17:00:00Z,490,
Kayshon Boutte,anytime_td,0.5,fanduel,Houston Texans @ Tennessee Titans,2026-10-11T17:00:00Z,500,
Gunnar Helm,anytime_td,0.5,fanduel,Houston Texans @ Tennessee Titans,2026-10-11T17:00:00Z,500,
Jaylin Noel,anytime_td,0.5,fanduel,Houston Texans @ Tennessee Titans,2026-10-11T17:00:00Z,500,
Xavier Hutchinson,anytime_td,0.5,fanduel,Houston Texans @ Tennessee Titans,2026-10-11T17:00:00Z,550,
Houston Texans Defense,anytime_td,0.5,fanduel,Houston Texans @ Tennessee Titans,2026-10-11T17:00:00Z,650,
Tennessee Titans Defense,anytime_td,0.5,fanduel,Houston Texans @ Tennessee Titans,2026-10-11T17:00:00Z,650,
Tyjae Spears,anytime_td,0.5,fanduel,Houston Texans @ Tennessee Titans,2026-10-11T17:00:00Z,650,
Elic Ayomanor,anytime_td,0.5,fanduel,Houston Texans @ Tennessee Titans,2026-10-11T17:00:00Z,700,
Cam Ward,anytime_td,0.5,fanduel,Houston Texans @ Tennessee Titans,2026-10-11T17:00:00Z,700,
C.J. Stroud,anytime_td,0.5,fanduel,Houston Texans @ Tennessee Titans,2026-10-11T17:00:00Z,700,
Foster Moreau,anytime_td,0.5,fanduel,Houston Texans @ Tennessee Titans,2026-10-11T17:00:00Z,800,
Jared Wayne,anytime_td,0.5,fanduel,Houston Texans @ Tennessee Titans,2026-10-11T17:00:00Z,1400,
Daniel Bellinger,anytime_td,0.5,fanduel,Houston Texans @ Tennessee Titans,2026-10-11T17:00:00Z,1400,
Calvin Ridley,anytime_td,0.5,fanduel,Houston Texans @ Tennessee Titans,2026-10-11T17:00:00Z,1500,
Chimere Dike,anytime_td,0.5,fanduel,Houston Texans @ Tennessee Titans,2026-10-11T17:00:00Z,1600,
Cade Stover,anytime_td,0.5,fanduel,Houston Texans @ Tennessee Titans,2026-10-11T17:00:00Z,1700,
Nicholas Singleton,anytime_td,0.5,fanduel,Houston Texans @ Tennessee Titans,2026-10-11T17:00:00Z,1900,
Dare Ogunbowale,anytime_td,0.5,fanduel,Houston Texans @ Tennessee Titans,2026-10-11T17:00:00Z,2000,
Brevin Jordan,anytime_td,0.5,fanduel,Houston Texans @ Tennessee Titans,2026-10-11T17:00:00Z,2500,
Marlin Klein,anytime_td,0.5,fanduel,Houston Texans @ Tennessee Titans,2026-10-11T17:00:00Z,2500,
David Martin-Robinson,anytime_td,0.5,fanduel,Houston Texans @ Tennessee Titans,2026-10-11T17:00:00Z,3300,
Kylen Granson,anytime_td,0.5,fanduel,Houston Texans @ Tennessee Titans,2026-10-11T17:00:00Z,3300,
Julius Chestnut,anytime_td,0.5,fanduel,Houston Texans @ Tennessee Titans,2026-10-11T17:00:00Z,6500,
C.J. Stroud,pass_yds,239.5,fanduel,Houston Texans @ Tennessee Titans,2026-10-11T17:00:00Z,-114,-114
Cam Ward,pass_yds,190.5,fanduel,Houston Texans @ Tennessee Titans,2026-10-11T17:00:00Z,-114,-114
Xavier Hutchinson,rec_yds,15.5,fanduel,Houston Texans @ Tennessee Titans,2026-10-11T17:00:00Z,-114,-114
Gunnar Helm,rec_yds,17.5,fanduel,Houston Texans @ Tennessee Titans,2026-10-11T17:00:00Z,-114,-114
Wan'Dale Robinson,rec_yds,32.5,fanduel,Houston Texans @ Tennessee Titans,2026-10-11T17:00:00Z,-114,-114
Woody Marks,rec_yds,7.5,fanduel,Houston Texans @ Tennessee Titans,2026-10-11T17:00:00Z,-114,-114
Tony Pollard,rec_yds,8.5,fanduel,Houston Texans @ Tennessee Titans,2026-10-11T17:00:00Z,-114,-114
Elic Ayomanor,rec_yds,17.5,fanduel,Houston Texans @ Tennessee Titans,2026-10-11T17:00:00Z,-114,-114
Dalton Schultz,rec_yds,37.5,fanduel,Houston Texans @ Tennessee Titans,2026-10-11T17:00:00Z,-114,-114
Nico Collins,rec_yds,77.5,fanduel,Houston Texans @ Tennessee Titans,2026-10-11T17:00:00Z,-114,-114
Jaylin Noel,rec_yds,18.5,fanduel,Houston Texans @ Tennessee Titans,2026-10-11T17:00:00Z,-114,-114
David Montgomery,rec_yds,7.5,fanduel,Houston Texans @ Tennessee Titans,2026-10-11T17:00:00Z,-114,-114
Tyjae Spears,rec_yds,9.5,fanduel,Houston Texans @ Tennessee Titans,2026-10-11T17:00:00Z,-114,-114
Carnell Tate,rec_yds,45.5,fanduel,Houston Texans @ Tennessee Titans,2026-10-11T17:00:00Z,-114,-114
Kayshon Boutte,rec_yds,25.5,fanduel,Houston Texans @ Tennessee Titans,2026-10-11T17:00:00Z,-114,-114
Calvin Ridley,rec_yds,8.5,fanduel,Houston Texans @ Tennessee Titans,2026-10-11T17:00:00Z,-114,-114
Jaylin Noel,receptions,1.5,fanduel,Houston Texans @ Tennessee Titans,2026-10-11T17:00:00Z,-138,104
David Montgomery,receptions,1.5,fanduel,Houston Texans @ Tennessee Titans,2026-10-11T17:00:00Z,110,-146
Wan'Dale Robinson,receptions,3.5,fanduel,Houston Texans @ Tennessee Titans,2026-10-11T17:00:00Z,-144,108
Tyjae Spears,receptions,1.5,fanduel,Houston Texans @ Tennessee Titans,2026-10-11T17:00:00Z,-182,136
Elic Ayomanor,receptions,1.5,fanduel,Houston Texans @ Tennessee Titans,2026-10-11T17:00:00Z,-114,-114
Kayshon Boutte,receptions,2.5,fanduel,Houston Texans @ Tennessee Titans,2026-10-11T17:00:00Z,124,-166
Tony Pollard,receptions,1.5,fanduel,Houston Texans @ Tennessee Titans,2026-10-11T17:00:00Z,-122,-108
Xavier Hutchinson,receptions,1.5,fanduel,Houston Texans @ Tennessee Titans,2026-10-11T17:00:00Z,112,-148
Gunnar Helm,receptions,2.5,fanduel,Houston Texans @ Tennessee Titans,2026-10-11T17:00:00Z,-110,-120
Woody Marks,receptions,1.5,fanduel,Houston Texans @ Tennessee Titans,2026-10-11T17:00:00Z,-108,-122
Nico Collins,receptions,5.5,fanduel,Houston Texans @ Tennessee Titans,2026-10-11T17:00:00Z,-114,-114
Calvin Ridley,receptions,0.5,fanduel,Houston Texans @ Tennessee Titans,2026-10-11T17:00:00Z,-188,140
Carnell Tate,receptions,4.5,fanduel,Houston Texans @ Tennessee Titans,2026-10-11T17:00:00Z,106,-140
Dalton Schultz,receptions,4.5,fanduel,Houston Texans @ Tennessee Titans,2026-10-11T17:00:00Z,120,-160
Cam Ward,rush_yds,10.5,fanduel,Houston Texans @ Tennessee Titans,2026-10-11T17:00:00Z,-114,-114
C.J. Stroud,rush_yds,9.5,fanduel,Houston Texans @ Tennessee Titans,2026-10-11T17:00:00Z,-114,-114
Tony Pollard,rush_yds,50.5,fanduel,Houston Texans @ Tennessee Titans,2026-10-11T17:00:00Z,-114,-114
Woody Marks,rush_yds,28.5,fanduel,Houston Texans @ Tennessee Titans,2026-10-11T17:00:00Z,-114,-114
Tyjae Spears,rush_yds,14.5,fanduel,Houston Texans @ Tennessee Titans,2026-10-11T17:00:00Z,-114,-114
David Montgomery,rush_yds,44.5,fanduel,Houston Texans @ Tennessee Titans,2026-10-11T17:00:00Z,-114,-114
Houston Texans D/ST,anytime_td,0.5,betmgm,Houston Texans @ Tennessee Titans,2026-10-11T17:00:00Z,450,
Woody Marks,anytime_td,0.5,betmgm,Houston Texans @ Tennessee Titans,2026-10-11T17:00:00Z,220,
Kayshon Boutte,anytime_td,0.5,betmgm,Houston Texans @ Tennessee Titans,2026-10-11T17:00:00Z,400,
Tennessee Titans D/ST,anytime_td,0.5,betmgm,Houston Texans @ Tennessee Titans,2026-10-11T17:00:00Z,600,
Cam Ward,anytime_td,0.5,betmgm,Houston Texans @ Tennessee Titans,2026-10-11T17:00:00Z,650,
Nico Collins,anytime_td,0.5,betmgm,Houston Texans @ Tennessee Titans,2026-10-11T17:00:00Z,130,
Tony Pollard,anytime_td,0.5,betmgm,Houston Texans @ Tennessee Titans,2026-10-11T17:00:00Z,195,
David Montgomery,anytime_td,0.5,betmgm,Houston Texans @ Tennessee Titans,2026-10-11T17:00:00Z,120,
C.J. Stroud,anytime_td,0.5,betmgm,Houston Texans @ Tennessee Titans,2026-10-11T17:00:00Z,700,
Carnell Tate,anytime_td,0.5,betmgm,Houston Texans @ Tennessee Titans,2026-10-11T17:00:00Z,280,
Wan'Dale Robinson,anytime_td,0.5,betmgm,Houston Texans @ Tennessee Titans,2026-10-11T17:00:00Z,425,
Tyjae Spears,anytime_td,0.5,betmgm,Houston Texans @ Tennessee Titans,2026-10-11T17:00:00Z,475,
Nicholas Singleton,anytime_td,0.5,betmgm,Houston Texans @ Tennessee Titans,2026-10-11T17:00:00Z,1150,
Gunnar Helm,anytime_td,0.5,betmgm,Houston Texans @ Tennessee Titans,2026-10-11T17:00:00Z,600,
Daniel Bellinger,anytime_td,0.5,betmgm,Houston Texans @ Tennessee Titans,2026-10-11T17:00:00Z,1150,
David Martin-Robinson,anytime_td,0.5,betmgm,Houston Texans @ Tennessee Titans,2026-10-11T17:00:00Z,3300,
Elic Ayomanor,anytime_td,0.5,betmgm,Houston Texans @ Tennessee Titans,2026-10-11T17:00:00Z,575,
Calvin Ridley,anytime_td,0.5,betmgm,Houston Texans @ Tennessee Titans,2026-10-11T17:00:00Z,750,
Chimere Dike,anytime_td,0.5,betmgm,Houston Texans @ Tennessee Titans,2026-10-11T17:00:00Z,1700,
Dalton Schultz,anytime_td,0.5,betmgm,Houston Texans @ Tennessee Titans,2026-10-11T17:00:00Z,230,
Foster Moreau,anytime_td,0.5,betmgm,Houston Texans @ Tennessee Titans,2026-10-11T17:00:00Z,850,
Cade Stover,anytime_td,0.5,betmgm,Houston Texans @ Tennessee Titans,2026-10-11T17:00:00Z,1050,
Brevin Jordan,anytime_td,0.5,betmgm,Houston Texans @ Tennessee Titans,2026-10-11T17:00:00Z,2500,
Jaylin Noel,anytime_td,0.5,betmgm,Houston Texans @ Tennessee Titans,2026-10-11T17:00:00Z,380,
Xavier Hutchinson,anytime_td,0.5,betmgm,Houston Texans @ Tennessee Titans,2026-10-11T17:00:00Z,550,
Jared Wayne,anytime_td,0.5,betmgm,Houston Texans @ Tennessee Titans,2026-10-11T17:00:00Z,1400,
Dare Ogunbowale,anytime_td,0.5,betmgm,Houston Texans @ Tennessee Titans,2026-10-11T17:00:00Z,2200,
C.J. Stroud,pass_yds,243.5,betmgm,Houston Texans @ Tennessee Titans,2026-10-11T17:00:00Z,-115,-115
Cam Ward,pass_yds,192.5,betmgm,Houston Texans @ Tennessee Titans,2026-10-11T17:00:00Z,-115,-115
Gunnar Helm,rec_yds,18.5,betmgm,Houston Texans @ Tennessee Titans,2026-10-11T17:00:00Z,-120,-111
Woody Marks,rec_yds,8.5,betmgm,Houston Texans @ Tennessee Titans,2026-10-11T17:00:00Z,-115,-115
Dalton Schultz,rec_yds,38.5,betmgm,Houston Texans @ Tennessee Titans,2026-10-11T17:00:00Z,-115,-115
Jaylin Noel,rec_yds,17.5,betmgm,Houston Texans @ Tennessee Titans,2026-10-11T17:00:00Z,-115,-115
Tony Pollard,rec_yds,8.5,betmgm,Houston Texans @ Tennessee Titans,2026-10-11T17:00:00Z,-111,-118
Kayshon Boutte,rec_yds,25.5,betmgm,Houston Texans @ Tennessee Titans,2026-10-11T17:00:00Z,-115,-115
Xavier Hutchinson,rec_yds,16.5,betmgm,Houston Texans @ Tennessee Titans,2026-10-11T17:00:00Z,105,-140
Nico Collins,rec_yds,76.5,betmgm,Houston Texans @ Tennessee Titans,2026-10-11T17:00:00Z,-115,-115
David Montgomery,rec_yds,7.5,betmgm,Houston Texans @ Tennessee Titans,2026-10-11T17:00:00Z,-120,-110
Nico Collins,receptions,5.5,betmgm,Houston Texans @ Tennessee Titans,2026-10-11T17:00:00Z,-118,-111
Tony Pollard,receptions,1.5,betmgm,Houston Texans @ Tennessee Titans,2026-10-11T17:00:00Z,-135,100
David Montgomery,receptions,1.5,betmgm,Houston Texans @ Tennessee Titans,2026-10-11T17:00:00Z,125,-165
Woody Marks,receptions,1.5,betmgm,Houston Texans @ Tennessee Titans,2026-10-11T17:00:00Z,100,-135
Tony Pollard,rush_yds,48.5,betmgm,Houston Texans @ Tennessee Titans,2026-10-11T17:00:00Z,-111,-118
Cam Ward,rush_yds,10.5,betmgm,Houston Texans @ Tennessee Titans,2026-10-11T17:00:00Z,-120,-110
C.J. Stroud,rush_yds,9.5,betmgm,Houston Texans @ Tennessee Titans,2026-10-11T17:00:00Z,-120,-111
David Montgomery,rush_yds,47.5,betmgm,Houston Texans @ Tennessee Titans,2026-10-11T17:00:00Z,-115,-115
Woody Marks,rush_yds,27.5,betmgm,Houston Texans @ Tennessee Titans,2026-10-11T17:00:00Z,-135,100
Jonathan Taylor,anytime_td,0.5,draftkings,Indianapolis Colts @ Pittsburgh Steelers,2026-10-11T17:00:00Z,-190,
Jaylen Warren,anytime_td,0.5,draftkings,Indianapolis Colts @ Pittsburgh Steelers,2026-10-11T17:00:00Z,-140,
DK Metcalf,anytime_td,0.5,draftkings,Indianapolis Colts @ Pittsburgh Steelers,2026-10-11T17:00:00Z,155,
Josh Downs,anytime_td,0.5,draftkings,Indianapolis Colts @ Pittsburgh Steelers,2026-10-11T17:00:00Z,230,
Tyler Warren,anytime_td,0.5,draftkings,Indianapolis Colts @ Pittsburgh Steelers,2026-10-11T17:00:00Z,235,
Roman Wilson,anytime_td,0.5,draftkings,Indianapolis Colts @ Pittsburgh Steelers,2026-10-11T17:00:00Z,260,
Pat Freiermuth,anytime_td,0.5,draftkings,Indianapolis Colts @ Pittsburgh Steelers,2026-10-11T17:00:00Z,310,
Darnell Washington,anytime_td,0.5,draftkings,Indianapolis Colts @ Pittsburgh Steelers,2026-10-11T17:00:00Z,330,
Keenan Allen,anytime_td,0.5,draftkings,Indianapolis Colts @ Pittsburgh Steelers,2026-10-11T17:00:00Z,380,
Germie Bernard,anytime_td,0.5,draftkings,Indianapolis Colts @ Pittsburgh Steelers,2026-10-11T17:00:00Z,400,
Pittsburgh Steelers D/ST,anytime_td,0.5,draftkings,Indianapolis Colts @ Pittsburgh Steelers,2026-10-11T17:00:00Z,450,
Indianapolis Colts D/ST,anytime_td,0.5,draftkings,Indianapolis Colts @ Pittsburgh Steelers,2026-10-11T17:00:00Z,500,
Daniel Jones,anytime_td,0.5,draftkings,Indianapolis Colts @ Pittsburgh Steelers,2026-10-11T17:00:00Z,550,
Laquon Treadwell,anytime_td,0.5,draftkings,Indianapolis Colts @ Pittsburgh Steelers,2026-10-11T17:00:00Z,600,
Ashton Dulin,anytime_td,0.5,draftkings,Indianapolis Colts @ Pittsburgh Steelers,2026-10-11T17:00:00Z,600,
Darius Slayton,anytime_td,0.5,draftkings,Indianapolis Colts @ Pittsburgh Steelers,2026-10-11T17:00:00Z,850,
Seth McGowan,anytime_td,0.5,draftkings,Indianapolis Colts @ Pittsburgh Steelers,2026-10-11T17:00:00Z,1000,
Aaron Rodgers,anytime_td,0.5,draftkings,Indianapolis Colts @ Pittsburgh Steelers,2026-10-11T17:00:00Z,1100,
Travis Homer,anytime_td,0.5,draftkings,Indianapolis Colts @ Pittsburgh Steelers,2026-10-11T17:00:00Z,1100,
Ben Skowronek,anytime_td,0.5,draftkings,Indianapolis Colts @ Pittsburgh Steelers,2026-10-11T17:00:00Z,1300,
Deion Burks,anytime_td,0.5,draftkings,Indianapolis Colts @ Pittsburgh Steelers,2026-10-11T17:00:00Z,1400,
Mo Alie-Cox,anytime_td,0.5,draftkings,Indianapolis Colts @ Pittsburgh Steelers,2026-10-11T17:00:00Z,1600,
Anthony Gould,anytime_td,0.5,draftkings,Indianapolis Colts @ Pittsburgh Steelers,2026-10-11T17:00:00Z,1600,
Eli Heidenreich,anytime_td,0.5,draftkings,Indianapolis Colts @ Pittsburgh Steelers,2026-10-11T17:00:00Z,1700,
DJ Giddens,anytime_td,0.5,draftkings,Indianapolis Colts @ Pittsburgh Steelers,2026-10-11T17:00:00Z,2000,
Kaden Wetjen,anytime_td,0.5,draftkings,Indianapolis Colts @ Pittsburgh Steelers,2026-10-11T17:00:00Z,2200,
Drew Ogletree,anytime_td,0.5,draftkings,Indianapolis Colts @ Pittsburgh Steelers,2026-10-11T17:00:00Z,2800,
Robert Tonyan,anytime_td,0.5,draftkings,Indianapolis Colts @ Pittsburgh Steelers,2026-10-11T17:00:00Z,3000,
Riley Nowakowski,anytime_td,0.5,draftkings,Indianapolis Colts @ Pittsburgh Steelers,2026-10-11T17:00:00Z,3500,
Aaron Rodgers,pass_yds,218.5,draftkings,Indianapolis Colts @ Pittsburgh Steelers,2026-10-11T17:00:00Z,-111,-113
Daniel Jones,pass_yds,210.5,draftkings,Indianapolis Colts @ Pittsburgh Steelers,2026-10-11T17:00:00Z,-111,-113
Josh Downs,rec_yds,57.5,draftkings,Indianapolis Colts @ Pittsburgh Steelers,2026-10-11T17:00:00Z,-113,-111
DK Metcalf,rec_yds,52.5,draftkings,Indianapolis Colts @ Pittsburgh Steelers,2026-10-11T17:00:00Z,-114,-110
Tyler Warren,rec_yds,46.5,draftkings,Indianapolis Colts @ Pittsburgh Steelers,2026-10-11T17:00:00Z,-115,-109
Roman Wilson,rec_yds,40.5,draftkings,Indianapolis Colts @ Pittsburgh Steelers,2026-10-11T17:00:00Z,-114,-110
Pat Freiermuth,rec_yds,27.5,draftkings,Indianapolis Colts @ Pittsburgh Steelers,2026-10-11T17:00:00Z,-114,-110
Keenan Allen,rec_yds,27.5,draftkings,Indianapolis Colts @ Pittsburgh Steelers,2026-10-11T17:00:00Z,-112,-112
Darnell Washington,rec_yds,21.5,draftkings,Indianapolis Colts @ Pittsburgh Steelers,2026-10-11T17:00:00Z,-116,-108
Germie Bernard,rec_yds,19.5,draftkings,Indianapolis Colts @ Pittsburgh Steelers,2026-10-11T17:00:00Z,-112,-112
Jonathan Taylor,rec_yds,16.5,draftkings,Indianapolis Colts @ Pittsburgh Steelers,2026-10-11T17:00:00Z,-110,-115
Tyler Warren,receptions,5.5,draftkings,Indianapolis Colts @ Pittsburgh Steelers,2026-10-11T17:00:00Z,117,-149
Josh Downs,receptions,4.5,draftkings,Indianapolis Colts @ Pittsburgh Steelers,2026-10-11T17:00:00Z,-156,122
DK Metcalf,receptions,4.5,draftkings,Indianapolis Colts @ Pittsburgh Steelers,2026-10-11T17:00:00Z,111,-142
Roman Wilson,receptions,3.5,draftkings,Indianapolis Colts @ Pittsburgh Steelers,2026-10-11T17:00:00Z,109,-139
Pat Freiermuth,receptions,3.5,draftkings,Indianapolis Colts @ Pittsburgh Steelers,2026-10-11T17:00:00Z,112,-143
Keenan Allen,receptions,3.5,draftkings,Indianapolis Colts @ Pittsburgh Steelers,2026-10-11T17:00:00Z,125,-160
Jonathan Taylor,receptions,2.5,draftkings,Indianapolis Colts @ Pittsburgh Steelers,2026-10-11T17:00:00Z,-117,-109
Darnell Washington,receptions,2.5,draftkings,Indianapolis Colts @ Pittsburgh Steelers,2026-10-11T17:00:00Z,126,-162
Germie Bernard,receptions,2.5,draftkings,Indianapolis Colts @ Pittsburgh Steelers,2026-10-11T17:00:00Z,147,-189
Jonathan Taylor,rush_yds,85.5,draftkings,Indianapolis Colts @ Pittsburgh Steelers,2026-10-11T17:00:00Z,-112,-112
Jaylen Warren,rush_yds,63.5,draftkings,Indianapolis Colts @ Pittsburgh Steelers,2026-10-11T17:00:00Z,-114,-110
Daniel Jones,rush_yds,10.5,draftkings,Indianapolis Colts @ Pittsburgh Steelers,2026-10-11T17:00:00Z,-104,-120
Aaron Rodgers,rush_yds,0.5,draftkings,Indianapolis Colts @ Pittsburgh Steelers,2026-10-11T17:00:00Z,-118,-106
Jonathan Taylor,anytime_td,0.5,fanduel,Indianapolis Colts @ Pittsburgh Steelers,2026-10-11T17:00:00Z,-175,
Jaylen Warren,anytime_td,0.5,fanduel,Indianapolis Colts @ Pittsburgh Steelers,2026-10-11T17:00:00Z,-150,
DK Metcalf,anytime_td,0.5,fanduel,Indianapolis Colts @ Pittsburgh Steelers,2026-10-11T17:00:00Z,155,
Tyler Warren,anytime_td,0.5,fanduel,Indianapolis Colts @ Pittsburgh Steelers,2026-10-11T17:00:00Z,200,
Josh Downs,anytime_td,0.5,fanduel,Indianapolis Colts @ Pittsburgh Steelers,2026-10-11T17:00:00Z,220,
Pat Freiermuth,anytime_td,0.5,fanduel,Indianapolis Colts @ Pittsburgh Steelers,2026-10-11T17:00:00Z,270,
Roman Wilson,anytime_td,0.5,fanduel,Indianapolis Colts @ Pittsburgh Steelers,2026-10-11T17:00:00Z,270,
Darnell Washington,anytime_td,0.5,fanduel,Indianapolis Colts @ Pittsburgh Steelers,2026-10-11T17:00:00Z,330,
Germie Bernard,anytime_td,0.5,fanduel,Indianapolis Colts @ Pittsburgh Steelers,2026-10-11T17:00:00Z,380,
Keenan Allen,anytime_td,0.5,fanduel,Indianapolis Colts @ Pittsburgh Steelers,2026-10-11T17:00:00Z,410,
Laquon Treadwell,anytime_td,0.5,fanduel,Indianapolis Colts @ Pittsburgh Steelers,2026-10-11T17:00:00Z,600,
Daniel Jones,anytime_td,0.5,fanduel,Indianapolis Colts @ Pittsburgh Steelers,2026-10-11T17:00:00Z,600,
Ashton Dulin,anytime_td,0.5,fanduel,Indianapolis Colts @ Pittsburgh Steelers,2026-10-11T17:00:00Z,600,
Indianapolis Colts Defense,anytime_td,0.5,fanduel,Indianapolis Colts @ Pittsburgh Steelers,2026-10-11T17:00:00Z,750,
Pittsburgh Steelers Defense,anytime_td,0.5,fanduel,Indianapolis Colts @ Pittsburgh Steelers,2026-10-11T17:00:00Z,800,
Darius Slayton,anytime_td,0.5,fanduel,Indianapolis Colts @ Pittsburgh Steelers,2026-10-11T17:00:00Z,950,
Seth McGowan,anytime_td,0.5,fanduel,Indianapolis Colts @ Pittsburgh Steelers,2026-10-11T17:00:00Z,1000,
Aaron Rodgers,anytime_td,0.5,fanduel,Indianapolis Colts @ Pittsburgh Steelers,2026-10-11T17:00:00Z,1100,
Travis Homer,anytime_td,0.5,fanduel,Indianapolis Colts @ Pittsburgh Steelers,2026-10-11T17:00:00Z,1100,
Ben Skowronek,anytime_td,0.5,fanduel,Indianapolis Colts @ Pittsburgh Steelers,2026-10-11T17:00:00Z,1400,
Deion Burks,anytime_td,0.5,fanduel,Indianapolis Colts @ Pittsburgh Steelers,2026-10-11T17:00:00Z,1500,
Anthony Gould,anytime_td,0.5,fanduel,Indianapolis Colts @ Pittsburgh Steelers,2026-10-11T17:00:00Z,1500,
Mo Alie-Cox,anytime_td,0.5,fanduel,Indianapolis Colts @ Pittsburgh Steelers,2026-10-11T17:00:00Z,1600,
Kaden Wetjen,anytime_td,0.5,fanduel,Indianapolis Colts @ Pittsburgh Steelers,2026-10-11T17:00:00Z,1700,
Eli Heidenreich,anytime_td,0.5,fanduel,Indianapolis Colts @ Pittsburgh Steelers,2026-10-11T17:00:00Z,2200,
Drew Ogletree,anytime_td,0.5,fanduel,Indianapolis Colts @ Pittsburgh Steelers,2026-10-11T17:00:00Z,2200,
DJ Giddens,anytime_td,0.5,fanduel,Indianapolis Colts @ Pittsburgh Steelers,2026-10-11T17:00:00Z,2500,
Robert Tonyan,anytime_td,0.5,fanduel,Indianapolis Colts @ Pittsburgh Steelers,2026-10-11T17:00:00Z,2700,
Riley Nowakowski,anytime_td,0.5,fanduel,Indianapolis Colts @ Pittsburgh Steelers,2026-10-11T17:00:00Z,4000,
Aaron Rodgers,pass_yds,222.5,fanduel,Indianapolis Colts @ Pittsburgh Steelers,2026-10-11T17:00:00Z,-114,-114
Daniel Jones,pass_yds,213.5,fanduel,Indianapolis Colts @ Pittsburgh Steelers,2026-10-11T17:00:00Z,-114,-114
Josh Downs,rec_yds,58.5,fanduel,Indianapolis Colts @ Pittsburgh Steelers,2026-10-11T17:00:00Z,-114,-114
Darnell Washington,rec_yds,22.5,fanduel,Indianapolis Colts @ Pittsburgh Steelers,2026-10-11T17:00:00Z,-114,-114
Tyler Warren,rec_yds,48.5,fanduel,Indianapolis Colts @ Pittsburgh Steelers,2026-10-11T17:00:00Z,-114,-114
Germie Bernard,rec_yds,18.5,fanduel,Indianapolis Colts @ Pittsburgh Steelers,2026-10-11T17:00:00Z,-114,-114
Jonathan Taylor,rec_yds,15.5,fanduel,Indianapolis Colts @ Pittsburgh Steelers,2026-10-11T17:00:00Z,-114,-114
Roman Wilson,rec_yds,41.5,fanduel,Indianapolis Colts @ Pittsburgh Steelers,2026-10-11T17:00:00Z,-114,-114
Pat Freiermuth,rec_yds,27.5,fanduel,Indianapolis Colts @ Pittsburgh Steelers,2026-10-11T17:00:00Z,-114,-114
Keenan Allen,rec_yds,28.5,fanduel,Indianapolis Colts @ Pittsburgh Steelers,2026-10-11T17:00:00Z,-114,-114
DK Metcalf,rec_yds,53.5,fanduel,Indianapolis Colts @ Pittsburgh Steelers,2026-10-11T17:00:00Z,-114,-114
DK Metcalf,receptions,4.5,fanduel,Indianapolis Colts @ Pittsburgh Steelers,2026-10-11T17:00:00Z,114,-152
Roman Wilson,receptions,3.5,fanduel,Indianapolis Colts @ Pittsburgh Steelers,2026-10-11T17:00:00Z,106,-140
Darnell Washington,receptions,2.5,fanduel,Indianapolis Colts @ Pittsburgh Steelers,2026-10-11T17:00:00Z,120,-160
Keenan Allen,receptions,3.5,fanduel,Indianapolis Colts @ Pittsburgh Steelers,2026-10-11T17:00:00Z,118,-158
Germie Bernard,receptions,2.5,fanduel,Indianapolis Colts @ Pittsburgh Steelers,2026-10-11T17:00:00Z,144,-194
Jonathan Taylor,receptions,2.5,fanduel,Indianapolis Colts @ Pittsburgh Steelers,2026-10-11T17:00:00Z,-110,-120
Tyler Warren,receptions,5.5,fanduel,Indianapolis Colts @ Pittsburgh Steelers,2026-10-11T17:00:00Z,120,-160
Pat Freiermuth,receptions,3.5,fanduel,Indianapolis Colts @ Pittsburgh Steelers,2026-10-11T17:00:00Z,116,-154
Josh Downs,receptions,4.5,fanduel,Indianapolis Colts @ Pittsburgh Steelers,2026-10-11T17:00:00Z,-148,112
Jaylen Warren,rush_yds,64.5,fanduel,Indianapolis Colts @ Pittsburgh Steelers,2026-10-11T17:00:00Z,-114,-114
Aaron Rodgers,rush_yds,0.5,fanduel,Indianapolis Colts @ Pittsburgh Steelers,2026-10-11T17:00:00Z,-114,-114
Daniel Jones,rush_yds,10.5,fanduel,Indianapolis Colts @ Pittsburgh Steelers,2026-10-11T17:00:00Z,-114,-114
Jonathan Taylor,rush_yds,86.5,fanduel,Indianapolis Colts @ Pittsburgh Steelers,2026-10-11T17:00:00Z,-114,-114
Daniel Jones,anytime_td,0.5,betmgm,Indianapolis Colts @ Pittsburgh Steelers,2026-10-11T17:00:00Z,600,
Pittsburgh Steelers D/ST,anytime_td,0.5,betmgm,Indianapolis Colts @ Pittsburgh Steelers,2026-10-11T17:00:00Z,425,
Germie Bernard,anytime_td,0.5,betmgm,Indianapolis Colts @ Pittsburgh Steelers,2026-10-11T17:00:00Z,450,
Jonathan Taylor,anytime_td,0.5,betmgm,Indianapolis Colts @ Pittsburgh Steelers,2026-10-11T17:00:00Z,-185,
DK Metcalf,anytime_td,0.5,betmgm,Indianapolis Colts @ Pittsburgh Steelers,2026-10-11T17:00:00Z,175,
Jaylen Warren,anytime_td,0.5,betmgm,Indianapolis Colts @ Pittsburgh Steelers,2026-10-11T17:00:00Z,-145,
Josh Downs,anytime_td,0.5,betmgm,Indianapolis Colts @ Pittsburgh Steelers,2026-10-11T17:00:00Z,220,
Indianapolis Colts D/ST,anytime_td,0.5,betmgm,Indianapolis Colts @ Pittsburgh Steelers,2026-10-11T17:00:00Z,575,
Pat Freiermuth,anytime_td,0.5,betmgm,Indianapolis Colts @ Pittsburgh Steelers,2026-10-11T17:00:00Z,360,
Aaron Rodgers,anytime_td,0.5,betmgm,Indianapolis Colts @ Pittsburgh Steelers,2026-10-11T17:00:00Z,1200,
Tyler Warren,anytime_td,0.5,betmgm,Indianapolis Colts @ Pittsburgh Steelers,2026-10-11T17:00:00Z,225,
Darnell Washington,anytime_td,0.5,betmgm,Indianapolis Colts @ Pittsburgh Steelers,2026-10-11T17:00:00Z,333,
Roman Wilson,anytime_td,0.5,betmgm,Indianapolis Colts @ Pittsburgh Steelers,2026-10-11T17:00:00Z,250,
Laquon Treadwell,anytime_td,0.5,betmgm,Indianapolis Colts @ Pittsburgh Steelers,2026-10-11T17:00:00Z,575,
Riley Nowakowski,anytime_td,0.5,betmgm,Indianapolis Colts @ Pittsburgh Steelers,2026-10-11T17:00:00Z,2500,
Keenan Allen,anytime_td,0.5,betmgm,Indianapolis Colts @ Pittsburgh Steelers,2026-10-11T17:00:00Z,425,
Seth McGowan,anytime_td,0.5,betmgm,Indianapolis Colts @ Pittsburgh Steelers,2026-10-11T17:00:00Z,850,
Robert Tonyan,anytime_td,0.5,betmgm,Indianapolis Colts @ Pittsburgh Steelers,2026-10-11T17:00:00Z,2800,
Ben Skowronek,anytime_td,0.5,betmgm,Indianapolis Colts @ Pittsburgh Steelers,2026-10-11T17:00:00Z,1450,
Mo Alie-Cox,anytime_td,0.5,betmgm,Indianapolis Colts @ Pittsburgh Steelers,2026-10-11T17:00:00Z,1600,
Kaden Wetjen,anytime_td,0.5,betmgm,Indianapolis Colts @ Pittsburgh Steelers,2026-10-11T17:00:00Z,1850,
Deion Burks,anytime_td,0.5,betmgm,Indianapolis Colts @ Pittsburgh Steelers,2026-10-11T17:00:00Z,1550,
Ashton Dulin,anytime_td,0.5,betmgm,Indianapolis Colts @ Pittsburgh Steelers,2026-10-11T17:00:00Z,775,
Daniel Jones,pass_yds,209.5,betmgm,Indianapolis Colts @ Pittsburgh Steelers,2026-10-11T17:00:00Z,-115,-115
Pat Freiermuth,rec_yds,29.5,betmgm,Indianapolis Colts @ Pittsburgh Steelers,2026-10-11T17:00:00Z,-115,-115
Roman Wilson,rec_yds,39.5,betmgm,Indianapolis Colts @ Pittsburgh Steelers,2026-10-11T17:00:00Z,-135,100
Jonathan Taylor,rec_yds,14.5,betmgm,Indianapolis Colts @ Pittsburgh Steelers,2026-10-11T17:00:00Z,-120,-110
Tyler Warren,rec_yds,46.5,betmgm,Indianapolis Colts @ Pittsburgh Steelers,2026-10-11T17:00:00Z,-115,-115
Germie Bernard,rec_yds,18.5,betmgm,Indianapolis Colts @ Pittsburgh Steelers,2026-10-11T17:00:00Z,-115,-115
Darnell Washington,rec_yds,22.5,betmgm,Indianapolis Colts @ Pittsburgh Steelers,2026-10-11T17:00:00Z,-115,-115
DK Metcalf,rec_yds,52.5,betmgm,Indianapolis Colts @ Pittsburgh Steelers,2026-10-11T17:00:00Z,-115,-115
Josh Downs,rec_yds,55.5,betmgm,Indianapolis Colts @ Pittsburgh Steelers,2026-10-11T17:00:00Z,-115,-115
Keenan Allen,rec_yds,28.5,betmgm,Indianapolis Colts @ Pittsburgh Steelers,2026-10-11T17:00:00Z,-115,-115
Jonathan Taylor,receptions,2.5,betmgm,Indianapolis Colts @ Pittsburgh Steelers,2026-10-11T17:00:00Z,100,-135
DK Metcalf,receptions,4.5,betmgm,Indianapolis Colts @ Pittsburgh Steelers,2026-10-11T17:00:00Z,105,-140
Tyler Warren,receptions,5.5,betmgm,Indianapolis Colts @ Pittsburgh Steelers,2026-10-11T17:00:00Z,115,-155
Pat Freiermuth,receptions,3.5,betmgm,Indianapolis Colts @ Pittsburgh Steelers,2026-10-11T17:00:00Z,120,-160
Roman Wilson,receptions,3.5,betmgm,Indianapolis Colts @ Pittsburgh Steelers,2026-10-11T17:00:00Z,105,-140
Germie Bernard,receptions,2.5,betmgm,Indianapolis Colts @ Pittsburgh Steelers,2026-10-11T17:00:00Z,120,-160
Darnell Washington,receptions,2.5,betmgm,Indianapolis Colts @ Pittsburgh Steelers,2026-10-11T17:00:00Z,-105,-125
Josh Downs,receptions,5.5,betmgm,Indianapolis Colts @ Pittsburgh Steelers,2026-10-11T17:00:00Z,125,-165
Keenan Allen,receptions,3.5,betmgm,Indianapolis Colts @ Pittsburgh Steelers,2026-10-11T17:00:00Z,115,-155
Daniel Jones,rush_yds,9.5,betmgm,Indianapolis Colts @ Pittsburgh Steelers,2026-10-11T17:00:00Z,-111,-120
Jonathan Taylor,rush_yds,83.5,betmgm,Indianapolis Colts @ Pittsburgh Steelers,2026-10-11T17:00:00Z,-115,-115
Rhamondre Stevenson,anytime_td,0.5,draftkings,Las Vegas Raiders @ New England Patriots,2026-10-11T17:00:00Z,-145,
TreVeyon Henderson,anytime_td,0.5,draftkings,Las Vegas Raiders @ New England Patriots,2026-10-11T17:00:00Z,-135,
Ashton Jeanty,anytime_td,0.5,draftkings,Las Vegas Raiders @ New England Patriots,2026-10-11T17:00:00Z,-125,
Brock Bowers,anytime_td,0.5,draftkings,Las Vegas Raiders @ New England Patriots,2026-10-11T17:00:00Z,135,
Romeo Doubs,anytime_td,0.5,draftkings,Las Vegas Raiders @ New England Patriots,2026-10-11T17:00:00Z,170,
Hunter Henry,anytime_td,0.5,draftkings,Las Vegas Raiders @ New England Patriots,2026-10-11T17:00:00Z,190,
Tre Tucker,anytime_td,0.5,draftkings,Las Vegas Raiders @ New England Patriots,2026-10-11T17:00:00Z,300,
DeMario Douglas,anytime_td,0.5,draftkings,Las Vegas Raiders @ New England Patriots,2026-10-11T17:00:00Z,310,
Corey Kiner,anytime_td,0.5,draftkings,Las Vegas Raiders @ New England Patriots,2026-10-11T17:00:00Z,340,
Drake Maye,anytime_td,0.5,draftkings,Las Vegas Raiders @ New England Patriots,2026-10-11T17:00:00Z,360,
Michael Mayer,anytime_td,0.5,draftkings,Las Vegas Raiders @ New England Patriots,2026-10-11T17:00:00Z,370,
Cody White,anytime_td,0.5,draftkings,Las Vegas Raiders @ New England Patriots,2026-10-11T17:00:00Z,400,
Eli Raridon,anytime_td,0.5,draftkings,Las Vegas Raiders @ New England Patriots,2026-10-11T17:00:00Z,550,
Efton Chism III,anytime_td,0.5,draftkings,Las Vegas Raiders @ New England Patriots,2026-10-11T17:00:00Z,550,
Mike Washington Jr.,anytime_td,0.5,draftkings,Las Vegas Raiders @ New England Patriots,2026-10-11T17:00:00Z,550,
New England Patriots D/ST,anytime_td,0.5,draftkings,Las Vegas Raiders @ New England Patriots,2026-10-11T17:00:00Z,550,
Las Vegas Raiders D/ST,anytime_td,0.5,draftkings,Las Vegas Raiders @ New England Patriots,2026-10-11T17:00:00Z,600,
Kyle Williams,anytime_td,0.5,draftkings,Las Vegas Raiders @ New England Patriots,2026-10-11T17:00:00Z,650,
Malik Benson,anytime_td,0.5,draftkings,Las Vegas Raiders @ New England Patriots,2026-10-11T17:00:00Z,700,
Dont'e Thornton Jr.,anytime_td,0.5,draftkings,Las Vegas Raiders @ New England Patriots,2026-10-11T17:00:00Z,1000,
Reggie Gilliam,anytime_td,0.5,draftkings,Las Vegas Raiders @ New England Patriots,2026-10-11T17:00:00Z,1100,
Connor Heyward,anytime_td,0.5,draftkings,Las Vegas Raiders @ New England Patriots,2026-10-11T17:00:00Z,1100,
Dareke Young,anytime_td,0.5,draftkings,Las Vegas Raiders @ New England Patriots,2026-10-11T17:00:00Z,1400,
Cameron Latu,anytime_td,0.5,draftkings,Las Vegas Raiders @ New England Patriots,2026-10-11T17:00:00Z,1800,
Tanner Arkin,anytime_td,0.5,draftkings,Las Vegas Raiders @ New England Patriots,2026-10-11T17:00:00Z,1800,
Kirk Cousins,anytime_td,0.5,draftkings,Las Vegas Raiders @ New England Patriots,2026-10-11T17:00:00Z,1900,
Ian Thomas,anytime_td,0.5,draftkings,Las Vegas Raiders @ New England Patriots,2026-10-11T17:00:00Z,2200,
Dylan Laube,anytime_td,0.5,draftkings,Las Vegas Raiders @ New England Patriots,2026-10-11T17:00:00Z,3000,
Kirk Cousins,pass_yds,232.5,draftkings,Las Vegas Raiders @ New England Patriots,2026-10-11T17:00:00Z,-111,-113
Drake Maye,pass_yds,230.5,draftkings,Las Vegas Raiders @ New England Patriots,2026-10-11T17:00:00Z,-111,-113
Brock Bowers,rec_yds,69.5,draftkings,Las Vegas Raiders @ New England Patriots,2026-10-11T17:00:00Z,-111,-113
Romeo Doubs,rec_yds,52.5,draftkings,Las Vegas Raiders @ New England Patriots,2026-10-11T17:00:00Z,-114,-110
Tre Tucker,rec_yds,38.5,draftkings,Las Vegas Raiders @ New England Patriots,2026-10-11T17:00:00Z,-114,-110
Hunter Henry,rec_yds,37.5,draftkings,Las Vegas Raiders @ New England Patriots,2026-10-11T17:00:00Z,-110,-114
Michael Mayer,rec_yds,30.5,draftkings,Las Vegas Raiders @ New England Patriots,2026-10-11T17:00:00Z,-112,-112
Ashton Jeanty,rec_yds,25.5,draftkings,Las Vegas Raiders @ New England Patriots,2026-10-11T17:00:00Z,-112,-112
DeMario Douglas,rec_yds,24.5,draftkings,Las Vegas Raiders @ New England Patriots,2026-10-11T17:00:00Z,-108,-116
Cody White,rec_yds,17.5,draftkings,Las Vegas Raiders @ New England Patriots,2026-10-11T17:00:00Z,-110,-114
Brock Bowers,receptions,6.5,draftkings,Las Vegas Raiders @ New England Patriots,2026-10-11T17:00:00Z,100,-127
Romeo Doubs,receptions,3.5,draftkings,Las Vegas Raiders @ New England Patriots,2026-10-11T17:00:00Z,-155,121
Ashton Jeanty,receptions,3.5,draftkings,Las Vegas Raiders @ New England Patriots,2026-10-11T17:00:00Z,-127,100
Michael Mayer,receptions,3.5,draftkings,Las Vegas Raiders @ New England Patriots,2026-10-11T17:00:00Z,-125,-102
Hunter Henry,receptions,3.5,draftkings,Las Vegas Raiders @ New England Patriots,2026-10-11T17:00:00Z,-122,-105
Tre Tucker,receptions,3.5,draftkings,Las Vegas Raiders @ New England Patriots,2026-10-11T17:00:00Z,111,-142
DeMario Douglas,receptions,2.5,draftkings,Las Vegas Raiders @ New England Patriots,2026-10-11T17:00:00Z,-111,-115
Cody White,receptions,1.5,draftkings,Las Vegas Raiders @ New England Patriots,2026-10-11T17:00:00Z,-131,103
Ashton Jeanty,rush_yds,59.5,draftkings,Las Vegas Raiders @ New England Patriots,2026-10-11T17:00:00Z,-110,-114
Drake Maye,rush_yds,31.5,draftkings,Las Vegas Raiders @ New England Patriots,2026-10-11T17:00:00Z,-111,-113
Mike Washington Jr.,rush_yds,24.5,draftkings,Las Vegas Raiders @ New England Patriots,2026-10-11T17:00:00Z,-112,-112
Kirk Cousins,rush_yds,0.5,draftkings,Las Vegas Raiders @ New England Patriots,2026-10-11T17:00:00Z,-106,-118
Rhamondre Stevenson,anytime_td,0.5,fanduel,Las Vegas Raiders @ New England Patriots,2026-10-11T17:00:00Z,-140,
TreVeyon Henderson,anytime_td,0.5,fanduel,Las Vegas Raiders @ New England Patriots,2026-10-11T17:00:00Z,-140,
Ashton Jeanty,anytime_td,0.5,fanduel,Las Vegas Raiders @ New England Patriots,2026-10-11T17:00:00Z,-115,
Brock Bowers,anytime_td,0.5,fanduel,Las Vegas Raiders @ New England Patriots,2026-10-11T17:00:00Z,130,
Romeo Doubs,anytime_td,0.5,fanduel,Las Vegas Raiders @ New England Patriots,2026-10-11T17:00:00Z,165,
Hunter Henry,anytime_td,0.5,fanduel,Las Vegas Raiders @ New England Patriots,2026-10-11T17:00:00Z,180,
Tre Tucker,anytime_td,0.5,fanduel,Las Vegas Raiders @ New England Patriots,2026-10-11T17:00:00Z,310,
DeMario Douglas,anytime_td,0.5,fanduel,Las Vegas Raiders @ New England Patriots,2026-10-11T17:00:00Z,320,
Corey Kiner,anytime_td,0.5,fanduel,Las Vegas Raiders @ New England Patriots,2026-10-11T17:00:00Z,320,
Drake Maye,anytime_td,0.5,fanduel,Las Vegas Raiders @ New England Patriots,2026-10-11T17:00:00Z,370,
Michael Mayer,anytime_td,0.5,fanduel,Las Vegas Raiders @ New England Patriots,2026-10-11T17:00:00Z,370,
Cody White,anytime_td,0.5,fanduel,Las Vegas Raiders @ New England Patriots,2026-10-11T17:00:00Z,480,
Efton Chism III,anytime_td,0.5,fanduel,Las Vegas Raiders @ New England Patriots,2026-10-11T17:00:00Z,500,
Eli Raridon,anytime_td,0.5,fanduel,Las Vegas Raiders @ New England Patriots,2026-10-11T17:00:00Z,500,
Mike Washington Jr.,anytime_td,0.5,fanduel,Las Vegas Raiders @ New England Patriots,2026-10-11T17:00:00Z,550,
New England Patriots Defense,anytime_td,0.5,fanduel,Las Vegas Raiders @ New England Patriots,2026-10-11T17:00:00Z,600,
Kyle Williams,anytime_td,0.5,fanduel,Las Vegas Raiders @ New England Patriots,2026-10-11T17:00:00Z,600,
Las Vegas Raiders Defense,anytime_td,0.5,fanduel,Las Vegas Raiders @ New England Patriots,2026-10-11T17:00:00Z,700,
Malik Benson,anytime_td,0.5,fanduel,Las Vegas Raiders @ New England Patriots,2026-10-11T17:00:00Z,750,
Reggie Gilliam,anytime_td,0.5,fanduel,Las Vegas Raiders @ New England Patriots,2026-10-11T17:00:00Z,1200,
Connor Heyward,anytime_td,0.5,fanduel,Las Vegas Raiders @ New England Patriots,2026-10-11T17:00:00Z,1300,
Tanner Arkin,anytime_td,0.5,fanduel,Las Vegas Raiders @ New England Patriots,2026-10-11T17:00:00Z,1600,
Cameron Latu,anytime_td,0.5,fanduel,Las Vegas Raiders @ New England Patriots,2026-10-11T17:00:00Z,1600,
Kirk Cousins,anytime_td,0.5,fanduel,Las Vegas Raiders @ New England Patriots,2026-10-11T17:00:00Z,2000,
Dareke Young,anytime_td,0.5,fanduel,Las Vegas Raiders @ New England Patriots,2026-10-11T17:00:00Z,2000,
Ian Thomas,anytime_td,0.5,fanduel,Las Vegas Raiders @ New England Patriots,2026-10-11T17:00:00Z,2200,
Dylan Laube,anytime_td,0.5,fanduel,Las Vegas Raiders @ New England Patriots,2026-10-11T17:00:00Z,3000,
Kirk Cousins,pass_yds,233.5,fanduel,Las Vegas Raiders @ New England Patriots,2026-10-11T17:00:00Z,-114,-114
Drake Maye,pass_yds,226.5,fanduel,Las Vegas Raiders @ New England Patriots,2026-10-11T17:00:00Z,-114,-114
Tre Tucker,rec_yds,39.5,fanduel,Las Vegas Raiders @ New England Patriots,2026-10-11T17:00:00Z,-114,-114
DeMario Douglas,rec_yds,25.5,fanduel,Las Vegas Raiders @ New England Patriots,2026-10-11T17:00:00Z,-114,-114
Michael Mayer,rec_yds,28.5,fanduel,Las Vegas Raiders @ New England Patriots,2026-10-11T17:00:00Z,-114,-114
Romeo Doubs,rec_yds,51.5,fanduel,Las Vegas Raiders @ New England Patriots,2026-10-11T17:00:00Z,-114,-114
Brock Bowers,rec_yds,70.5,fanduel,Las Vegas Raiders @ New England Patriots,2026-10-11T17:00:00Z,-114,-114
Ashton Jeanty,rec_yds,24.5,fanduel,Las Vegas Raiders @ New England Patriots,2026-10-11T17:00:00Z,-114,-114
Cody White,rec_yds,16.5,fanduel,Las Vegas Raiders @ New England Patriots,2026-10-11T17:00:00Z,-114,-114
Hunter Henry,rec_yds,37.5,fanduel,Las Vegas Raiders @ New England Patriots,2026-10-11T17:00:00Z,-114,-114
Romeo Doubs,receptions,3.5,fanduel,Las Vegas Raiders @ New England Patriots,2026-10-11T17:00:00Z,-148,112
Cody White,receptions,1.5,fanduel,Las Vegas Raiders @ New England Patriots,2026-10-11T17:00:00Z,-130,-102
DeMario Douglas,receptions,2.5,fanduel,Las Vegas Raiders @ New England Patriots,2026-10-11T17:00:00Z,-122,-106
Tre Tucker,receptions,3.5,fanduel,Las Vegas Raiders @ New England Patriots,2026-10-11T17:00:00Z,100,-132
Hunter Henry,receptions,3.5,fanduel,Las Vegas Raiders @ New England Patriots,2026-10-11T17:00:00Z,-140,106
Brock Bowers,receptions,6.5,fanduel,Las Vegas Raiders @ New England Patriots,2026-10-11T17:00:00Z,-108,-122
Ashton Jeanty,receptions,3.5,fanduel,Las Vegas Raiders @ New England Patriots,2026-10-11T17:00:00Z,-136,102
Michael Mayer,receptions,3.5,fanduel,Las Vegas Raiders @ New England Patriots,2026-10-11T17:00:00Z,-114,-114
Drake Maye,rush_yds,31.5,fanduel,Las Vegas Raiders @ New England Patriots,2026-10-11T17:00:00Z,-114,-114
Mike Washington Jr.,rush_yds,23.5,fanduel,Las Vegas Raiders @ New England Patriots,2026-10-11T17:00:00Z,-114,-114
Ashton Jeanty,rush_yds,59.5,fanduel,Las Vegas Raiders @ New England Patriots,2026-10-11T17:00:00Z,-114,-114
Kirk Cousins,rush_yds,0.5,fanduel,Las Vegas Raiders @ New England Patriots,2026-10-11T17:00:00Z,-102,-128
Drake Maye,anytime_td,0.5,betmgm,Las Vegas Raiders @ New England Patriots,2026-10-11T17:00:00Z,225,
DeMario Douglas,anytime_td,0.5,betmgm,Las Vegas Raiders @ New England Patriots,2026-10-11T17:00:00Z,320,
Romeo Doubs,anytime_td,0.5,betmgm,Las Vegas Raiders @ New England Patriots,2026-10-11T17:00:00Z,175,
Efton Chism III,anytime_td,0.5,betmgm,Las Vegas Raiders @ New England Patriots,2026-10-11T17:00:00Z,450,
Ian Thomas,anytime_td,0.5,betmgm,Las Vegas Raiders @ New England Patriots,2026-10-11T17:00:00Z,2500,
Ashton Jeanty,anytime_td,0.5,betmgm,Las Vegas Raiders @ New England Patriots,2026-10-11T17:00:00Z,-118,
Kyle Williams,anytime_td,0.5,betmgm,Las Vegas Raiders @ New England Patriots,2026-10-11T17:00:00Z,525,
Michael Mayer,anytime_td,0.5,betmgm,Las Vegas Raiders @ New England Patriots,2026-10-11T17:00:00Z,320,
New England Patriots D/ST,anytime_td,0.5,betmgm,Las Vegas Raiders @ New England Patriots,2026-10-11T17:00:00Z,525,
Cody White,anytime_td,0.5,betmgm,Las Vegas Raiders @ New England Patriots,2026-10-11T17:00:00Z,475,
Hunter Henry,anytime_td,0.5,betmgm,Las Vegas Raiders @ New England Patriots,2026-10-11T17:00:00Z,200,
Brock Bowers,anytime_td,0.5,betmgm,Las Vegas Raiders @ New England Patriots,2026-10-11T17:00:00Z,140,
Tre Tucker,anytime_td,0.5,betmgm,Las Vegas Raiders @ New England Patriots,2026-10-11T17:00:00Z,290,
Las Vegas Raiders D/ST,anytime_td,0.5,betmgm,Las Vegas Raiders @ New England Patriots,2026-10-11T17:00:00Z,525,
Dylan Laube,anytime_td,0.5,betmgm,Las Vegas Raiders @ New England Patriots,2026-10-11T17:00:00Z,1750,
Kirk Cousins,anytime_td,0.5,betmgm,Las Vegas Raiders @ New England Patriots,2026-10-11T17:00:00Z,1400,
Dareke Young,anytime_td,0.5,betmgm,Las Vegas Raiders @ New England Patriots,2026-10-11T17:00:00Z,2800,
Eli Raridon,anytime_td,0.5,betmgm,Las Vegas Raiders @ New England Patriots,2026-10-11T17:00:00Z,600,
Connor Heyward,anytime_td,0.5,betmgm,Las Vegas Raiders @ New England Patriots,2026-10-11T17:00:00Z,775,
Drake Maye,pass_yds,228.5,betmgm,Las Vegas Raiders @ New England Patriots,2026-10-11T17:00:00Z,-115,-115
Kirk Cousins,pass_yds,234.5,betmgm,Las Vegas Raiders @ New England Patriots,2026-10-11T17:00:00Z,-115,-115
Brock Bowers,rec_yds,73.5,betmgm,Las Vegas Raiders @ New England Patriots,2026-10-11T17:00:00Z,-115,-115
Hunter Henry,rec_yds,35.5,betmgm,Las Vegas Raiders @ New England Patriots,2026-10-11T17:00:00Z,-120,-111
Romeo Doubs,rec_yds,49.5,betmgm,Las Vegas Raiders @ New England Patriots,2026-10-11T17:00:00Z,-115,-115
Ashton Jeanty,rec_yds,25.5,betmgm,Las Vegas Raiders @ New England Patriots,2026-10-11T17:00:00Z,-115,-115
Michael Mayer,rec_yds,33.5,betmgm,Las Vegas Raiders @ New England Patriots,2026-10-11T17:00:00Z,100,-135
Tre Tucker,rec_yds,42.5,betmgm,Las Vegas Raiders @ New England Patriots,2026-10-11T17:00:00Z,-111,-118
Romeo Doubs,receptions,3.5,betmgm,Las Vegas Raiders @ New England Patriots,2026-10-11T17:00:00Z,-155,115
Brock Bowers,receptions,6.5,betmgm,Las Vegas Raiders @ New England Patriots,2026-10-11T17:00:00Z,-120,-110
Michael Mayer,receptions,3.5,betmgm,Las Vegas Raiders @ New England Patriots,2026-10-11T17:00:00Z,-125,-105
Ashton Jeanty,receptions,3.5,betmgm,Las Vegas Raiders @ New England Patriots,2026-10-11T17:00:00Z,-125,-105
Tre Tucker,receptions,3.5,betmgm,Las Vegas Raiders @ New England Patriots,2026-10-11T17:00:00Z,-105,-125
Hunter Henry,receptions,3.5,betmgm,Las Vegas Raiders @ New England Patriots,2026-10-11T17:00:00Z,-118,-111
Ashton Jeanty,rush_yds,60.5,betmgm,Las Vegas Raiders @ New England Patriots,2026-10-11T17:00:00Z,-115,-115
Aaron Jones,anytime_td,0.5,draftkings,Minnesota Vikings @ New Orleans Saints,2026-10-11T17:00:00Z,-125,
Alvin Kamara,anytime_td,0.5,draftkings,Minnesota Vikings @ New Orleans Saints,2026-10-11T17:00:00Z,120,
Kendre Miller,anytime_td,0.5,draftkings,Minnesota Vikings @ New Orleans Saints,2026-10-11T17:00:00Z,120,
Justin Jefferson,anytime_td,0.5,draftkings,Minnesota Vikings @ New Orleans Saints,2026-10-11T17:00:00Z,165,
Chris Olave,anytime_td,0.5,draftkings,Minnesota Vikings @ New Orleans Saints,2026-10-11T17:00:00Z,190,
Jordan Addison,anytime_td,0.5,draftkings,Minnesota Vikings @ New Orleans Saints,2026-10-11T17:00:00Z,220,
Juwan Johnson,anytime_td,0.5,draftkings,Minnesota Vikings @ New Orleans Saints,2026-10-11T17:00:00Z,290,
Tyler Shough,anytime_td,0.5,draftkings,Minnesota Vikings @ New Orleans Saints,2026-10-11T17:00:00Z,290,
T.J. Hockenson,anytime_td,0.5,draftkings,Minnesota Vikings @ New Orleans Saints,2026-10-11T17:00:00Z,300,
Devaughn Vele,anytime_td,0.5,draftkings,Minnesota Vikings @ New Orleans Saints,2026-10-11T17:00:00Z,320,
Kyler Murray,anytime_td,0.5,draftkings,Minnesota Vikings @ New Orleans Saints,2026-10-11T17:00:00Z,475,
Noah Fant,anytime_td,0.5,draftkings,Minnesota Vikings @ New Orleans Saints,2026-10-11T17:00:00Z,500,
Oscar Delp,anytime_td,0.5,draftkings,Minnesota Vikings @ New Orleans Saints,2026-10-11T17:00:00Z,550,
CJ Donaldson,anytime_td,0.5,draftkings,Minnesota Vikings @ New Orleans Saints,2026-10-11T17:00:00Z,550,
Jauan Jennings,anytime_td,0.5,draftkings,Minnesota Vikings @ New Orleans Saints,2026-10-11T17:00:00Z,550,
Minnesota Vikings D/ST,anytime_td,0.5,draftkings,Minnesota Vikings @ New Orleans Saints,2026-10-11T17:00:00Z,550,
New Orleans Saints D/ST,anytime_td,0.5,draftkings,Minnesota Vikings @ New Orleans Saints,2026-10-11T17:00:00Z,600,
Bryce Lance,anytime_td,0.5,draftkings,Minnesota Vikings @ New Orleans Saints,2026-10-11T17:00:00Z,650,
Demond Claiborne,anytime_td,0.5,draftkings,Minnesota Vikings @ New Orleans Saints,2026-10-11T17:00:00Z,1000,
Barion Brown,anytime_td,0.5,draftkings,Minnesota Vikings @ New Orleans Saints,2026-10-11T17:00:00Z,1200,
Tai Felton,anytime_td,0.5,draftkings,Minnesota Vikings @ New Orleans Saints,2026-10-11T17:00:00Z,1300,
Myles Price,anytime_td,0.5,draftkings,Minnesota Vikings @ New Orleans Saints,2026-10-11T17:00:00Z,1300,
DeeJay Dallas,anytime_td,0.5,draftkings,Minnesota Vikings @ New Orleans Saints,2026-10-11T17:00:00Z,1400,
Gavin Bartholomew,anytime_td,0.5,draftkings,Minnesota Vikings @ New Orleans Saints,2026-10-11T17:00:00Z,1500,
Kevin Austin,anytime_td,0.5,draftkings,Minnesota Vikings @ New Orleans Saints,2026-10-11T17:00:00Z,1600,
Treyton Welch,anytime_td,0.5,draftkings,Minnesota Vikings @ New Orleans Saints,2026-10-11T17:00:00Z,1700,
Tyler Shough,pass_yds,236.5,draftkings,Minnesota Vikings @ New Orleans Saints,2026-10-11T17:00:00Z,-113,-111
Kyler Murray,pass_yds,213.5,draftkings,Minnesota Vikings @ New Orleans Saints,2026-10-11T17:00:00Z,-114,-110
Chris Olave,rec_yds,81.5,draftkings,Minnesota Vikings @ New Orleans Saints,2026-10-11T17:00:00Z,-110,-114
Juwan Johnson,rec_yds,43.5,draftkings,Minnesota Vikings @ New Orleans Saints,2026-10-11T17:00:00Z,-113,-111
Devaughn Vele,rec_yds,37.5,draftkings,Minnesota Vikings @ New Orleans Saints,2026-10-11T17:00:00Z,-110,-114
Aaron Jones,rec_yds,20.5,draftkings,Minnesota Vikings @ New Orleans Saints,2026-10-11T17:00:00Z,-111,-113
Alvin Kamara,rec_yds,14.5,draftkings,Minnesota Vikings @ New Orleans Saints,2026-10-11T17:00:00Z,-107,-117
Chris Olave,receptions,6.5,draftkings,Minnesota Vikings @ New Orleans Saints,2026-10-11T17:00:00Z,104,-133
Juwan Johnson,receptions,4.5,draftkings,Minnesota Vikings @ New Orleans Saints,2026-10-11T17:00:00Z,-101,-127
Devaughn Vele,receptions,3.5,draftkings,Minnesota Vikings @ New Orleans Saints,2026-10-11T17:00:00Z,-127,-101
Aaron Jones,receptions,3.5,draftkings,Minnesota Vikings @ New Orleans Saints,2026-10-11T17:00:00Z,131,-168
Aaron Jones,rush_yds,73.5,draftkings,Minnesota Vikings @ New Orleans Saints,2026-10-11T17:00:00Z,-111,-113
Alvin Kamara,rush_yds,33.5,draftkings,Minnesota Vikings @ New Orleans Saints,2026-10-11T17:00:00Z,-109,-115
Kendre Miller,rush_yds,19.5,draftkings,Minnesota Vikings @ New Orleans Saints,2026-10-11T17:00:00Z,-112,-112
Kyler Murray,rush_yds,17.5,draftkings,Minnesota Vikings @ New Orleans Saints,2026-10-11T17:00:00Z,-114,-110
Tyler Shough,rush_yds,9.5,draftkings,Minnesota Vikings @ New Orleans Saints,2026-10-11T17:00:00Z,-114,-110
Aaron Jones,anytime_td,0.5,fanduel,Minnesota Vikings @ New Orleans Saints,2026-10-11T17:00:00Z,-120,
Alvin Kamara,anytime_td,0.5,fanduel,Minnesota Vikings @ New Orleans Saints,2026-10-11T17:00:00Z,160,
Justin Jefferson,anytime_td,0.5,fanduel,Minnesota Vikings @ New Orleans Saints,2026-10-11T17:00:00Z,165,
Chris Olave,anytime_td,0.5,fanduel,Minnesota Vikings @ New Orleans Saints,2026-10-11T17:00:00Z,195,
Jordan Addison,anytime_td,0.5,fanduel,Minnesota Vikings @ New Orleans Saints,2026-10-11T17:00:00Z,210,
Juwan Johnson,anytime_td,0.5,fanduel,Minnesota Vikings @ New Orleans Saints,2026-10-11T17:00:00Z,300,
T.J. Hockenson,anytime_td,0.5,fanduel,Minnesota Vikings @ New Orleans Saints,2026-10-11T17:00:00Z,300,
Tyler Shough,anytime_td,0.5,fanduel,Minnesota Vikings @ New Orleans Saints,2026-10-11T17:00:00Z,320,
Devaughn Vele,anytime_td,0.5,fanduel,Minnesota Vikings @ New Orleans Saints,2026-10-11T17:00:00Z,350,
Kendre Miller,anytime_td,0.5,fanduel,Minnesota Vikings @ New Orleans Saints,2026-10-11T17:00:00Z,380,
Kyler Murray,anytime_td,0.5,fanduel,Minnesota Vikings @ New Orleans Saints,2026-10-11T17:00:00Z,470,
Jauan Jennings,anytime_td,0.5,fanduel,Minnesota Vikings @ New Orleans Saints,2026-10-11T17:00:00Z,600,
Noah Fant,anytime_td,0.5,fanduel,Minnesota Vikings @ New Orleans Saints,2026-10-11T17:00:00Z,600,
Oscar Delp,anytime_td,0.5,fanduel,Minnesota Vikings @ New Orleans Saints,2026-10-11T17:00:00Z,600,
Bryce Lance,anytime_td,0.5,fanduel,Minnesota Vikings @ New Orleans Saints,2026-10-11T17:00:00Z,700,
Minnesota Vikings Defense,anytime_td,0.5,fanduel,Minnesota Vikings @ New Orleans Saints,2026-10-11T17:00:00Z,750,
CJ Donaldson,anytime_td,0.5,fanduel,Minnesota Vikings @ New Orleans Saints,2026-10-11T17:00:00Z,850,
New Orleans Saints Defense,anytime_td,0.5,fanduel,Minnesota Vikings @ New Orleans Saints,2026-10-11T17:00:00Z,1000,
Demond Claiborne,anytime_td,0.5,fanduel,Minnesota Vikings @ New Orleans Saints,2026-10-11T17:00:00Z,1200,
Gavin Bartholomew,anytime_td,0.5,fanduel,Minnesota Vikings @ New Orleans Saints,2026-10-11T17:00:00Z,1300,
DeeJay Dallas,anytime_td,0.5,fanduel,Minnesota Vikings @ New Orleans Saints,2026-10-11T17:00:00Z,1300,
Barion Brown,anytime_td,0.5,fanduel,Minnesota Vikings @ New Orleans Saints,2026-10-11T17:00:00Z,1300,
Myles Price,anytime_td,0.5,fanduel,Minnesota Vikings @ New Orleans Saints,2026-10-11T17:00:00Z,1600,
Tai Felton,anytime_td,0.5,fanduel,Minnesota Vikings @ New Orleans Saints,2026-10-11T17:00:00Z,1600,
Kevin Austin,anytime_td,0.5,fanduel,Minnesota Vikings @ New Orleans Saints,2026-10-11T17:00:00Z,1700,
Treyton Welch,anytime_td,0.5,fanduel,Minnesota Vikings @ New Orleans Saints,2026-10-11T17:00:00Z,1700,
Tyler Shough,pass_yds,237.5,fanduel,Minnesota Vikings @ New Orleans Saints,2026-10-11T17:00:00Z,-114,-114
Kyler Murray,pass_yds,212.5,fanduel,Minnesota Vikings @ New Orleans Saints,2026-10-11T17:00:00Z,-114,-114
Alvin Kamara,rec_yds,13.5,fanduel,Minnesota Vikings @ New Orleans Saints,2026-10-11T17:00:00Z,-114,-114
Devaughn Vele,rec_yds,38.5,fanduel,Minnesota Vikings @ New Orleans Saints,2026-10-11T17:00:00Z,-114,-114
Aaron Jones,rec_yds,18.5,fanduel,Minnesota Vikings @ New Orleans Saints,2026-10-11T17:00:00Z,-114,-114
Juwan Johnson,rec_yds,42.5,fanduel,Minnesota Vikings @ New Orleans Saints,2026-10-11T17:00:00Z,-114,-114
Chris Olave,rec_yds,81.5,fanduel,Minnesota Vikings @ New Orleans Saints,2026-10-11T17:00:00Z,-114,-114
Chris Olave,receptions,6.5,fanduel,Minnesota Vikings @ New Orleans Saints,2026-10-11T17:00:00Z,-108,-122
Aaron Jones,receptions,2.5,fanduel,Minnesota Vikings @ New Orleans Saints,2026-10-11T17:00:00Z,-174,130
Juwan Johnson,receptions,4.5,fanduel,Minnesota Vikings @ New Orleans Saints,2026-10-11T17:00:00Z,106,-140
Devaughn Vele,receptions,3.5,fanduel,Minnesota Vikings @ New Orleans Saints,2026-10-11T17:00:00Z,-148,112
Aaron Jones,rush_yds,72.5,fanduel,Minnesota Vikings @ New Orleans Saints,2026-10-11T17:00:00Z,-114,-114
Kyler Murray,rush_yds,17.5,fanduel,Minnesota Vikings @ New Orleans Saints,2026-10-11T17:00:00Z,-114,-114
Tyler Shough,rush_yds,9.5,fanduel,Minnesota Vikings @ New Orleans Saints,2026-10-11T17:00:00Z,-114,-114
Kendre Miller,rush_yds,18.5,fanduel,Minnesota Vikings @ New Orleans Saints,2026-10-11T17:00:00Z,-114,-114
Alvin Kamara,rush_yds,33.5,fanduel,Minnesota Vikings @ New Orleans Saints,2026-10-11T17:00:00Z,-114,-114
Noah Fant,anytime_td,0.5,betmgm,Minnesota Vikings @ New Orleans Saints,2026-10-11T17:00:00Z,575,
T.J. Hockenson,anytime_td,0.5,betmgm,Minnesota Vikings @ New Orleans Saints,2026-10-11T17:00:00Z,310,
Demond Claiborne,anytime_td,0.5,betmgm,Minnesota Vikings @ New Orleans Saints,2026-10-11T17:00:00Z,775,
New Orleans Saints D/ST,anytime_td,0.5,betmgm,Minnesota Vikings @ New Orleans Saints,2026-10-11T17:00:00Z,500,
DeeJay Dallas,anytime_td,0.5,betmgm,Minnesota Vikings @ New Orleans Saints,2026-10-11T17:00:00Z,825,
Minnesota Vikings D/ST,anytime_td,0.5,betmgm,Minnesota Vikings @ New Orleans Saints,2026-10-11T17:00:00Z,500,
Juwan Johnson,anytime_td,0.5,betmgm,Minnesota Vikings @ New Orleans Saints,2026-10-11T17:00:00Z,260,
Kevin Austin,anytime_td,0.5,betmgm,Minnesota Vikings @ New Orleans Saints,2026-10-11T17:00:00Z,1850,
Kyler Murray,anytime_td,0.5,betmgm,Minnesota Vikings @ New Orleans Saints,2026-10-11T17:00:00Z,425,
Gavin Bartholomew,anytime_td,0.5,betmgm,Minnesota Vikings @ New Orleans Saints,2026-10-11T17:00:00Z,1550,
Chris Olave,anytime_td,0.5,betmgm,Minnesota Vikings @ New Orleans Saints,2026-10-11T17:00:00Z,150,
Aaron Jones,anytime_td,0.5,betmgm,Minnesota Vikings @ New Orleans Saints,2026-10-11T17:00:00Z,-125,
Devaughn Vele,anytime_td,0.5,betmgm,Minnesota Vikings @ New Orleans Saints,2026-10-11T17:00:00Z,320,
Justin Jefferson,anytime_td,0.5,betmgm,Minnesota Vikings @ New Orleans Saints,2026-10-11T17:00:00Z,135,
Bryce Lance,anytime_td,0.5,betmgm,Minnesota Vikings @ New Orleans Saints,2026-10-11T17:00:00Z,650,
Barion Brown,anytime_td,0.5,betmgm,Minnesota Vikings @ New Orleans Saints,2026-10-11T17:00:00Z,1150,
Jordan Addison,anytime_td,0.5,betmgm,Minnesota Vikings @ New Orleans Saints,2026-10-11T17:00:00Z,230,
Jauan Jennings,anytime_td,0.5,betmgm,Minnesota Vikings @ New Orleans Saints,2026-10-11T17:00:00Z,500,
Tyler Shough,anytime_td,0.5,betmgm,Minnesota Vikings @ New Orleans Saints,2026-10-11T17:00:00Z,325,
CJ Donaldson,anytime_td,0.5,betmgm,Minnesota Vikings @ New Orleans Saints,2026-10-11T17:00:00Z,775,
Alvin Kamara,anytime_td,0.5,betmgm,Minnesota Vikings @ New Orleans Saints,2026-10-11T17:00:00Z,165,
Kendre Miller,anytime_td,0.5,betmgm,Minnesota Vikings @ New Orleans Saints,2026-10-11T17:00:00Z,310,
Tyler Shough,pass_yds,236.5,betmgm,Minnesota Vikings @ New Orleans Saints,2026-10-11T17:00:00Z,-115,-115
Kyler Murray,pass_yds,211.5,betmgm,Minnesota Vikings @ New Orleans Saints,2026-10-11T17:00:00Z,-120,-110
Juwan Johnson,rec_yds,41.5,betmgm,Minnesota Vikings @ New Orleans Saints,2026-10-11T17:00:00Z,-115,-115
Chris Olave,rec_yds,78.5,betmgm,Minnesota Vikings @ New Orleans Saints,2026-10-11T17:00:00Z,-115,-115
Aaron Jones,rec_yds,19.5,betmgm,Minnesota Vikings @ New Orleans Saints,2026-10-11T17:00:00Z,-110,-120
Devaughn Vele,rec_yds,36.5,betmgm,Minnesota Vikings @ New Orleans Saints,2026-10-11T17:00:00Z,-125,-105
Juwan Johnson,receptions,4.5,betmgm,Minnesota Vikings @ New Orleans Saints,2026-10-11T17:00:00Z,100,-135
Aaron Jones,receptions,2.5,betmgm,Minnesota Vikings @ New Orleans Saints,2026-10-11T17:00:00Z,-165,125
Chris Olave,receptions,6.5,betmgm,Minnesota Vikings @ New Orleans Saints,2026-10-11T17:00:00Z,-110,-120
Devaughn Vele,receptions,3.5,betmgm,Minnesota Vikings @ New Orleans Saints,2026-10-11T17:00:00Z,-125,-105
Tyler Shough,rush_yds,9.5,betmgm,Minnesota Vikings @ New Orleans Saints,2026-10-11T17:00:00Z,-115,-115
Aaron Jones,rush_yds,72.5,betmgm,Minnesota Vikings @ New Orleans Saints,2026-10-11T17:00:00Z,-115,-115
Kyler Murray,rush_yds,17.5,betmgm,Minnesota Vikings @ New Orleans Saints,2026-10-11T17:00:00Z,-115,-115
Cam Skattebo,anytime_td,0.5,draftkings,New York Giants @ Washington Commanders,2026-10-11T17:00:00Z,130,
Jacory Croskey-Merritt,anytime_td,0.5,draftkings,New York Giants @ Washington Commanders,2026-10-11T17:00:00Z,140,
Stefon Diggs,anytime_td,0.5,draftkings,New York Giants @ Washington Commanders,2026-10-11T17:00:00Z,185,
Terry McLaurin,anytime_td,0.5,draftkings,New York Giants @ Washington Commanders,2026-10-11T17:00:00Z,185,
Malik Nabers,anytime_td,0.5,draftkings,New York Giants @ Washington Commanders,2026-10-11T17:00:00Z,210,
Rachaad White,anytime_td,0.5,draftkings,New York Giants @ Washington Commanders,2026-10-11T17:00:00Z,215,
Isaiah Likely,anytime_td,0.5,draftkings,New York Giants @ Washington Commanders,2026-10-11T17:00:00Z,235,
Jayden Daniels,anytime_td,0.5,draftkings,New York Giants @ Washington Commanders,2026-10-11T17:00:00Z,290,
Chig Okonkwo,anytime_td,0.5,draftkings,New York Giants @ Washington Commanders,2026-10-11T17:00:00Z,295,
Antonio Williams,anytime_td,0.5,draftkings,New York Giants @ Washington Commanders,2026-10-11T17:00:00Z,330,
Treylon Burks,anytime_td,0.5,draftkings,New York Giants @ Washington Commanders,2026-10-11T17:00:00Z,380,
Dyami Brown,anytime_td,0.5,draftkings,New York Giants @ Washington Commanders,2026-10-11T17:00:00Z,425,
Najee Harris,anytime_td,0.5,draftkings,New York Giants @ Washington Commanders,2026-10-11T17:00:00Z,425,
Malachi Fields,anytime_td,0.5,draftkings,New York Giants @ Washington Commanders,2026-10-11T17:00:00Z,500,
Austin Ekeler,anytime_td,0.5,draftkings,New York Giants @ Washington Commanders,2026-10-11T17:00:00Z,500,
Darnell Mooney,anytime_td,0.5,draftkings,New York Giants @ Washington Commanders,2026-10-11T17:00:00Z,700,
Tyrone Tracy Jr.,anytime_td,0.5,draftkings,New York Giants @ Washington Commanders,2026-10-11T17:00:00Z,850,
Jameis Winston,anytime_td,0.5,draftkings,New York Giants @ Washington Commanders,2026-10-11T17:00:00Z,950,
Theo Johnson,anytime_td,0.5,draftkings,New York Giants @ Washington Commanders,2026-10-11T17:00:00Z,950,
Devin Singletary,anytime_td,0.5,draftkings,New York Giants @ Washington Commanders,2026-10-11T17:00:00Z,1100,
John Bates,anytime_td,0.5,draftkings,New York Giants @ Washington Commanders,2026-10-11T17:00:00Z,1500,
Ben Sinnott,anytime_td,0.5,draftkings,New York Giants @ Washington Commanders,2026-10-11T17:00:00Z,1500,
Luke McCaffrey,anytime_td,0.5,draftkings,New York Giants @ Washington Commanders,2026-10-11T17:00:00Z,1900,
Charlie Jones,anytime_td,0.5,draftkings,New York Giants @ Washington Commanders,2026-10-11T17:00:00Z,1900,
Colson Yankoff,anytime_td,0.5,draftkings,New York Giants @ Washington Commanders,2026-10-11T17:00:00Z,2500,
Patrick Ricard,anytime_td,0.5,draftkings,New York Giants @ Washington Commanders,2026-10-11T17:00:00Z,2800,
Chris Manhertz,anytime_td,0.5,draftkings,New York Giants @ Washington Commanders,2026-10-11T17:00:00Z,2800,
Thomas Fidone,anytime_td,0.5,draftkings,New York Giants @ Washington Commanders,2026-10-11T17:00:00Z,3000,
Jameis Winston,pass_yds,199.5,draftkings,New York Giants @ Washington Commanders,2026-10-11T17:00:00Z,-111,-113
Jayden Daniels,pass_yds,198.5,draftkings,New York Giants @ Washington Commanders,2026-10-11T17:00:00Z,-112,-112
Malik Nabers,rec_yds,55.5,draftkings,New York Giants @ Washington Commanders,2026-10-11T17:00:00Z,-113,-111
Isaiah Likely,rec_yds,41.5,draftkings,New York Giants @ Washington Commanders,2026-10-11T17:00:00Z,-111,-113
Malachi Fields,rec_yds,27.5,draftkings,New York Giants @ Washington Commanders,2026-10-11T17:00:00Z,-110,-114
Darnell Mooney,rec_yds,17.5,draftkings,New York Giants @ Washington Commanders,2026-10-11T17:00:00Z,-114,-110
Cam Skattebo,rec_yds,13.5,draftkings,New York Giants @ Washington Commanders,2026-10-11T17:00:00Z,-111,-113
Malik Nabers,receptions,5.5,draftkings,New York Giants @ Washington Commanders,2026-10-11T17:00:00Z,112,-142
Isaiah Likely,receptions,4.5,draftkings,New York Giants @ Washington Commanders,2026-10-11T17:00:00Z,-110,-116
Malachi Fields,receptions,2.5,draftkings,New York Giants @ Washington Commanders,2026-10-11T17:00:00Z,126,-161
Cam Skattebo,receptions,2.5,draftkings,New York Giants @ Washington Commanders,2026-10-11T17:00:00Z,127,-162
Darnell Mooney,receptions,1.5,draftkings,New York Giants @ Washington Commanders,2026-10-11T17:00:00Z,-116,-110
Cam Skattebo,rush_yds,56.5,draftkings,New York Giants @ Washington Commanders,2026-10-11T17:00:00Z,-114,-110
Jacory Croskey-Merritt,rush_yds,55.5,draftkings,New York Giants @ Washington Commanders,2026-10-11T17:00:00Z,-115,-109
Jayden Daniels,rush_yds,31.5,draftkings,New York Giants @ Washington Commanders,2026-10-11T17:00:00Z,-109,-115
Najee Harris,rush_yds,29.5,draftkings,New York Giants @ Washington Commanders,2026-10-11T17:00:00Z,-112,-112
Jameis Winston,rush_yds,2.5,draftkings,New York Giants @ Washington Commanders,2026-10-11T17:00:00Z,-112,-112
Cam Skattebo,anytime_td,0.5,fanduel,New York Giants @ Washington Commanders,2026-10-11T17:00:00Z,125,
Jacory Croskey-Merritt,anytime_td,0.5,fanduel,New York Giants @ Washington Commanders,2026-10-11T17:00:00Z,155,
Stefon Diggs,anytime_td,0.5,fanduel,New York Giants @ Washington Commanders,2026-10-11T17:00:00Z,170,
Terry McLaurin,anytime_td,0.5,fanduel,New York Giants @ Washington Commanders,2026-10-11T17:00:00Z,170,
Rachaad White,anytime_td,0.5,fanduel,New York Giants @ Washington Commanders,2026-10-11T17:00:00Z,200,
Jayden Daniels,anytime_td,0.5,fanduel,New York Giants @ Washington Commanders,2026-10-11T17:00:00Z,210,
Malik Nabers,anytime_td,0.5,fanduel,New York Giants @ Washington Commanders,2026-10-11T17:00:00Z,220,
Isaiah Likely,anytime_td,0.5,fanduel,New York Giants @ Washington Commanders,2026-10-11T17:00:00Z,240,
Antonio Williams,anytime_td,0.5,fanduel,New York Giants @ Washington Commanders,2026-10-11T17:00:00Z,320,
Chig Okonkwo,anytime_td,0.5,fanduel,New York Giants @ Washington Commanders,2026-10-11T17:00:00Z,330,
Dyami Brown,anytime_td,0.5,fanduel,New York Giants @ Washington Commanders,2026-10-11T17:00:00Z,370,
Treylon Burks,anytime_td,0.5,fanduel,New York Giants @ Washington Commanders,2026-10-11T17:00:00Z,370,
Najee Harris,anytime_td,0.5,fanduel,New York Giants @ Washington Commanders,2026-10-11T17:00:00Z,420,
Malachi Fields,anytime_td,0.5,fanduel,New York Giants @ Washington Commanders,2026-10-11T17:00:00Z,440,
Austin Ekeler,anytime_td,0.5,fanduel,New York Giants @ Washington Commanders,2026-10-11T17:00:00Z,490,
Theo Johnson,anytime_td,0.5,fanduel,New York Giants @ Washington Commanders,2026-10-11T17:00:00Z,700,
Washington Commanders Defense,anytime_td,0.5,fanduel,New York Giants @ Washington Commanders,2026-10-11T17:00:00Z,750,
New York Giants Defense,anytime_td,0.5,fanduel,New York Giants @ Washington Commanders,2026-10-11T17:00:00Z,750,
Darnell Mooney,anytime_td,0.5,fanduel,New York Giants @ Washington Commanders,2026-10-11T17:00:00Z,750,
Jameis Winston,anytime_td,0.5,fanduel,New York Giants @ Washington Commanders,2026-10-11T17:00:00Z,1000,
Luke McCaffrey,anytime_td,0.5,fanduel,New York Giants @ Washington Commanders,2026-10-11T17:00:00Z,1000,
Devin Singletary,anytime_td,0.5,fanduel,New York Giants @ Washington Commanders,2026-10-11T17:00:00Z,1100,
Tyrone Tracy Jr.,anytime_td,0.5,fanduel,New York Giants @ Washington Commanders,2026-10-11T17:00:00Z,1100,
John Bates,anytime_td,0.5,fanduel,New York Giants @ Washington Commanders,2026-10-11T17:00:00Z,1200,
Charlie Jones,anytime_td,0.5,fanduel,New York Giants @ Washington Commanders,2026-10-11T17:00:00Z,1400,
Ben Sinnott,anytime_td,0.5,fanduel,New York Giants @ Washington Commanders,2026-10-11T17:00:00Z,1500,
Colson Yankoff,anytime_td,0.5,fanduel,New York Giants @ Washington Commanders,2026-10-11T17:00:00Z,2500,
Patrick Ricard,anytime_td,0.5,fanduel,New York Giants @ Washington Commanders,2026-10-11T17:00:00Z,2700,
Chris Manhertz,anytime_td,0.5,fanduel,New York Giants @ Washington Commanders,2026-10-11T17:00:00Z,3000,
Thomas Fidone,anytime_td,0.5,fanduel,New York Giants @ Washington Commanders,2026-10-11T17:00:00Z,3000,
Jayden Daniels,pass_yds,198.5,fanduel,New York Giants @ Washington Commanders,2026-10-11T17:00:00Z,-114,-114
Jameis Winston,pass_yds,201.5,fanduel,New York Giants @ Washington Commanders,2026-10-11T17:00:00Z,-114,-114
Darnell Mooney,rec_yds,18.5,fanduel,New York Giants @ Washington Commanders,2026-10-11T17:00:00Z,-114,-114
Cam Skattebo,rec_yds,12.5,fanduel,New York Giants @ Washington Commanders,2026-10-11T17:00:00Z,-114,-114
Malik Nabers,rec_yds,54.5,fanduel,New York Giants @ Washington Commanders,2026-10-11T17:00:00Z,-114,-114
Malachi Fields,rec_yds,27.5,fanduel,New York Giants @ Washington Commanders,2026-10-11T17:00:00Z,-114,-114
Isaiah Likely,rec_yds,40.5,fanduel,New York Giants @ Washington Commanders,2026-10-11T17:00:00Z,-114,-114
Isaiah Likely,receptions,4.5,fanduel,New York Giants @ Washington Commanders,2026-10-11T17:00:00Z,106,-140
Cam Skattebo,receptions,1.5,fanduel,New York Giants @ Washington Commanders,2026-10-11T17:00:00Z,-205,152
Malachi Fields,receptions,2.5,fanduel,New York Giants @ Washington Commanders,2026-10-11T17:00:00Z,118,-158
Darnell Mooney,receptions,1.5,fanduel,New York Giants @ Washington Commanders,2026-10-11T17:00:00Z,-132,100
Malik Nabers,receptions,5.5,fanduel,New York Giants @ Washington Commanders,2026-10-11T17:00:00Z,120,-160
Jayden Daniels,rush_yds,30.5,fanduel,New York Giants @ Washington Commanders,2026-10-11T17:00:00Z,-114,-114
Najee Harris,rush_yds,28.5,fanduel,New York Giants @ Washington Commanders,2026-10-11T17:00:00Z,-114,-114
Jameis Winston,rush_yds,2.5,fanduel,New York Giants @ Washington Commanders,2026-10-11T17:00:00Z,-102,-128
Cam Skattebo,rush_yds,56.5,fanduel,New York Giants @ Washington Commanders,2026-10-11T17:00:00Z,-114,-114
Jacory Croskey-Merritt,rush_yds,55.5,fanduel,New York Giants @ Washington Commanders,2026-10-11T17:00:00Z,-114,-114
Tyrone Tracy Jr.,anytime_td,0.5,betmgm,New York Giants @ Washington Commanders,2026-10-11T17:00:00Z,450,
Theo Johnson,anytime_td,0.5,betmgm,New York Giants @ Washington Commanders,2026-10-11T17:00:00Z,600,
Malik Nabers,anytime_td,0.5,betmgm,New York Giants @ Washington Commanders,2026-10-11T17:00:00Z,210,
Stefon Diggs,anytime_td,0.5,betmgm,New York Giants @ Washington Commanders,2026-10-11T17:00:00Z,165,
Terry McLaurin,anytime_td,0.5,betmgm,New York Giants @ Washington Commanders,2026-10-11T17:00:00Z,175,
Jameis Winston,anytime_td,0.5,betmgm,New York Giants @ Washington Commanders,2026-10-11T17:00:00Z,775,
Malachi Fields,anytime_td,0.5,betmgm,New York Giants @ Washington Commanders,2026-10-11T17:00:00Z,390,
Darnell Mooney,anytime_td,0.5,betmgm,New York Giants @ Washington Commanders,2026-10-11T17:00:00Z,575,
Cam Skattebo,anytime_td,0.5,betmgm,New York Giants @ Washington Commanders,2026-10-11T17:00:00Z,100,
Jayden Daniels,anytime_td,0.5,betmgm,New York Giants @ Washington Commanders,2026-10-11T17:00:00Z,260,
Chig Okonkwo,anytime_td,0.5,betmgm,New York Giants @ Washington Commanders,2026-10-11T17:00:00Z,325,
Isaiah Likely,anytime_td,0.5,betmgm,New York Giants @ Washington Commanders,2026-10-11T17:00:00Z,250,
Rachaad White,anytime_td,0.5,betmgm,New York Giants @ Washington Commanders,2026-10-11T17:00:00Z,140,
Jacory Croskey-Merritt,anytime_td,0.5,betmgm,New York Giants @ Washington Commanders,2026-10-11T17:00:00Z,100,
Washington Commanders D/ST,anytime_td,0.5,betmgm,New York Giants @ Washington Commanders,2026-10-11T17:00:00Z,425,
New York Giants D/ST,anytime_td,0.5,betmgm,New York Giants @ Washington Commanders,2026-10-11T17:00:00Z,600,
Jayden Daniels,pass_yds,203.5,betmgm,New York Giants @ Washington Commanders,2026-10-11T17:00:00Z,-115,-115
Jameis Winston,pass_yds,203.5,betmgm,New York Giants @ Washington Commanders,2026-10-11T17:00:00Z,-115,-115
J.K. Dobbins,anytime_td,0.5,draftkings,Denver Broncos @ Los Angeles Chargers,2026-10-11T20:05:00Z,135,
Omarion Hampton,anytime_td,0.5,draftkings,Denver Broncos @ Los Angeles Chargers,2026-10-11T20:05:00Z,170,
RJ Harvey,anytime_td,0.5,draftkings,Denver Broncos @ Los Angeles Chargers,2026-10-11T20:05:00Z,195,
Jaylen Waddle,anytime_td,0.5,draftkings,Denver Broncos @ Los Angeles Chargers,2026-10-11T20:05:00Z,200,
Courtland Sutton,anytime_td,0.5,draftkings,Denver Broncos @ Los Angeles Chargers,2026-10-11T20:05:00Z,205,
Quentin Johnston,anytime_td,0.5,draftkings,Denver Broncos @ Los Angeles Chargers,2026-10-11T20:05:00Z,275,
Keaton Mitchell,anytime_td,0.5,draftkings,Denver Broncos @ Los Angeles Chargers,2026-10-11T20:05:00Z,280,
Tre Harris,anytime_td,0.5,draftkings,Denver Broncos @ Los Angeles Chargers,2026-10-11T20:05:00Z,330,
Oronde Gadsden II,anytime_td,0.5,draftkings,Denver Broncos @ Los Angeles Chargers,2026-10-11T20:05:00Z,330,
Bo Nix,anytime_td,0.5,draftkings,Denver Broncos @ Los Angeles Chargers,2026-10-11T20:05:00Z,425,
Evan Engram,anytime_td,0.5,draftkings,Denver Broncos @ Los Angeles Chargers,2026-10-11T20:05:00Z,475,
Denver Broncos D/ST,anytime_td,0.5,draftkings,Denver Broncos @ Los Angeles Chargers,2026-10-11T20:05:00Z,500,
Justin Herbert,anytime_td,0.5,draftkings,Denver Broncos @ Los Angeles Chargers,2026-10-11T20:05:00Z,500,
Los Angeles Chargers D/ST,anytime_td,0.5,draftkings,Denver Broncos @ Los Angeles Chargers,2026-10-11T20:05:00Z,550,
Kimani Vidal,anytime_td,0.5,draftkings,Denver Broncos @ Los Angeles Chargers,2026-10-11T20:05:00Z,550,
Troy Franklin,anytime_td,0.5,draftkings,Denver Broncos @ Los Angeles Chargers,2026-10-11T20:05:00Z,650,
Tyler Badie,anytime_td,0.5,draftkings,Denver Broncos @ Los Angeles Chargers,2026-10-11T20:05:00Z,750,
Marvin Mims Jr.,anytime_td,0.5,draftkings,Denver Broncos @ Los Angeles Chargers,2026-10-11T20:05:00Z,850,
Adam Trautman,anytime_td,0.5,draftkings,Denver Broncos @ Los Angeles Chargers,2026-10-11T20:05:00Z,900,
Nate Adkins,anytime_td,0.5,draftkings,Denver Broncos @ Los Angeles Chargers,2026-10-11T20:05:00Z,1200,
Brenen Thompson,anytime_td,0.5,draftkings,Denver Broncos @ Los Angeles Chargers,2026-10-11T20:05:00Z,1200,
Marquez Valdes-Scantling,anytime_td,0.5,draftkings,Denver Broncos @ Los Angeles Chargers,2026-10-11T20:05:00Z,1200,
Derius Davis,anytime_td,0.5,draftkings,Denver Broncos @ Los Angeles Chargers,2026-10-11T20:05:00Z,1300,
Hayden Rucci,anytime_td,0.5,draftkings,Denver Broncos @ Los Angeles Chargers,2026-10-11T20:05:00Z,1800,
Adam Prentice,anytime_td,0.5,draftkings,Denver Broncos @ Los Angeles Chargers,2026-10-11T20:05:00Z,2000,
Dallen Bentley,anytime_td,0.5,draftkings,Denver Broncos @ Los Angeles Chargers,2026-10-11T20:05:00Z,2200,
Alec Ingold,anytime_td,0.5,draftkings,Denver Broncos @ Los Angeles Chargers,2026-10-11T20:05:00Z,2500,
Bo Nix,pass_yds,220.5,draftkings,Denver Broncos @ Los Angeles Chargers,2026-10-11T20:05:00Z,-111,-113
Justin Herbert,pass_yds,199.5,draftkings,Denver Broncos @ Los Angeles Chargers,2026-10-11T20:05:00Z,-113,-111
Jaylen Waddle,rec_yds,54.5,draftkings,Denver Broncos @ Los Angeles Chargers,2026-10-11T20:05:00Z,-110,-114
Courtland Sutton,rec_yds,36.5,draftkings,Denver Broncos @ Los Angeles Chargers,2026-10-11T20:05:00Z,-113,-111
RJ Harvey,rec_yds,26.5,draftkings,Denver Broncos @ Los Angeles Chargers,2026-10-11T20:05:00Z,-116,-108
Troy Franklin,rec_yds,19.5,draftkings,Denver Broncos @ Los Angeles Chargers,2026-10-11T20:05:00Z,-110,-114
Evan Engram,rec_yds,16.5,draftkings,Denver Broncos @ Los Angeles Chargers,2026-10-11T20:05:00Z,-116,-108
Marvin Mims Jr.,rec_yds,12.5,draftkings,Denver Broncos @ Los Angeles Chargers,2026-10-11T20:05:00Z,-107,-117
Jaylen Waddle,receptions,4.5,draftkings,Denver Broncos @ Los Angeles Chargers,2026-10-11T20:05:00Z,-106,-120
RJ Harvey,receptions,3.5,draftkings,Denver Broncos @ Los Angeles Chargers,2026-10-11T20:05:00Z,-166,130
Courtland Sutton,receptions,3.5,draftkings,Denver Broncos @ Los Angeles Chargers,2026-10-11T20:05:00Z,107,-137
Evan Engram,receptions,2.5,draftkings,Denver Broncos @ Los Angeles Chargers,2026-10-11T20:05:00Z,131,-168
Troy Franklin,receptions,1.5,draftkings,Denver Broncos @ Los Angeles Chargers,2026-10-11T20:05:00Z,-116,-110
Marvin Mims Jr.,receptions,1.5,draftkings,Denver Broncos @ Los Angeles Chargers,2026-10-11T20:05:00Z,116,-148
J.K. Dobbins,rush_yds,51.5,draftkings,Denver Broncos @ Los Angeles Chargers,2026-10-11T20:05:00Z,-113,-111
Omarion Hampton,rush_yds,39.5,draftkings,Denver Broncos @ Los Angeles Chargers,2026-10-11T20:05:00Z,-110,-114
Keaton Mitchell,rush_yds,31.5,draftkings,Denver Broncos @ Los Angeles Chargers,2026-10-11T20:05:00Z,-113,-111
Justin Herbert,rush_yds,26.5,draftkings,Denver Broncos @ Los Angeles Chargers,2026-10-11T20:05:00Z,-111,-113
RJ Harvey,rush_yds,22.5,draftkings,Denver Broncos @ Los Angeles Chargers,2026-10-11T20:05:00Z,-117,-107
Bo Nix,rush_yds,14.5,draftkings,Denver Broncos @ Los Angeles Chargers,2026-10-11T20:05:00Z,-107,-117
J.K. Dobbins,anytime_td,0.5,fanduel,Denver Broncos @ Los Angeles Chargers,2026-10-11T20:05:00Z,145,
Omarion Hampton,anytime_td,0.5,fanduel,Denver Broncos @ Los Angeles Chargers,2026-10-11T20:05:00Z,170,
Courtland Sutton,anytime_td,0.5,fanduel,Denver Broncos @ Los Angeles Chargers,2026-10-11T20:05:00Z,195,
Jaylen Waddle,anytime_td,0.5,fanduel,Denver Broncos @ Los Angeles Chargers,2026-10-11T20:05:00Z,190,
RJ Harvey,anytime_td,0.5,fanduel,Denver Broncos @ Los Angeles Chargers,2026-10-11T20:05:00Z,200,
Quentin Johnston,anytime_td,0.5,fanduel,Denver Broncos @ Los Angeles Chargers,2026-10-11T20:05:00Z,260,
Keaton Mitchell,anytime_td,0.5,fanduel,Denver Broncos @ Los Angeles Chargers,2026-10-11T20:05:00Z,290,
Oronde Gadsden II,anytime_td,0.5,fanduel,Denver Broncos @ Los Angeles Chargers,2026-10-11T20:05:00Z,330,
Tre Harris,anytime_td,0.5,fanduel,Denver Broncos @ Los Angeles Chargers,2026-10-11T20:05:00Z,360,
Bo Nix,anytime_td,0.5,fanduel,Denver Broncos @ Los Angeles Chargers,2026-10-11T20:05:00Z,410,
Evan Engram,anytime_td,0.5,fanduel,Denver Broncos @ Los Angeles Chargers,2026-10-11T20:05:00Z,450,
Kimani Vidal,anytime_td,0.5,fanduel,Denver Broncos @ Los Angeles Chargers,2026-10-11T20:05:00Z,500,
Justin Herbert,anytime_td,0.5,fanduel,Denver Broncos @ Los Angeles Chargers,2026-10-11T20:05:00Z,600,
Troy Franklin,anytime_td,0.5,fanduel,Denver Broncos @ Los Angeles Chargers,2026-10-11T20:05:00Z,650,
Denver Broncos Defense,anytime_td,0.5,fanduel,Denver Broncos @ Los Angeles Chargers,2026-10-11T20:05:00Z,700,
Tyler Badie,anytime_td,0.5,fanduel,Denver Broncos @ Los Angeles Chargers,2026-10-11T20:05:00Z,800,
Marvin Mims Jr.,anytime_td,0.5,fanduel,Denver Broncos @ Los Angeles Chargers,2026-10-11T20:05:00Z,850,
Adam Trautman,anytime_td,0.5,fanduel,Denver Broncos @ Los Angeles Chargers,2026-10-11T20:05:00Z,850,
Nate Adkins,anytime_td,0.5,fanduel,Denver Broncos @ Los Angeles Chargers,2026-10-11T20:05:00Z,1000,
Los Angeles Chargers Defense,anytime_td,0.5,fanduel,Denver Broncos @ Los Angeles Chargers,2026-10-11T20:05:00Z,1100,
Brenen Thompson,anytime_td,0.5,fanduel,Denver Broncos @ Los Angeles Chargers,2026-10-11T20:05:00Z,1200,
Marquez Valdes-Scantling,anytime_td,0.5,fanduel,Denver Broncos @ Los Angeles Chargers,2026-10-11T20:05:00Z,1200,
Derius Davis,anytime_td,0.5,fanduel,Denver Broncos @ Los Angeles Chargers,2026-10-11T20:05:00Z,1400,
Hayden Rucci,anytime_td,0.5,fanduel,Denver Broncos @ Los Angeles Chargers,2026-10-11T20:05:00Z,1600,
Alec Ingold,anytime_td,0.5,fanduel,Denver Broncos @ Los Angeles Chargers,2026-10-11T20:05:00Z,1900,
Adam Prentice,anytime_td,0.5,fanduel,Denver Broncos @ Los Angeles Chargers,2026-10-11T20:05:00Z,2200,
Dallen Bentley,anytime_td,0.5,fanduel,Denver Broncos @ Los Angeles Chargers,2026-10-11T20:05:00Z,2200,
Bo Nix,pass_yds,223.5,fanduel,Denver Broncos @ Los Angeles Chargers,2026-10-11T20:05:00Z,-114,-114
Justin Herbert,pass_yds,200.5,fanduel,Denver Broncos @ Los Angeles Chargers,2026-10-11T20:05:00Z,-114,-114
Jaylen Waddle,rec_yds,53.5,fanduel,Denver Broncos @ Los Angeles Chargers,2026-10-11T20:05:00Z,-114,-114
Courtland Sutton,rec_yds,36.5,fanduel,Denver Broncos @ Los Angeles Chargers,2026-10-11T20:05:00Z,-114,-114
Troy Franklin,rec_yds,19.5,fanduel,Denver Broncos @ Los Angeles Chargers,2026-10-11T20:05:00Z,-114,-114
Evan Engram,rec_yds,17.5,fanduel,Denver Broncos @ Los Angeles Chargers,2026-10-11T20:05:00Z,-114,-114
RJ Harvey,rec_yds,27.5,fanduel,Denver Broncos @ Los Angeles Chargers,2026-10-11T20:05:00Z,-114,-114
Marvin Mims Jr.,rec_yds,13.5,fanduel,Denver Broncos @ Los Angeles Chargers,2026-10-11T20:05:00Z,-114,-114
Evan Engram,receptions,2.5,fanduel,Denver Broncos @ Los Angeles Chargers,2026-10-11T20:05:00Z,124,-166
Marvin Mims Jr.,receptions,1.5,fanduel,Denver Broncos @ Los Angeles Chargers,2026-10-11T20:05:00Z,106,-140
Troy Franklin,receptions,1.5,fanduel,Denver Broncos @ Los Angeles Chargers,2026-10-11T20:05:00Z,-114,-114
RJ Harvey,receptions,3.5,fanduel,Denver Broncos @ Los Angeles Chargers,2026-10-11T20:05:00Z,-174,130
Jaylen Waddle,receptions,4.5,fanduel,Denver Broncos @ Los Angeles Chargers,2026-10-11T20:05:00Z,-114,-114
Courtland Sutton,receptions,3.5,fanduel,Denver Broncos @ Los Angeles Chargers,2026-10-11T20:05:00Z,102,-136
Keaton Mitchell,rush_yds,32.5,fanduel,Denver Broncos @ Los Angeles Chargers,2026-10-11T20:05:00Z,-114,-114
J.K. Dobbins,rush_yds,49.5,fanduel,Denver Broncos @ Los Angeles Chargers,2026-10-11T20:05:00Z,-114,-114
Bo Nix,rush_yds,13.5,fanduel,Denver Broncos @ Los Angeles Chargers,2026-10-11T20:05:00Z,-114,-114
Omarion Hampton,rush_yds,37.5,fanduel,Denver Broncos @ Los Angeles Chargers,2026-10-11T20:05:00Z,-114,-114
Justin Herbert,rush_yds,24.5,fanduel,Denver Broncos @ Los Angeles Chargers,2026-10-11T20:05:00Z,-114,-114
RJ Harvey,rush_yds,21.5,fanduel,Denver Broncos @ Los Angeles Chargers,2026-10-11T20:05:00Z,-114,-114
Ladd McConkey,anytime_td,0.5,betmgm,Denver Broncos @ Los Angeles Chargers,2026-10-11T20:05:00Z,240,
Troy Franklin,anytime_td,0.5,betmgm,Denver Broncos @ Los Angeles Chargers,2026-10-11T20:05:00Z,500,
Evan Engram,anytime_td,0.5,betmgm,Denver Broncos @ Los Angeles Chargers,2026-10-11T20:05:00Z,525,
Derius Davis,anytime_td,0.5,betmgm,Denver Broncos @ Los Angeles Chargers,2026-10-11T20:05:00Z,2000,
Quentin Johnston,anytime_td,0.5,betmgm,Denver Broncos @ Los Angeles Chargers,2026-10-11T20:05:00Z,290,
Kimani Vidal,anytime_td,0.5,betmgm,Denver Broncos @ Los Angeles Chargers,2026-10-11T20:05:00Z,550,
Tre Harris,anytime_td,0.5,betmgm,Denver Broncos @ Los Angeles Chargers,2026-10-11T20:05:00Z,300,
RJ Harvey,anytime_td,0.5,betmgm,Denver Broncos @ Los Angeles Chargers,2026-10-11T20:05:00Z,200,
Nate Adkins,anytime_td,0.5,betmgm,Denver Broncos @ Los Angeles Chargers,2026-10-11T20:05:00Z,1150,
Los Angeles Chargers D/ST,anytime_td,0.5,betmgm,Denver Broncos @ Los Angeles Chargers,2026-10-11T20:05:00Z,650,
Adam Trautman,anytime_td,0.5,betmgm,Denver Broncos @ Los Angeles Chargers,2026-10-11T20:05:00Z,1000,
Alec Ingold,anytime_td,0.5,betmgm,Denver Broncos @ Los Angeles Chargers,2026-10-11T20:05:00Z,1150,
Adam Prentice,anytime_td,0.5,betmgm,Denver Broncos @ Los Angeles Chargers,2026-10-11T20:05:00Z,1200,
Justin Herbert,anytime_td,0.5,betmgm,Denver Broncos @ Los Angeles Chargers,2026-10-11T20:05:00Z,425,
Bo Nix,anytime_td,0.5,betmgm,Denver Broncos @ Los Angeles Chargers,2026-10-11T20:05:00Z,325,
Omarion Hampton,anytime_td,0.5,betmgm,Denver Broncos @ Los Angeles Chargers,2026-10-11T20:05:00Z,165,
Tyler Badie,anytime_td,0.5,betmgm,Denver Broncos @ Los Angeles Chargers,2026-10-11T20:05:00Z,650,
Courtland Sutton,anytime_td,0.5,betmgm,Denver Broncos @ Los Angeles Chargers,2026-10-11T20:05:00Z,225,
J.K. Dobbins,anytime_td,0.5,betmgm,Denver Broncos @ Los Angeles Chargers,2026-10-11T20:05:00Z,145,
Marvin Mims Jr.,anytime_td,0.5,betmgm,Denver Broncos @ Los Angeles Chargers,2026-10-11T20:05:00Z,500,
Oronde Gadsden II,anytime_td,0.5,betmgm,Denver Broncos @ Los Angeles Chargers,2026-10-11T20:05:00Z,360,
Denver Broncos D/ST,anytime_td,0.5,betmgm,Denver Broncos @ Los Angeles Chargers,2026-10-11T20:05:00Z,500,
Hayden Rucci,anytime_td,0.5,betmgm,Denver Broncos @ Los Angeles Chargers,2026-10-11T20:05:00Z,1400,
Keaton Mitchell,anytime_td,0.5,betmgm,Denver Broncos @ Los Angeles Chargers,2026-10-11T20:05:00Z,310,
Marquez Valdes-Scantling,anytime_td,0.5,betmgm,Denver Broncos @ Los Angeles Chargers,2026-10-11T20:05:00Z,850,
Brenen Thompson,anytime_td,0.5,betmgm,Denver Broncos @ Los Angeles Chargers,2026-10-11T20:05:00Z,950,
Jaylen Waddle,anytime_td,0.5,betmgm,Denver Broncos @ Los Angeles Chargers,2026-10-11T20:05:00Z,210,
Charlie Kolar,anytime_td,0.5,betmgm,Denver Broncos @ Los Angeles Chargers,2026-10-11T20:05:00Z,850,
Bo Nix,pass_yds,222.5,betmgm,Denver Broncos @ Los Angeles Chargers,2026-10-11T20:05:00Z,-115,-115
Justin Herbert,pass_yds,202.5,betmgm,Denver Broncos @ Los Angeles Chargers,2026-10-11T20:05:00Z,-115,-115
RJ Harvey,rec_yds,27.5,betmgm,Denver Broncos @ Los Angeles Chargers,2026-10-11T20:05:00Z,-115,-115
Evan Engram,rec_yds,18.5,betmgm,Denver Broncos @ Los Angeles Chargers,2026-10-11T20:05:00Z,-105,-125
Courtland Sutton,rec_yds,40.5,betmgm,Denver Broncos @ Los Angeles Chargers,2026-10-11T20:05:00Z,-115,-115
Jaylen Waddle,rec_yds,53.5,betmgm,Denver Broncos @ Los Angeles Chargers,2026-10-11T20:05:00Z,-125,-105
RJ Harvey,receptions,3.5,betmgm,Denver Broncos @ Los Angeles Chargers,2026-10-11T20:05:00Z,-165,125
Evan Engram,receptions,2.5,betmgm,Denver Broncos @ Los Angeles Chargers,2026-10-11T20:05:00Z,125,-165
Courtland Sutton,receptions,3.5,betmgm,Denver Broncos @ Los Angeles Chargers,2026-10-11T20:05:00Z,110,-150
Jaylen Waddle,receptions,4.5,betmgm,Denver Broncos @ Los Angeles Chargers,2026-10-11T20:05:00Z,-111,-120
Bo Nix,rush_yds,13.5,betmgm,Denver Broncos @ Los Angeles Chargers,2026-10-11T20:05:00Z,-115,-115
Keaton Mitchell,rush_yds,30.5,betmgm,Denver Broncos @ Los Angeles Chargers,2026-10-11T20:05:00Z,-115,-115
Justin Herbert,rush_yds,23.5,betmgm,Denver Broncos @ Los Angeles Chargers,2026-10-11T20:05:00Z,-115,-115
Omarion Hampton,rush_yds,37.5,betmgm,Denver Broncos @ Los Angeles Chargers,2026-10-11T20:05:00Z,-115,-115
J.K. Dobbins,rush_yds,53.5,betmgm,Denver Broncos @ Los Angeles Chargers,2026-10-11T20:05:00Z,-115,-115
RJ Harvey,rush_yds,22.5,betmgm,Denver Broncos @ Los Angeles Chargers,2026-10-11T20:05:00Z,-110,-120
Jahmyr Gibbs,anytime_td,0.5,draftkings,Detroit Lions @ Arizona Cardinals,2026-10-11T20:25:00Z,-450,
Amon-Ra St. Brown,anytime_td,0.5,draftkings,Detroit Lions @ Arizona Cardinals,2026-10-11T20:25:00Z,-140,
Jeremiyah Love,anytime_td,0.5,draftkings,Detroit Lions @ Arizona Cardinals,2026-10-11T20:25:00Z,-135,
Trey McBride,anytime_td,0.5,draftkings,Detroit Lions @ Arizona Cardinals,2026-10-11T20:25:00Z,115,
Michael Wilson,anytime_td,0.5,draftkings,Detroit Lions @ Arizona Cardinals,2026-10-11T20:25:00Z,175,
Sam LaPorta,anytime_td,0.5,draftkings,Detroit Lions @ Arizona Cardinals,2026-10-11T20:25:00Z,180,
Jameson Williams,anytime_td,0.5,draftkings,Detroit Lions @ Arizona Cardinals,2026-10-11T20:25:00Z,180,
Tyler Allgeier,anytime_td,0.5,draftkings,Detroit Lions @ Arizona Cardinals,2026-10-11T20:25:00Z,215,
Marvin Harrison Jr.,anytime_td,0.5,draftkings,Detroit Lions @ Arizona Cardinals,2026-10-11T20:25:00Z,295,
Isaac TeSlaa,anytime_td,0.5,draftkings,Detroit Lions @ Arizona Cardinals,2026-10-11T20:25:00Z,450,
Kendrick Bourne,anytime_td,0.5,draftkings,Detroit Lions @ Arizona Cardinals,2026-10-11T20:25:00Z,550,
Jacoby Brissett,anytime_td,0.5,draftkings,Detroit Lions @ Arizona Cardinals,2026-10-11T20:25:00Z,600,
Detroit Lions D/ST,anytime_td,0.5,draftkings,Detroit Lions @ Arizona Cardinals,2026-10-11T20:25:00Z,600,
Brock Wright,anytime_td,0.5,draftkings,Detroit Lions @ Arizona Cardinals,2026-10-11T20:25:00Z,650,
Sione Vaki,anytime_td,0.5,draftkings,Detroit Lions @ Arizona Cardinals,2026-10-11T20:25:00Z,700,
Arizona Cardinals D/ST,anytime_td,0.5,draftkings,Detroit Lions @ Arizona Cardinals,2026-10-11T20:25:00Z,750,
Elijah Higgins,anytime_td,0.5,draftkings,Detroit Lions @ Arizona Cardinals,2026-10-11T20:25:00Z,1100,
Jared Goff,anytime_td,0.5,draftkings,Detroit Lions @ Arizona Cardinals,2026-10-11T20:25:00Z,1300,
Tyler Conklin,anytime_td,0.5,draftkings,Detroit Lions @ Arizona Cardinals,2026-10-11T20:25:00Z,1400,
Devin Duvernay,anytime_td,0.5,draftkings,Detroit Lions @ Arizona Cardinals,2026-10-11T20:25:00Z,1700,
Jackson Meeks,anytime_td,0.5,draftkings,Detroit Lions @ Arizona Cardinals,2026-10-11T20:25:00Z,1800,
Zonovan Knight,anytime_td,0.5,draftkings,Detroit Lions @ Arizona Cardinals,2026-10-11T20:25:00Z,2000,
Tom Kennedy,anytime_td,0.5,draftkings,Detroit Lions @ Arizona Cardinals,2026-10-11T20:25:00Z,2200,
Reggie Virgil,anytime_td,0.5,draftkings,Detroit Lions @ Arizona Cardinals,2026-10-11T20:25:00Z,2200,
Jalen Brooks,anytime_td,0.5,draftkings,Detroit Lions @ Arizona Cardinals,2026-10-11T20:25:00Z,2500,
Jacob Saylors,anytime_td,0.5,draftkings,Detroit Lions @ Arizona Cardinals,2026-10-11T20:25:00Z,2500,
Teagan Quitoriano,anytime_td,0.5,draftkings,Detroit Lions @ Arizona Cardinals,2026-10-11T20:25:00Z,2500,
Simi Fehoko,anytime_td,0.5,draftkings,Detroit Lions @ Arizona Cardinals,2026-10-11T20:25:00Z,3000,
Tay Martin,anytime_td,0.5,draftkings,Detroit Lions @ Arizona Cardinals,2026-10-11T20:25:00Z,3000,
Jared Goff,pass_yds,279.5,draftkings,Detroit Lions @ Arizona Cardinals,2026-10-11T20:25:00Z,-112,-112
Jacoby Brissett,pass_yds,269.5,draftkings,Detroit Lions @ Arizona Cardinals,2026-10-11T20:25:00Z,-111,-113
Trey McBride,rec_yds,81.5,draftkings,Detroit Lions @ Arizona Cardinals,2026-10-11T20:25:00Z,-111,-113
Amon-Ra St. Brown,rec_yds,80.5,draftkings,Detroit Lions @ Arizona Cardinals,2026-10-11T20:25:00Z,-110,-114
Michael Wilson,rec_yds,73.5,draftkings,Detroit Lions @ Arizona Cardinals,2026-10-11T20:25:00Z,-112,-112
Jameson Williams,rec_yds,53.5,draftkings,Detroit Lions @ Arizona Cardinals,2026-10-11T20:25:00Z,-111,-113
Sam LaPorta,rec_yds,51.5,draftkings,Detroit Lions @ Arizona Cardinals,2026-10-11T20:25:00Z,-110,-115
Jahmyr Gibbs,rec_yds,37.5,draftkings,Detroit Lions @ Arizona Cardinals,2026-10-11T20:25:00Z,-112,-112
Marvin Harrison Jr.,rec_yds,34.5,draftkings,Detroit Lions @ Arizona Cardinals,2026-10-11T20:25:00Z,-111,-113
Isaac TeSlaa,rec_yds,25.5,draftkings,Detroit Lions @ Arizona Cardinals,2026-10-11T20:25:00Z,-112,-112
Kendrick Bourne,rec_yds,24.5,draftkings,Detroit Lions @ Arizona Cardinals,2026-10-11T20:25:00Z,-108,-116
Tyler Allgeier,rec_yds,11.5,draftkings,Detroit Lions @ Arizona Cardinals,2026-10-11T20:25:00Z,-117,-107
Jeremiyah Love,rec_yds,11.5,draftkings,Detroit Lions @ Arizona Cardinals,2026-10-11T20:25:00Z,-110,-114
Trey McBride,receptions,7.5,draftkings,Detroit Lions @ Arizona Cardinals,2026-10-11T20:25:00Z,-135,106
Amon-Ra St. Brown,receptions,7.5,draftkings,Detroit Lions @ Arizona Cardinals,2026-10-11T20:25:00Z,106,-135
Michael Wilson,receptions,5.5,draftkings,Detroit Lions @ Arizona Cardinals,2026-10-11T20:25:00Z,-140,110
Sam LaPorta,receptions,4.5,draftkings,Detroit Lions @ Arizona Cardinals,2026-10-11T20:25:00Z,-152,119
Jahmyr Gibbs,receptions,4.5,draftkings,Detroit Lions @ Arizona Cardinals,2026-10-11T20:25:00Z,-123,-103
Jameson Williams,receptions,3.5,draftkings,Detroit Lions @ Arizona Cardinals,2026-10-11T20:25:00Z,-132,104
Marvin Harrison Jr.,receptions,2.5,draftkings,Detroit Lions @ Arizona Cardinals,2026-10-11T20:25:00Z,-141,110
Jeremiyah Love,receptions,2.5,draftkings,Detroit Lions @ Arizona Cardinals,2026-10-11T20:25:00Z,102,-130
Kendrick Bourne,receptions,2.5,draftkings,Detroit Lions @ Arizona Cardinals,2026-10-11T20:25:00Z,107,-136
Isaac TeSlaa,receptions,2.5,draftkings,Detroit Lions @ Arizona Cardinals,2026-10-11T20:25:00Z,131,-167
Tyler Allgeier,receptions,1.5,draftkings,Detroit Lions @ Arizona Cardinals,2026-10-11T20:25:00Z,-167,131
Jahmyr Gibbs,rush_yds,93.5,draftkings,Detroit Lions @ Arizona Cardinals,2026-10-11T20:25:00Z,-111,-112
Jeremiyah Love,rush_yds,46.5,draftkings,Detroit Lions @ Arizona Cardinals,2026-10-11T20:25:00Z,-112,-112
Tyler Allgeier,rush_yds,25.5,draftkings,Detroit Lions @ Arizona Cardinals,2026-10-11T20:25:00Z,-114,-110
Jacoby Brissett,rush_yds,7.5,draftkings,Detroit Lions @ Arizona Cardinals,2026-10-11T20:25:00Z,-111,-113
Jared Goff,rush_yds,0.5,draftkings,Detroit Lions @ Arizona Cardinals,2026-10-11T20:25:00Z,-117,-107
Jahmyr Gibbs,anytime_td,0.5,fanduel,Detroit Lions @ Arizona Cardinals,2026-10-11T20:25:00Z,-450,
Amon-Ra St. Brown,anytime_td,0.5,fanduel,Detroit Lions @ Arizona Cardinals,2026-10-11T20:25:00Z,-145,
Jeremiyah Love,anytime_td,0.5,fanduel,Detroit Lions @ Arizona Cardinals,2026-10-11T20:25:00Z,-130,
Trey McBride,anytime_td,0.5,fanduel,Detroit Lions @ Arizona Cardinals,2026-10-11T20:25:00Z,115,
Sam LaPorta,anytime_td,0.5,fanduel,Detroit Lions @ Arizona Cardinals,2026-10-11T20:25:00Z,165,
Michael Wilson,anytime_td,0.5,fanduel,Detroit Lions @ Arizona Cardinals,2026-10-11T20:25:00Z,170,
Jameson Williams,anytime_td,0.5,fanduel,Detroit Lions @ Arizona Cardinals,2026-10-11T20:25:00Z,180,
Tyler Allgeier,anytime_td,0.5,fanduel,Detroit Lions @ Arizona Cardinals,2026-10-11T20:25:00Z,220,
Marvin Harrison Jr.,anytime_td,0.5,fanduel,Detroit Lions @ Arizona Cardinals,2026-10-11T20:25:00Z,310,
Isaac TeSlaa,anytime_td,0.5,fanduel,Detroit Lions @ Arizona Cardinals,2026-10-11T20:25:00Z,410,
Kendrick Bourne,anytime_td,0.5,fanduel,Detroit Lions @ Arizona Cardinals,2026-10-11T20:25:00Z,500,
Jacoby Brissett,anytime_td,0.5,fanduel,Detroit Lions @ Arizona Cardinals,2026-10-11T20:25:00Z,500,
Detroit Lions Defense,anytime_td,0.5,fanduel,Detroit Lions @ Arizona Cardinals,2026-10-11T20:25:00Z,550,
Brock Wright,anytime_td,0.5,fanduel,Detroit Lions @ Arizona Cardinals,2026-10-11T20:25:00Z,650,
Sione Vaki,anytime_td,0.5,fanduel,Detroit Lions @ Arizona Cardinals,2026-10-11T20:25:00Z,700,
Arizona Cardinals Defense,anytime_td,0.5,fanduel,Detroit Lions @ Arizona Cardinals,2026-10-11T20:25:00Z,700,
Jared Goff,anytime_td,0.5,fanduel,Detroit Lions @ Arizona Cardinals,2026-10-11T20:25:00Z,1100,
Elijah Higgins,anytime_td,0.5,fanduel,Detroit Lions @ Arizona Cardinals,2026-10-11T20:25:00Z,1100,
Devin Duvernay,anytime_td,0.5,fanduel,Detroit Lions @ Arizona Cardinals,2026-10-11T20:25:00Z,1600,
Bam Knight,anytime_td,0.5,fanduel,Detroit Lions @ Arizona Cardinals,2026-10-11T20:25:00Z,1600,
Jackson Meeks,anytime_td,0.5,fanduel,Detroit Lions @ Arizona Cardinals,2026-10-11T20:25:00Z,1700,
Tyler Conklin,anytime_td,0.5,fanduel,Detroit Lions @ Arizona Cardinals,2026-10-11T20:25:00Z,1700,
Teagan Quitoriano,anytime_td,0.5,fanduel,Detroit Lions @ Arizona Cardinals,2026-10-11T20:25:00Z,2000,
Tom Kennedy,anytime_td,0.5,fanduel,Detroit Lions @ Arizona Cardinals,2026-10-11T20:25:00Z,2000,
Reggie Virgil,anytime_td,0.5,fanduel,Detroit Lions @ Arizona Cardinals,2026-10-11T20:25:00Z,2200,
Jalen Brooks,anytime_td,0.5,fanduel,Detroit Lions @ Arizona Cardinals,2026-10-11T20:25:00Z,2200,
Simi Fehoko,anytime_td,0.5,fanduel,Detroit Lions @ Arizona Cardinals,2026-10-11T20:25:00Z,2700,
Tay Martin,anytime_td,0.5,fanduel,Detroit Lions @ Arizona Cardinals,2026-10-11T20:25:00Z,3000,
Jacob Saylors,anytime_td,0.5,fanduel,Detroit Lions @ Arizona Cardinals,2026-10-11T20:25:00Z,3300,
Jared Goff,pass_yds,280.5,fanduel,Detroit Lions @ Arizona Cardinals,2026-10-11T20:25:00Z,-114,-114
Jacoby Brissett,pass_yds,266.5,fanduel,Detroit Lions @ Arizona Cardinals,2026-10-11T20:25:00Z,-114,-114
Sam LaPorta,rec_yds,51.5,fanduel,Detroit Lions @ Arizona Cardinals,2026-10-11T20:25:00Z,-114,-114
Isaac TeSlaa,rec_yds,25.5,fanduel,Detroit Lions @ Arizona Cardinals,2026-10-11T20:25:00Z,-114,-114
Marvin Harrison Jr.,rec_yds,34.5,fanduel,Detroit Lions @ Arizona Cardinals,2026-10-11T20:25:00Z,-114,-114
Jameson Williams,rec_yds,51.5,fanduel,Detroit Lions @ Arizona Cardinals,2026-10-11T20:25:00Z,-114,-114
Trey McBride,rec_yds,80.5,fanduel,Detroit Lions @ Arizona Cardinals,2026-10-11T20:25:00Z,-114,-114
Tyler Allgeier,rec_yds,9.5,fanduel,Detroit Lions @ Arizona Cardinals,2026-10-11T20:25:00Z,-114,-114
Jeremiyah Love,rec_yds,11.5,fanduel,Detroit Lions @ Arizona Cardinals,2026-10-11T20:25:00Z,-114,-114
Jahmyr Gibbs,rec_yds,37.5,fanduel,Detroit Lions @ Arizona Cardinals,2026-10-11T20:25:00Z,-114,-114
Kendrick Bourne,rec_yds,23.5,fanduel,Detroit Lions @ Arizona Cardinals,2026-10-11T20:25:00Z,-114,-114
Michael Wilson,rec_yds,72.5,fanduel,Detroit Lions @ Arizona Cardinals,2026-10-11T20:25:00Z,-114,-114
Amon-Ra St. Brown,rec_yds,78.5,fanduel,Detroit Lions @ Arizona Cardinals,2026-10-11T20:25:00Z,-114,-114
Isaac TeSlaa,receptions,2.5,fanduel,Detroit Lions @ Arizona Cardinals,2026-10-11T20:25:00Z,132,-178
Trey McBride,receptions,7.5,fanduel,Detroit Lions @ Arizona Cardinals,2026-10-11T20:25:00Z,-144,108
Jeremiyah Love,receptions,2.5,fanduel,Detroit Lions @ Arizona Cardinals,2026-10-11T20:25:00Z,-102,-130
Sam LaPorta,receptions,4.5,fanduel,Detroit Lions @ Arizona Cardinals,2026-10-11T20:25:00Z,-154,116
Jameson Williams,receptions,3.5,fanduel,Detroit Lions @ Arizona Cardinals,2026-10-11T20:25:00Z,-138,104
Kendrick Bourne,receptions,2.5,fanduel,Detroit Lions @ Arizona Cardinals,2026-10-11T20:25:00Z,112,-148
Tyler Allgeier,receptions,2.5,fanduel,Detroit Lions @ Arizona Cardinals,2026-10-11T20:25:00Z,162,-220
Amon-Ra St. Brown,receptions,6.5,fanduel,Detroit Lions @ Arizona Cardinals,2026-10-11T20:25:00Z,-160,120
Michael Wilson,receptions,5.5,fanduel,Detroit Lions @ Arizona Cardinals,2026-10-11T20:25:00Z,-148,112
Marvin Harrison Jr.,receptions,2.5,fanduel,Detroit Lions @ Arizona Cardinals,2026-10-11T20:25:00Z,-144,108
Jahmyr Gibbs,receptions,4.5,fanduel,Detroit Lions @ Arizona Cardinals,2026-10-11T20:25:00Z,-136,102
Tyler Allgeier,rush_yds,25.5,fanduel,Detroit Lions @ Arizona Cardinals,2026-10-11T20:25:00Z,-114,-114
Jared Goff,rush_yds,0.5,fanduel,Detroit Lions @ Arizona Cardinals,2026-10-11T20:25:00Z,-114,-114
Jeremiyah Love,rush_yds,45.5,fanduel,Detroit Lions @ Arizona Cardinals,2026-10-11T20:25:00Z,-114,-114
Jacoby Brissett,rush_yds,8.5,fanduel,Detroit Lions @ Arizona Cardinals,2026-10-11T20:25:00Z,-114,-114
Jahmyr Gibbs,rush_yds,90.5,fanduel,Detroit Lions @ Arizona Cardinals,2026-10-11T20:25:00Z,-114,-114
Kendrick Bourne,anytime_td,0.5,betmgm,Detroit Lions @ Arizona Cardinals,2026-10-11T20:25:00Z,425,
Jameson Williams,anytime_td,0.5,betmgm,Detroit Lions @ Arizona Cardinals,2026-10-11T20:25:00Z,185,
Trey McBride,anytime_td,0.5,betmgm,Detroit Lions @ Arizona Cardinals,2026-10-11T20:25:00Z,110,
Marvin Harrison Jr.,anytime_td,0.5,betmgm,Detroit Lions @ Arizona Cardinals,2026-10-11T20:25:00Z,290,
Brock Wright,anytime_td,0.5,betmgm,Detroit Lions @ Arizona Cardinals,2026-10-11T20:25:00Z,700,
Jackson Meeks,anytime_td,0.5,betmgm,Detroit Lions @ Arizona Cardinals,2026-10-11T20:25:00Z,2200,
Elijah Higgins,anytime_td,0.5,betmgm,Detroit Lions @ Arizona Cardinals,2026-10-11T20:25:00Z,850,
Arizona Cardinals D/ST,anytime_td,0.5,betmgm,Detroit Lions @ Arizona Cardinals,2026-10-11T20:25:00Z,700,
Jacob Saylors,anytime_td,0.5,betmgm,Detroit Lions @ Arizona Cardinals,2026-10-11T20:25:00Z,1850,
Sione Vaki,anytime_td,0.5,betmgm,Detroit Lions @ Arizona Cardinals,2026-10-11T20:25:00Z,425,
Tom Kennedy,anytime_td,0.5,betmgm,Detroit Lions @ Arizona Cardinals,2026-10-11T20:25:00Z,1850,
Michael Wilson,anytime_td,0.5,betmgm,Detroit Lions @ Arizona Cardinals,2026-10-11T20:25:00Z,135,
Tay Martin,anytime_td,0.5,betmgm,Detroit Lions @ Arizona Cardinals,2026-10-11T20:25:00Z,3300,
Amon-Ra St. Brown,anytime_td,0.5,betmgm,Detroit Lions @ Arizona Cardinals,2026-10-11T20:25:00Z,-135,
Isaac TeSlaa,anytime_td,0.5,betmgm,Detroit Lions @ Arizona Cardinals,2026-10-11T20:25:00Z,280,
Jeremiyah Love,anytime_td,0.5,betmgm,Detroit Lions @ Arizona Cardinals,2026-10-11T20:25:00Z,-118,
Jared Goff,anytime_td,0.5,betmgm,Detroit Lions @ Arizona Cardinals,2026-10-11T20:25:00Z,1550,
Jahmyr Gibbs,anytime_td,0.5,betmgm,Detroit Lions @ Arizona Cardinals,2026-10-11T20:25:00Z,-400,
Sam LaPorta,anytime_td,0.5,betmgm,Detroit Lions @ Arizona Cardinals,2026-10-11T20:25:00Z,160,
Jacoby Brissett,anytime_td,0.5,betmgm,Detroit Lions @ Arizona Cardinals,2026-10-11T20:25:00Z,400,
Detroit Lions D/ST,anytime_td,0.5,betmgm,Detroit Lions @ Arizona Cardinals,2026-10-11T20:25:00Z,500,
Tyler Allgeier,anytime_td,0.5,betmgm,Detroit Lions @ Arizona Cardinals,2026-10-11T20:25:00Z,188,
Jalen Brooks,anytime_td,0.5,betmgm,Detroit Lions @ Arizona Cardinals,2026-10-11T20:25:00Z,2500,
Teagan Quitoriano,anytime_td,0.5,betmgm,Detroit Lions @ Arizona Cardinals,2026-10-11T20:25:00Z,2800,
Jacoby Brissett,pass_yds,272.5,betmgm,Detroit Lions @ Arizona Cardinals,2026-10-11T20:25:00Z,-105,-125
Jared Goff,pass_yds,283.5,betmgm,Detroit Lions @ Arizona Cardinals,2026-10-11T20:25:00Z,-115,-115
Trey McBride,rec_yds,82.5,betmgm,Detroit Lions @ Arizona Cardinals,2026-10-11T20:25:00Z,-115,-115
Kendrick Bourne,rec_yds,24.5,betmgm,Detroit Lions @ Arizona Cardinals,2026-10-11T20:25:00Z,-115,-115
Isaac TeSlaa,rec_yds,26.5,betmgm,Detroit Lions @ Arizona Cardinals,2026-10-11T20:25:00Z,-120,-111
Jameson Williams,rec_yds,51.5,betmgm,Detroit Lions @ Arizona Cardinals,2026-10-11T20:25:00Z,-115,-115
Sam LaPorta,rec_yds,51.5,betmgm,Detroit Lions @ Arizona Cardinals,2026-10-11T20:25:00Z,-120,-111
Amon-Ra St. Brown,rec_yds,81.5,betmgm,Detroit Lions @ Arizona Cardinals,2026-10-11T20:25:00Z,-115,-115
Michael Wilson,rec_yds,74.5,betmgm,Detroit Lions @ Arizona Cardinals,2026-10-11T20:25:00Z,-125,-105
Jahmyr Gibbs,rec_yds,40.5,betmgm,Detroit Lions @ Arizona Cardinals,2026-10-11T20:25:00Z,-111,-118
Marvin Harrison Jr.,rec_yds,34.5,betmgm,Detroit Lions @ Arizona Cardinals,2026-10-11T20:25:00Z,-115,-115
Tyler Allgeier,rec_yds,11.5,betmgm,Detroit Lions @ Arizona Cardinals,2026-10-11T20:25:00Z,-120,-110
Jeremiyah Love,rec_yds,13.5,betmgm,Detroit Lions @ Arizona Cardinals,2026-10-11T20:25:00Z,-111,-120
Jameson Williams,receptions,3.5,betmgm,Detroit Lions @ Arizona Cardinals,2026-10-11T20:25:00Z,-115,-115
Trey McBride,receptions,7.5,betmgm,Detroit Lions @ Arizona Cardinals,2026-10-11T20:25:00Z,-150,110
Kendrick Bourne,receptions,2.5,betmgm,Detroit Lions @ Arizona Cardinals,2026-10-11T20:25:00Z,105,-145
Marvin Harrison Jr.,receptions,2.5,betmgm,Detroit Lions @ Arizona Cardinals,2026-10-11T20:25:00Z,-140,105
Sam LaPorta,receptions,4.5,betmgm,Detroit Lions @ Arizona Cardinals,2026-10-11T20:25:00Z,-155,115
Isaac TeSlaa,receptions,2.5,betmgm,Detroit Lions @ Arizona Cardinals,2026-10-11T20:25:00Z,130,-175
Amon-Ra St. Brown,receptions,7.5,betmgm,Detroit Lions @ Arizona Cardinals,2026-10-11T20:25:00Z,105,-140
Jahmyr Gibbs,receptions,4.5,betmgm,Detroit Lions @ Arizona Cardinals,2026-10-11T20:25:00Z,-125,-105
Michael Wilson,receptions,6.5,betmgm,Detroit Lions @ Arizona Cardinals,2026-10-11T20:25:00Z,120,-160
Jeremiyah Love,rush_yds,45.5,betmgm,Detroit Lions @ Arizona Cardinals,2026-10-11T20:25:00Z,-115,-115
Tyler Allgeier,rush_yds,25.5,betmgm,Detroit Lions @ Arizona Cardinals,2026-10-11T20:25:00Z,-111,-118
Jahmyr Gibbs,rush_yds,93.5,betmgm,Detroit Lions @ Arizona Cardinals,2026-10-11T20:25:00Z,-115,-115
Christian McCaffrey,anytime_td,0.5,draftkings,San Francisco 49ers @ Seattle Seahawks,2026-10-11T20:25:00Z,-140,
Emanuel Wilson,anytime_td,0.5,draftkings,San Francisco 49ers @ Seattle Seahawks,2026-10-11T20:25:00Z,-120,
Jaxon Smith-Njigba,anytime_td,0.5,draftkings,San Francisco 49ers @ Seattle Seahawks,2026-10-11T20:25:00Z,-105,
George Kittle,anytime_td,0.5,draftkings,San Francisco 49ers @ Seattle Seahawks,2026-10-11T20:25:00Z,185,
Mike Evans,anytime_td,0.5,draftkings,San Francisco 49ers @ Seattle Seahawks,2026-10-11T20:25:00Z,195,
Deebo Samuel,anytime_td,0.5,draftkings,San Francisco 49ers @ Seattle Seahawks,2026-10-11T20:25:00Z,220,
George Holani,anytime_td,0.5,draftkings,San Francisco 49ers @ Seattle Seahawks,2026-10-11T20:25:00Z,300,
AJ Barner,anytime_td,0.5,draftkings,San Francisco 49ers @ Seattle Seahawks,2026-10-11T20:25:00Z,310,
Rashid Shaheed,anytime_td,0.5,draftkings,San Francisco 49ers @ Seattle Seahawks,2026-10-11T20:25:00Z,320,
Cooper Kupp,anytime_td,0.5,draftkings,San Francisco 49ers @ Seattle Seahawks,2026-10-11T20:25:00Z,340,
Tory Horton,anytime_td,0.5,draftkings,San Francisco 49ers @ Seattle Seahawks,2026-10-11T20:25:00Z,500,
Seattle Seahawks D/ST,anytime_td,0.5,draftkings,San Francisco 49ers @ Seattle Seahawks,2026-10-11T20:25:00Z,550,
Brock Purdy,anytime_td,0.5,draftkings,San Francisco 49ers @ Seattle Seahawks,2026-10-11T20:25:00Z,600,
San Francisco 49ers D/ST,anytime_td,0.5,draftkings,San Francisco 49ers @ Seattle Seahawks,2026-10-11T20:25:00Z,650,
Kaelon Black,anytime_td,0.5,draftkings,San Francisco 49ers @ Seattle Seahawks,2026-10-11T20:25:00Z,750,
Jacob Cowing,anytime_td,0.5,draftkings,San Francisco 49ers @ Seattle Seahawks,2026-10-11T20:25:00Z,800,
Brandin Cooks,anytime_td,0.5,draftkings,San Francisco 49ers @ Seattle Seahawks,2026-10-11T20:25:00Z,800,
Sam Darnold,anytime_td,0.5,draftkings,San Francisco 49ers @ Seattle Seahawks,2026-10-11T20:25:00Z,850,
Elijah Arroyo,anytime_td,0.5,draftkings,San Francisco 49ers @ Seattle Seahawks,2026-10-11T20:25:00Z,900,
Luke Farrell,anytime_td,0.5,draftkings,San Francisco 49ers @ Seattle Seahawks,2026-10-11T20:25:00Z,1400,
Brayden Willis,anytime_td,0.5,draftkings,San Francisco 49ers @ Seattle Seahawks,2026-10-11T20:25:00Z,1400,
Jordan Watkins,anytime_td,0.5,draftkings,San Francisco 49ers @ Seattle Seahawks,2026-10-11T20:25:00Z,1500,
Eric Saubert,anytime_td,0.5,draftkings,San Francisco 49ers @ Seattle Seahawks,2026-10-11T20:25:00Z,1600,
Velus Jones Jr.,anytime_td,0.5,draftkings,San Francisco 49ers @ Seattle Seahawks,2026-10-11T20:25:00Z,1600,
Brady Russell,anytime_td,0.5,draftkings,San Francisco 49ers @ Seattle Seahawks,2026-10-11T20:25:00Z,2500,
James Jordan,anytime_td,0.5,draftkings,San Francisco 49ers @ Seattle Seahawks,2026-10-11T20:25:00Z,2500,
Nick Kallerup,anytime_td,0.5,draftkings,San Francisco 49ers @ Seattle Seahawks,2026-10-11T20:25:00Z,3000,
Montorie Foster Jr.,anytime_td,0.5,draftkings,San Francisco 49ers @ Seattle Seahawks,2026-10-11T20:25:00Z,4500,
Brock Purdy,pass_yds,226.5,draftkings,San Francisco 49ers @ Seattle Seahawks,2026-10-11T20:25:00Z,-112,-112
Sam Darnold,pass_yds,225.5,draftkings,San Francisco 49ers @ Seattle Seahawks,2026-10-11T20:25:00Z,-111,-113
Jaxon Smith-Njigba,rec_yds,92.5,draftkings,San Francisco 49ers @ Seattle Seahawks,2026-10-11T20:25:00Z,-113,-111
George Kittle,rec_yds,52.5,draftkings,San Francisco 49ers @ Seattle Seahawks,2026-10-11T20:25:00Z,-114,-110
Mike Evans,rec_yds,48.5,draftkings,San Francisco 49ers @ Seattle Seahawks,2026-10-11T20:25:00Z,-110,-114
Christian McCaffrey,rec_yds,36.5,draftkings,San Francisco 49ers @ Seattle Seahawks,2026-10-11T20:25:00Z,-111,-113
Deebo Samuel,rec_yds,34.5,draftkings,San Francisco 49ers @ Seattle Seahawks,2026-10-11T20:25:00Z,-113,-111
Cooper Kupp,rec_yds,24.5,draftkings,San Francisco 49ers @ Seattle Seahawks,2026-10-11T20:25:00Z,-109,-115
AJ Barner,rec_yds,22.5,draftkings,San Francisco 49ers @ Seattle Seahawks,2026-10-11T20:25:00Z,-116,-109
Rashid Shaheed,rec_yds,20.5,draftkings,San Francisco 49ers @ Seattle Seahawks,2026-10-11T20:25:00Z,-113,-111
Emanuel Wilson,rec_yds,9.5,draftkings,San Francisco 49ers @ Seattle Seahawks,2026-10-11T20:25:00Z,-118,-106
Tory Horton,rec_yds,9.5,draftkings,San Francisco 49ers @ Seattle Seahawks,2026-10-11T20:25:00Z,-113,-111
George Holani,rec_yds,8.5,draftkings,San Francisco 49ers @ Seattle Seahawks,2026-10-11T20:25:00Z,-116,-108
Jaxon Smith-Njigba,receptions,6.5,draftkings,San Francisco 49ers @ Seattle Seahawks,2026-10-11T20:25:00Z,-121,-105
Christian McCaffrey,receptions,4.5,draftkings,San Francisco 49ers @ Seattle Seahawks,2026-10-11T20:25:00Z,-128,101
George Kittle,receptions,4.5,draftkings,San Francisco 49ers @ Seattle Seahawks,2026-10-11T20:25:00Z,-114,-112
Mike Evans,receptions,3.5,draftkings,San Francisco 49ers @ Seattle Seahawks,2026-10-11T20:25:00Z,-156,122
Deebo Samuel,receptions,3.5,draftkings,San Francisco 49ers @ Seattle Seahawks,2026-10-11T20:25:00Z,-110,-116
AJ Barner,receptions,2.5,draftkings,San Francisco 49ers @ Seattle Seahawks,2026-10-11T20:25:00Z,102,-130
Cooper Kupp,receptions,2.5,draftkings,San Francisco 49ers @ Seattle Seahawks,2026-10-11T20:25:00Z,107,-136
Rashid Shaheed,receptions,1.5,draftkings,San Francisco 49ers @ Seattle Seahawks,2026-10-11T20:25:00Z,-183,142
George Holani,receptions,1.5,draftkings,San Francisco 49ers @ Seattle Seahawks,2026-10-11T20:25:00Z,-162,127
Emanuel Wilson,receptions,1.5,draftkings,San Francisco 49ers @ Seattle Seahawks,2026-10-11T20:25:00Z,-159,125
Tory Horton,receptions,1.5,draftkings,San Francisco 49ers @ Seattle Seahawks,2026-10-11T20:25:00Z,148,-190
Emanuel Wilson,rush_yds,63.5,draftkings,San Francisco 49ers @ Seattle Seahawks,2026-10-11T20:25:00Z,-112,-112
Christian McCaffrey,rush_yds,53.5,draftkings,San Francisco 49ers @ Seattle Seahawks,2026-10-11T20:25:00Z,-114,-110
Brock Purdy,rush_yds,22.5,draftkings,San Francisco 49ers @ Seattle Seahawks,2026-10-11T20:25:00Z,-107,-117
George Holani,rush_yds,19.5,draftkings,San Francisco 49ers @ Seattle Seahawks,2026-10-11T20:25:00Z,-113,-111
Kaelon Black,rush_yds,15.5,draftkings,San Francisco 49ers @ Seattle Seahawks,2026-10-11T20:25:00Z,-112,-112
Deebo Samuel,rush_yds,8.5,draftkings,San Francisco 49ers @ Seattle Seahawks,2026-10-11T20:25:00Z,-114,-110
Sam Darnold,rush_yds,4.5,draftkings,San Francisco 49ers @ Seattle Seahawks,2026-10-11T20:25:00Z,-115,-109
Christian McCaffrey,anytime_td,0.5,fanduel,San Francisco 49ers @ Seattle Seahawks,2026-10-11T20:25:00Z,-140,
Emanuel Wilson,anytime_td,0.5,fanduel,San Francisco 49ers @ Seattle Seahawks,2026-10-11T20:25:00Z,-115,
Jaxon Smith-Njigba,anytime_td,0.5,fanduel,San Francisco 49ers @ Seattle Seahawks,2026-10-11T20:25:00Z,-110,
George Kittle,anytime_td,0.5,fanduel,San Francisco 49ers @ Seattle Seahawks,2026-10-11T20:25:00Z,185,
Mike Evans,anytime_td,0.5,fanduel,San Francisco 49ers @ Seattle Seahawks,2026-10-11T20:25:00Z,200,
Deebo Samuel,anytime_td,0.5,fanduel,San Francisco 49ers @ Seattle Seahawks,2026-10-11T20:25:00Z,230,
AJ Barner,anytime_td,0.5,fanduel,San Francisco 49ers @ Seattle Seahawks,2026-10-11T20:25:00Z,290,
George Holani,anytime_td,0.5,fanduel,San Francisco 49ers @ Seattle Seahawks,2026-10-11T20:25:00Z,310,
Cooper Kupp,anytime_td,0.5,fanduel,San Francisco 49ers @ Seattle Seahawks,2026-10-11T20:25:00Z,330,
Rashid Shaheed,anytime_td,0.5,fanduel,San Francisco 49ers @ Seattle Seahawks,2026-10-11T20:25:00Z,330,
Tory Horton,anytime_td,0.5,fanduel,San Francisco 49ers @ Seattle Seahawks,2026-10-11T20:25:00Z,550,
Brock Purdy,anytime_td,0.5,fanduel,San Francisco 49ers @ Seattle Seahawks,2026-10-11T20:25:00Z,600,
Seattle Seahawks Defense,anytime_td,0.5,fanduel,San Francisco 49ers @ Seattle Seahawks,2026-10-11T20:25:00Z,700,
Jacob Cowing,anytime_td,0.5,fanduel,San Francisco 49ers @ Seattle Seahawks,2026-10-11T20:25:00Z,750,
Brandin Cooks,anytime_td,0.5,fanduel,San Francisco 49ers @ Seattle Seahawks,2026-10-11T20:25:00Z,750,
Kaelon Black,anytime_td,0.5,fanduel,San Francisco 49ers @ Seattle Seahawks,2026-10-11T20:25:00Z,800,
Elijah Arroyo,anytime_td,0.5,fanduel,San Francisco 49ers @ Seattle Seahawks,2026-10-11T20:25:00Z,850,
Sam Darnold,anytime_td,0.5,fanduel,San Francisco 49ers @ Seattle Seahawks,2026-10-11T20:25:00Z,950,
San Francisco 49ers Defense,anytime_td,0.5,fanduel,San Francisco 49ers @ Seattle Seahawks,2026-10-11T20:25:00Z,1000,
Eric Saubert,anytime_td,0.5,fanduel,San Francisco 49ers @ Seattle Seahawks,2026-10-11T20:25:00Z,1300,
Luke Farrell,anytime_td,0.5,fanduel,San Francisco 49ers @ Seattle Seahawks,2026-10-11T20:25:00Z,1300,
Brayden Willis,anytime_td,0.5,fanduel,San Francisco 49ers @ Seattle Seahawks,2026-10-11T20:25:00Z,1300,
Jordan Watkins,anytime_td,0.5,fanduel,San Francisco 49ers @ Seattle Seahawks,2026-10-11T20:25:00Z,1400,
Velus Jones Jr.,anytime_td,0.5,fanduel,San Francisco 49ers @ Seattle Seahawks,2026-10-11T20:25:00Z,1600,
Brady Russell,anytime_td,0.5,fanduel,San Francisco 49ers @ Seattle Seahawks,2026-10-11T20:25:00Z,2500,
James Jordan,anytime_td,0.5,fanduel,San Francisco 49ers @ Seattle Seahawks,2026-10-11T20:25:00Z,2700,
Nick Kallerup,anytime_td,0.5,fanduel,San Francisco 49ers @ Seattle Seahawks,2026-10-11T20:25:00Z,4000,
Montorie Foster Jr.,anytime_td,0.5,fanduel,San Francisco 49ers @ Seattle Seahawks,2026-10-11T20:25:00Z,7000,
Sam Darnold,pass_yds,231.5,fanduel,San Francisco 49ers @ Seattle Seahawks,2026-10-11T20:25:00Z,-114,-114
Brock Purdy,pass_yds,228.5,fanduel,San Francisco 49ers @ Seattle Seahawks,2026-10-11T20:25:00Z,-114,-114
Mike Evans,rec_yds,50.5,fanduel,San Francisco 49ers @ Seattle Seahawks,2026-10-11T20:25:00Z,-114,-114
Christian McCaffrey,rec_yds,35.5,fanduel,San Francisco 49ers @ Seattle Seahawks,2026-10-11T20:25:00Z,-114,-114
George Holani,rec_yds,9.5,fanduel,San Francisco 49ers @ Seattle Seahawks,2026-10-11T20:25:00Z,-114,-114
Tory Horton,rec_yds,11.5,fanduel,San Francisco 49ers @ Seattle Seahawks,2026-10-11T20:25:00Z,-114,-114
AJ Barner,rec_yds,21.5,fanduel,San Francisco 49ers @ Seattle Seahawks,2026-10-11T20:25:00Z,-114,-114
Emanuel Wilson,rec_yds,9.5,fanduel,San Francisco 49ers @ Seattle Seahawks,2026-10-11T20:25:00Z,-114,-114
Deebo Samuel,rec_yds,34.5,fanduel,San Francisco 49ers @ Seattle Seahawks,2026-10-11T20:25:00Z,-114,-114
Cooper Kupp,rec_yds,23.5,fanduel,San Francisco 49ers @ Seattle Seahawks,2026-10-11T20:25:00Z,-114,-114
Rashid Shaheed,rec_yds,20.5,fanduel,San Francisco 49ers @ Seattle Seahawks,2026-10-11T20:25:00Z,-114,-114
George Kittle,rec_yds,54.5,fanduel,San Francisco 49ers @ Seattle Seahawks,2026-10-11T20:25:00Z,-114,-114
Jaxon Smith-Njigba,rec_yds,94.5,fanduel,San Francisco 49ers @ Seattle Seahawks,2026-10-11T20:25:00Z,-114,-114
AJ Barner,receptions,2.5,fanduel,San Francisco 49ers @ Seattle Seahawks,2026-10-11T20:25:00Z,-108,-122
Jaxon Smith-Njigba,receptions,6.5,fanduel,San Francisco 49ers @ Seattle Seahawks,2026-10-11T20:25:00Z,-130,-102
Emanuel Wilson,receptions,1.5,fanduel,San Francisco 49ers @ Seattle Seahawks,2026-10-11T20:25:00Z,-188,140
George Holani,receptions,1.5,fanduel,San Francisco 49ers @ Seattle Seahawks,2026-10-11T20:25:00Z,-162,122
Christian McCaffrey,receptions,4.5,fanduel,San Francisco 49ers @ Seattle Seahawks,2026-10-11T20:25:00Z,-125,-106
Cooper Kupp,receptions,2.5,fanduel,San Francisco 49ers @ Seattle Seahawks,2026-10-11T20:25:00Z,116,-154
George Kittle,receptions,4.5,fanduel,San Francisco 49ers @ Seattle Seahawks,2026-10-11T20:25:00Z,-106,-125
Rashid Shaheed,receptions,1.5,fanduel,San Francisco 49ers @ Seattle Seahawks,2026-10-11T20:25:00Z,-188,140
Mike Evans,receptions,3.5,fanduel,San Francisco 49ers @ Seattle Seahawks,2026-10-11T20:25:00Z,-180,134
Deebo Samuel,receptions,3.5,fanduel,San Francisco 49ers @ Seattle Seahawks,2026-10-11T20:25:00Z,-130,-102
Tory Horton,receptions,1.5,fanduel,San Francisco 49ers @ Seattle Seahawks,2026-10-11T20:25:00Z,140,-188
Kaelon Black,rush_yds,16.5,fanduel,San Francisco 49ers @ Seattle Seahawks,2026-10-11T20:25:00Z,-114,-114
Brock Purdy,rush_yds,21.5,fanduel,San Francisco 49ers @ Seattle Seahawks,2026-10-11T20:25:00Z,-114,-114
Christian McCaffrey,rush_yds,51.5,fanduel,San Francisco 49ers @ Seattle Seahawks,2026-10-11T20:25:00Z,-114,-114
Emanuel Wilson,rush_yds,62.5,fanduel,San Francisco 49ers @ Seattle Seahawks,2026-10-11T20:25:00Z,-114,-114
George Holani,rush_yds,19.5,fanduel,San Francisco 49ers @ Seattle Seahawks,2026-10-11T20:25:00Z,-114,-114
Sam Darnold,rush_yds,4.5,fanduel,San Francisco 49ers @ Seattle Seahawks,2026-10-11T20:25:00Z,-120,-108
Deebo Samuel,rush_yds,8.5,fanduel,San Francisco 49ers @ Seattle Seahawks,2026-10-11T20:25:00Z,-114,-114
Tory Horton,anytime_td,0.5,betmgm,San Francisco 49ers @ Seattle Seahawks,2026-10-11T20:25:00Z,625,
Rashid Shaheed,anytime_td,0.5,betmgm,San Francisco 49ers @ Seattle Seahawks,2026-10-11T20:25:00Z,310,
Jaxon Smith-Njigba,anytime_td,0.5,betmgm,San Francisco 49ers @ Seattle Seahawks,2026-10-11T20:25:00Z,-118,
Kaelon Black,anytime_td,0.5,betmgm,San Francisco 49ers @ Seattle Seahawks,2026-10-11T20:25:00Z,450,
Christian McCaffrey,anytime_td,0.5,betmgm,San Francisco 49ers @ Seattle Seahawks,2026-10-11T20:25:00Z,-140,
Sam Darnold,anytime_td,0.5,betmgm,San Francisco 49ers @ Seattle Seahawks,2026-10-11T20:25:00Z,1050,
AJ Barner,anytime_td,0.5,betmgm,San Francisco 49ers @ Seattle Seahawks,2026-10-11T20:25:00Z,310,
Brock Purdy,anytime_td,0.5,betmgm,San Francisco 49ers @ Seattle Seahawks,2026-10-11T20:25:00Z,360,
San Francisco 49ers D/ST,anytime_td,0.5,betmgm,San Francisco 49ers @ Seattle Seahawks,2026-10-11T20:25:00Z,600,
Elijah Arroyo,anytime_td,0.5,betmgm,San Francisco 49ers @ Seattle Seahawks,2026-10-11T20:25:00Z,1050,
Seattle Seahawks D/ST,anytime_td,0.5,betmgm,San Francisco 49ers @ Seattle Seahawks,2026-10-11T20:25:00Z,425,
Deebo Samuel,anytime_td,0.5,betmgm,San Francisco 49ers @ Seattle Seahawks,2026-10-11T20:25:00Z,230,
Brady Russell,anytime_td,0.5,betmgm,San Francisco 49ers @ Seattle Seahawks,2026-10-11T20:25:00Z,2500,
George Holani,anytime_td,0.5,betmgm,San Francisco 49ers @ Seattle Seahawks,2026-10-11T20:25:00Z,210,
Mike Evans,anytime_td,0.5,betmgm,San Francisco 49ers @ Seattle Seahawks,2026-10-11T20:25:00Z,200,
Cooper Kupp,anytime_td,0.5,betmgm,San Francisco 49ers @ Seattle Seahawks,2026-10-11T20:25:00Z,380,
Emanuel Wilson,anytime_td,0.5,betmgm,San Francisco 49ers @ Seattle Seahawks,2026-10-11T20:25:00Z,-125,
George Kittle,anytime_td,0.5,betmgm,San Francisco 49ers @ Seattle Seahawks,2026-10-11T20:25:00Z,180,
Jacob Cowing,anytime_td,0.5,betmgm,San Francisco 49ers @ Seattle Seahawks,2026-10-11T20:25:00Z,850,
Jordan Watkins,anytime_td,0.5,betmgm,San Francisco 49ers @ Seattle Seahawks,2026-10-11T20:25:00Z,1200,
Luke Farrell,anytime_td,0.5,betmgm,San Francisco 49ers @ Seattle Seahawks,2026-10-11T20:25:00Z,1350,
Brandin Cooks,anytime_td,0.5,betmgm,San Francisco 49ers @ Seattle Seahawks,2026-10-11T20:25:00Z,900,
Eric Saubert,anytime_td,0.5,betmgm,San Francisco 49ers @ Seattle Seahawks,2026-10-11T20:25:00Z,1600,
Brock Purdy,pass_yds,227.5,betmgm,San Francisco 49ers @ Seattle Seahawks,2026-10-11T20:25:00Z,-105,-130
Sam Darnold,pass_yds,226.5,betmgm,San Francisco 49ers @ Seattle Seahawks,2026-10-11T20:25:00Z,-115,-115
Deebo Samuel,rec_yds,33.5,betmgm,San Francisco 49ers @ Seattle Seahawks,2026-10-11T20:25:00Z,-115,-115
Christian McCaffrey,rec_yds,36.5,betmgm,San Francisco 49ers @ Seattle Seahawks,2026-10-11T20:25:00Z,-111,-120
Rashid Shaheed,rec_yds,20.5,betmgm,San Francisco 49ers @ Seattle Seahawks,2026-10-11T20:25:00Z,-115,-115
George Kittle,rec_yds,54.5,betmgm,San Francisco 49ers @ Seattle Seahawks,2026-10-11T20:25:00Z,-110,-120
Cooper Kupp,rec_yds,22.5,betmgm,San Francisco 49ers @ Seattle Seahawks,2026-10-11T20:25:00Z,-120,-110
Mike Evans,rec_yds,51.5,betmgm,San Francisco 49ers @ Seattle Seahawks,2026-10-11T20:25:00Z,-115,-115
Emanuel Wilson,rec_yds,10.5,betmgm,San Francisco 49ers @ Seattle Seahawks,2026-10-11T20:25:00Z,-115,-115
George Holani,rec_yds,10.5,betmgm,San Francisco 49ers @ Seattle Seahawks,2026-10-11T20:25:00Z,-111,-120
Jaxon Smith-Njigba,rec_yds,93.5,betmgm,San Francisco 49ers @ Seattle Seahawks,2026-10-11T20:25:00Z,-115,-115
AJ Barner,rec_yds,22.5,betmgm,San Francisco 49ers @ Seattle Seahawks,2026-10-11T20:25:00Z,-115,-115
Christian McCaffrey,receptions,4.5,betmgm,San Francisco 49ers @ Seattle Seahawks,2026-10-11T20:25:00Z,-125,-105
Cooper Kupp,receptions,2.5,betmgm,San Francisco 49ers @ Seattle Seahawks,2026-10-11T20:25:00Z,100,-135
Emanuel Wilson,receptions,1.5,betmgm,San Francisco 49ers @ Seattle Seahawks,2026-10-11T20:25:00Z,-160,120
George Holani,receptions,1.5,betmgm,San Francisco 49ers @ Seattle Seahawks,2026-10-11T20:25:00Z,-155,115
AJ Barner,receptions,2.5,betmgm,San Francisco 49ers @ Seattle Seahawks,2026-10-11T20:25:00Z,-115,-115
Jaxon Smith-Njigba,receptions,7.5,betmgm,San Francisco 49ers @ Seattle Seahawks,2026-10-11T20:25:00Z,125,-165
George Kittle,receptions,4.5,betmgm,San Francisco 49ers @ Seattle Seahawks,2026-10-11T20:25:00Z,-125,-105
Deebo Samuel,receptions,3.5,betmgm,San Francisco 49ers @ Seattle Seahawks,2026-10-11T20:25:00Z,-118,-111
Mike Evans,receptions,4.5,betmgm,San Francisco 49ers @ Seattle Seahawks,2026-10-11T20:25:00Z,125,-165
Kaelon Black,rush_yds,14.5,betmgm,San Francisco 49ers @ Seattle Seahawks,2026-10-11T20:25:00Z,-120,-110
George Holani,rush_yds,20.5,betmgm,San Francisco 49ers @ Seattle Seahawks,2026-10-11T20:25:00Z,-111,-120
Sam Darnold,rush_yds,5.5,betmgm,San Francisco 49ers @ Seattle Seahawks,2026-10-11T20:25:00Z,-110,-120
Emanuel Wilson,rush_yds,64.5,betmgm,San Francisco 49ers @ Seattle Seahawks,2026-10-11T20:25:00Z,-115,-115
Christian McCaffrey,rush_yds,51.5,betmgm,San Francisco 49ers @ Seattle Seahawks,2026-10-11T20:25:00Z,-115,-115
Brock Purdy,rush_yds,20.5,betmgm,San Francisco 49ers @ Seattle Seahawks,2026-10-11T20:25:00Z,-145,105
Bijan Robinson,anytime_td,0.5,draftkings,Baltimore Ravens @ Atlanta Falcons,2026-10-12T00:20:00Z,-240,
Derrick Henry,anytime_td,0.5,draftkings,Baltimore Ravens @ Atlanta Falcons,2026-10-12T00:20:00Z,-150,
Drake London,anytime_td,0.5,draftkings,Baltimore Ravens @ Atlanta Falcons,2026-10-12T00:20:00Z,125,
Zay Flowers,anytime_td,0.5,draftkings,Baltimore Ravens @ Atlanta Falcons,2026-10-12T00:20:00Z,205,
Brian Robinson Jr.,anytime_td,0.5,draftkings,Baltimore Ravens @ Atlanta Falcons,2026-10-12T00:20:00Z,230,
Mark Andrews,anytime_td,0.5,draftkings,Baltimore Ravens @ Atlanta Falcons,2026-10-12T00:20:00Z,265,
Kyle Pitts,anytime_td,0.5,draftkings,Baltimore Ravens @ Atlanta Falcons,2026-10-12T00:20:00Z,370,
Rashod Bateman,anytime_td,0.5,draftkings,Baltimore Ravens @ Atlanta Falcons,2026-10-12T00:20:00Z,450,
Tyler Huntley,anytime_td,0.5,draftkings,Baltimore Ravens @ Atlanta Falcons,2026-10-12T00:20:00Z,475,
Jahan Dotson,anytime_td,0.5,draftkings,Baltimore Ravens @ Atlanta Falcons,2026-10-12T00:20:00Z,550,
Atlanta Falcons D/ST,anytime_td,0.5,draftkings,Baltimore Ravens @ Atlanta Falcons,2026-10-12T00:20:00Z,550,
Baltimore Ravens D/ST,anytime_td,0.5,draftkings,Baltimore Ravens @ Atlanta Falcons,2026-10-12T00:20:00Z,550,
Austin Hooper,anytime_td,0.5,draftkings,Baltimore Ravens @ Atlanta Falcons,2026-10-12T00:20:00Z,800,
Justice Hill,anytime_td,0.5,draftkings,Baltimore Ravens @ Atlanta Falcons,2026-10-12T00:20:00Z,800,
Olamide Zaccheaus,anytime_td,0.5,draftkings,Baltimore Ravens @ Atlanta Falcons,2026-10-12T00:20:00Z,850,
Devontez Walker,anytime_td,0.5,draftkings,Baltimore Ravens @ Atlanta Falcons,2026-10-12T00:20:00Z,1000,
Matthew Hibner,anytime_td,0.5,draftkings,Baltimore Ravens @ Atlanta Falcons,2026-10-12T00:20:00Z,1200,
Zachariah Branch,anytime_td,0.5,draftkings,Baltimore Ravens @ Atlanta Falcons,2026-10-12T00:20:00Z,1300,
Michael Penix Jr.,anytime_td,0.5,draftkings,Baltimore Ravens @ Atlanta Falcons,2026-10-12T00:20:00Z,1300,
Chris Moore,anytime_td,0.5,draftkings,Baltimore Ravens @ Atlanta Falcons,2026-10-12T00:20:00Z,1400,
Charlie Woerner,anytime_td,0.5,draftkings,Baltimore Ravens @ Atlanta Falcons,2026-10-12T00:20:00Z,1600,
Elijah Sarratt,anytime_td,0.5,draftkings,Baltimore Ravens @ Atlanta Falcons,2026-10-12T00:20:00Z,1800,
Josh Cuevas,anytime_td,0.5,draftkings,Baltimore Ravens @ Atlanta Falcons,2026-10-12T00:20:00Z,1800,
LaJohntay Wester,anytime_td,0.5,draftkings,Baltimore Ravens @ Atlanta Falcons,2026-10-12T00:20:00Z,1900,
Chris Blair,anytime_td,0.5,draftkings,Baltimore Ravens @ Atlanta Falcons,2026-10-12T00:20:00Z,2000,
Nick Muse,anytime_td,0.5,draftkings,Baltimore Ravens @ Atlanta Falcons,2026-10-12T00:20:00Z,2200,
Rasheen Ali,anytime_td,0.5,draftkings,Baltimore Ravens @ Atlanta Falcons,2026-10-12T00:20:00Z,3500,
Michael Penix Jr.,pass_yds,216.5,draftkings,Baltimore Ravens @ Atlanta Falcons,2026-10-12T00:20:00Z,-112,-112
Tyler Huntley,pass_yds,174.5,draftkings,Baltimore Ravens @ Atlanta Falcons,2026-10-12T00:20:00Z,-111,-113
Drake London,rec_yds,81.5,draftkings,Baltimore Ravens @ Atlanta Falcons,2026-10-12T00:20:00Z,-112,-112
Zay Flowers,rec_yds,68.5,draftkings,Baltimore Ravens @ Atlanta Falcons,2026-10-12T00:20:00Z,-114,-110
Mark Andrews,rec_yds,30.5,draftkings,Baltimore Ravens @ Atlanta Falcons,2026-10-12T00:20:00Z,-111,-113
Bijan Robinson,rec_yds,27.5,draftkings,Baltimore Ravens @ Atlanta Falcons,2026-10-12T00:20:00Z,-112,-112
Kyle Pitts,rec_yds,24.5,draftkings,Baltimore Ravens @ Atlanta Falcons,2026-10-12T00:20:00Z,-110,-114
Jahan Dotson,rec_yds,19.5,draftkings,Baltimore Ravens @ Atlanta Falcons,2026-10-12T00:20:00Z,-110,-114
Rashod Bateman,rec_yds,17.5,draftkings,Baltimore Ravens @ Atlanta Falcons,2026-10-12T00:20:00Z,-112,-112
Drake London,receptions,5.5,draftkings,Baltimore Ravens @ Atlanta Falcons,2026-10-12T00:20:00Z,-138,108
Zay Flowers,receptions,5.5,draftkings,Baltimore Ravens @ Atlanta Falcons,2026-10-12T00:20:00Z,-101,-126
Mark Andrews,receptions,3.5,draftkings,Baltimore Ravens @ Atlanta Falcons,2026-10-12T00:20:00Z,-124,-102
Bijan Robinson,receptions,3.5,draftkings,Baltimore Ravens @ Atlanta Falcons,2026-10-12T00:20:00Z,-123,-104
Kyle Pitts,receptions,2.5,draftkings,Baltimore Ravens @ Atlanta Falcons,2026-10-12T00:20:00Z,116,-148
Rashod Bateman,receptions,1.5,draftkings,Baltimore Ravens @ Atlanta Falcons,2026-10-12T00:20:00Z,-147,115
Jahan Dotson,receptions,1.5,draftkings,Baltimore Ravens @ Atlanta Falcons,2026-10-12T00:20:00Z,-142,111
Bijan Robinson,rush_yds,89.5,draftkings,Baltimore Ravens @ Atlanta Falcons,2026-10-12T00:20:00Z,-114,-110
Derrick Henry,rush_yds,85.5,draftkings,Baltimore Ravens @ Atlanta Falcons,2026-10-12T00:20:00Z,-110,-114
Brian Robinson Jr.,rush_yds,35.5,draftkings,Baltimore Ravens @ Atlanta Falcons,2026-10-12T00:20:00Z,-108,-116
Justice Hill,rush_yds,11.5,draftkings,Baltimore Ravens @ Atlanta Falcons,2026-10-12T00:20:00Z,-118,-106
Michael Penix Jr.,rush_yds,0.5,draftkings,Baltimore Ravens @ Atlanta Falcons,2026-10-12T00:20:00Z,-108,-117
Bijan Robinson,anytime_td,0.5,fanduel,Baltimore Ravens @ Atlanta Falcons,2026-10-12T00:20:00Z,-230,
Derrick Henry,anytime_td,0.5,fanduel,Baltimore Ravens @ Atlanta Falcons,2026-10-12T00:20:00Z,-150,
Drake London,anytime_td,0.5,fanduel,Baltimore Ravens @ Atlanta Falcons,2026-10-12T00:20:00Z,120,
Zay Flowers,anytime_td,0.5,fanduel,Baltimore Ravens @ Atlanta Falcons,2026-10-12T00:20:00Z,200,
Brian Robinson Jr.,anytime_td,0.5,fanduel,Baltimore Ravens @ Atlanta Falcons,2026-10-12T00:20:00Z,240,
Mark Andrews,anytime_td,0.5,fanduel,Baltimore Ravens @ Atlanta Falcons,2026-10-12T00:20:00Z,250,
Kyle Pitts,anytime_td,0.5,fanduel,Baltimore Ravens @ Atlanta Falcons,2026-10-12T00:20:00Z,330,
Rashod Bateman,anytime_td,0.5,fanduel,Baltimore Ravens @ Atlanta Falcons,2026-10-12T00:20:00Z,420,
Jahan Dotson,anytime_td,0.5,fanduel,Baltimore Ravens @ Atlanta Falcons,2026-10-12T00:20:00Z,480,
Austin Hooper,anytime_td,0.5,fanduel,Baltimore Ravens @ Atlanta Falcons,2026-10-12T00:20:00Z,700,
Justice Hill,anytime_td,0.5,fanduel,Baltimore Ravens @ Atlanta Falcons,2026-10-12T00:20:00Z,700,
Baltimore Ravens Defense,anytime_td,0.5,fanduel,Baltimore Ravens @ Atlanta Falcons,2026-10-12T00:20:00Z,700,
Atlanta Falcons Defense,anytime_td,0.5,fanduel,Baltimore Ravens @ Atlanta Falcons,2026-10-12T00:20:00Z,750,
Olamide Zaccheaus,anytime_td,0.5,fanduel,Baltimore Ravens @ Atlanta Falcons,2026-10-12T00:20:00Z,900,
Matthew Hibner,anytime_td,0.5,fanduel,Baltimore Ravens @ Atlanta Falcons,2026-10-12T00:20:00Z,900,
Devontez Walker,anytime_td,0.5,fanduel,Baltimore Ravens @ Atlanta Falcons,2026-10-12T00:20:00Z,1000,
Zachariah Branch,anytime_td,0.5,fanduel,Baltimore Ravens @ Atlanta Falcons,2026-10-12T00:20:00Z,1100,
Michael Penix Jr.,anytime_td,0.5,fanduel,Baltimore Ravens @ Atlanta Falcons,2026-10-12T00:20:00Z,1300,
Josh Cuevas,anytime_td,0.5,fanduel,Baltimore Ravens @ Atlanta Falcons,2026-10-12T00:20:00Z,1400,
Nick Muse,anytime_td,0.5,fanduel,Baltimore Ravens @ Atlanta Falcons,2026-10-12T00:20:00Z,1500,
Charlie Woerner,anytime_td,0.5,fanduel,Baltimore Ravens @ Atlanta Falcons,2026-10-12T00:20:00Z,1500,
LaJohntay Wester,anytime_td,0.5,fanduel,Baltimore Ravens @ Atlanta Falcons,2026-10-12T00:20:00Z,1800,
Chris Moore,anytime_td,0.5,fanduel,Baltimore Ravens @ Atlanta Falcons,2026-10-12T00:20:00Z,1800,
Elijah Sarratt,anytime_td,0.5,fanduel,Baltimore Ravens @ Atlanta Falcons,2026-10-12T00:20:00Z,2000,
Chris Blair,anytime_td,0.5,fanduel,Baltimore Ravens @ Atlanta Falcons,2026-10-12T00:20:00Z,2200,
Rasheen Ali,anytime_td,0.5,fanduel,Baltimore Ravens @ Atlanta Falcons,2026-10-12T00:20:00Z,3500,
Tyler Huntley,pass_yds,173.5,fanduel,Baltimore Ravens @ Atlanta Falcons,2026-10-12T00:20:00Z,-114,-114
Michael Penix Jr.,pass_yds,221.5,fanduel,Baltimore Ravens @ Atlanta Falcons,2026-10-12T00:20:00Z,-114,-114
Kyle Pitts,rec_yds,24.5,fanduel,Baltimore Ravens @ Atlanta Falcons,2026-10-12T00:20:00Z,-114,-114
Bijan Robinson,rec_yds,26.5,fanduel,Baltimore Ravens @ Atlanta Falcons,2026-10-12T00:20:00Z,-114,-114
Jahan Dotson,rec_yds,19.5,fanduel,Baltimore Ravens @ Atlanta Falcons,2026-10-12T00:20:00Z,-114,-114
Zay Flowers,rec_yds,68.5,fanduel,Baltimore Ravens @ Atlanta Falcons,2026-10-12T00:20:00Z,-114,-114
Rashod Bateman,rec_yds,17.5,fanduel,Baltimore Ravens @ Atlanta Falcons,2026-10-12T00:20:00Z,-114,-114
Mark Andrews,rec_yds,29.5,fanduel,Baltimore Ravens @ Atlanta Falcons,2026-10-12T00:20:00Z,-114,-114
Drake London,rec_yds,80.5,fanduel,Baltimore Ravens @ Atlanta Falcons,2026-10-12T00:20:00Z,-114,-114
Mark Andrews,receptions,3.5,fanduel,Baltimore Ravens @ Atlanta Falcons,2026-10-12T00:20:00Z,-138,104
Kyle Pitts,receptions,2.5,fanduel,Baltimore Ravens @ Atlanta Falcons,2026-10-12T00:20:00Z,102,-136
Bijan Robinson,receptions,3.5,fanduel,Baltimore Ravens @ Atlanta Falcons,2026-10-12T00:20:00Z,-136,102
Jahan Dotson,receptions,1.5,fanduel,Baltimore Ravens @ Atlanta Falcons,2026-10-12T00:20:00Z,-162,122
Drake London,receptions,5.5,fanduel,Baltimore Ravens @ Atlanta Falcons,2026-10-12T00:20:00Z,-138,104
Rashod Bateman,receptions,1.5,fanduel,Baltimore Ravens @ Atlanta Falcons,2026-10-12T00:20:00Z,-158,118
Zay Flowers,receptions,5.5,fanduel,Baltimore Ravens @ Atlanta Falcons,2026-10-12T00:20:00Z,-102,-130
Justice Hill,rush_yds,11.5,fanduel,Baltimore Ravens @ Atlanta Falcons,2026-10-12T00:20:00Z,-114,-114
Brian Robinson Jr.,rush_yds,35.5,fanduel,Baltimore Ravens @ Atlanta Falcons,2026-10-12T00:20:00Z,-114,-114
Michael Penix Jr.,rush_yds,0.5,fanduel,Baltimore Ravens @ Atlanta Falcons,2026-10-12T00:20:00Z,-102,-128
Bijan Robinson,rush_yds,88.5,fanduel,Baltimore Ravens @ Atlanta Falcons,2026-10-12T00:20:00Z,-114,-114
Derrick Henry,rush_yds,83.5,fanduel,Baltimore Ravens @ Atlanta Falcons,2026-10-12T00:20:00Z,-114,-114
Kyle Pitts,anytime_td,0.5,betmgm,Baltimore Ravens @ Atlanta Falcons,2026-10-12T00:20:00Z,375,
Zay Flowers,anytime_td,0.5,betmgm,Baltimore Ravens @ Atlanta Falcons,2026-10-12T00:20:00Z,175,
Justice Hill,anytime_td,0.5,betmgm,Baltimore Ravens @ Atlanta Falcons,2026-10-12T00:20:00Z,600,
Derrick Henry,anytime_td,0.5,betmgm,Baltimore Ravens @ Atlanta Falcons,2026-10-12T00:20:00Z,-150,
Brian Robinson Jr.,anytime_td,0.5,betmgm,Baltimore Ravens @ Atlanta Falcons,2026-10-12T00:20:00Z,230,
Rashod Bateman,anytime_td,0.5,betmgm,Baltimore Ravens @ Atlanta Falcons,2026-10-12T00:20:00Z,525,
Austin Hooper,anytime_td,0.5,betmgm,Baltimore Ravens @ Atlanta Falcons,2026-10-12T00:20:00Z,950,
Mark Andrews,anytime_td,0.5,betmgm,Baltimore Ravens @ Atlanta Falcons,2026-10-12T00:20:00Z,300,
Drake London,anytime_td,0.5,betmgm,Baltimore Ravens @ Atlanta Falcons,2026-10-12T00:20:00Z,120,
Chris Blair,anytime_td,0.5,betmgm,Baltimore Ravens @ Atlanta Falcons,2026-10-12T00:20:00Z,1400,
Olamide Zaccheaus,anytime_td,0.5,betmgm,Baltimore Ravens @ Atlanta Falcons,2026-10-12T00:20:00Z,850,
Matthew Hibner,anytime_td,0.5,betmgm,Baltimore Ravens @ Atlanta Falcons,2026-10-12T00:20:00Z,1050,
Baltimore Ravens D/ST,anytime_td,0.5,betmgm,Baltimore Ravens @ Atlanta Falcons,2026-10-12T00:20:00Z,525,
Bijan Robinson,anytime_td,0.5,betmgm,Baltimore Ravens @ Atlanta Falcons,2026-10-12T00:20:00Z,-235,
Jahan Dotson,anytime_td,0.5,betmgm,Baltimore Ravens @ Atlanta Falcons,2026-10-12T00:20:00Z,500,
Michael Penix Jr.,anytime_td,0.5,betmgm,Baltimore Ravens @ Atlanta Falcons,2026-10-12T00:20:00Z,1400,
Chris Moore,anytime_td,0.5,betmgm,Baltimore Ravens @ Atlanta Falcons,2026-10-12T00:20:00Z,1650,
Atlanta Falcons D/ST,anytime_td,0.5,betmgm,Baltimore Ravens @ Atlanta Falcons,2026-10-12T00:20:00Z,600,
Devontez Walker,anytime_td,0.5,betmgm,Baltimore Ravens @ Atlanta Falcons,2026-10-12T00:20:00Z,1050,
Rasheen Ali,anytime_td,0.5,betmgm,Baltimore Ravens @ Atlanta Falcons,2026-10-12T00:20:00Z,2000,
Charlie Woerner,anytime_td,0.5,betmgm,Baltimore Ravens @ Atlanta Falcons,2026-10-12T00:20:00Z,2000,
Josh Cuevas,anytime_td,0.5,betmgm,Baltimore Ravens @ Atlanta Falcons,2026-10-12T00:20:00Z,1700,
Zachariah Branch,anytime_td,0.5,betmgm,Baltimore Ravens @ Atlanta Falcons,2026-10-12T00:20:00Z,950,
Tyler Huntley,anytime_td,0.5,betmgm,Baltimore Ravens @ Atlanta Falcons,2026-10-12T00:20:00Z,475,
Michael Penix Jr.,pass_yds,218.5,betmgm,Baltimore Ravens @ Atlanta Falcons,2026-10-12T00:20:00Z,-115,-115
Jahan Dotson,rec_yds,18.5,betmgm,Baltimore Ravens @ Atlanta Falcons,2026-10-12T00:20:00Z,-120,-111
Kyle Pitts,rec_yds,25.5,betmgm,Baltimore Ravens @ Atlanta Falcons,2026-10-12T00:20:00Z,-115,-115
Drake London,rec_yds,81.5,betmgm,Baltimore Ravens @ Atlanta Falcons,2026-10-12T00:20:00Z,-115,-115
Bijan Robinson,rec_yds,28.5,betmgm,Baltimore Ravens @ Atlanta Falcons,2026-10-12T00:20:00Z,-115,-115
Zay Flowers,rec_yds,68.5,betmgm,Baltimore Ravens @ Atlanta Falcons,2026-10-12T00:20:00Z,-115,-115
Mark Andrews,rec_yds,29.5,betmgm,Baltimore Ravens @ Atlanta Falcons,2026-10-12T00:20:00Z,-115,-115
Rashod Bateman,rec_yds,17.5,betmgm,Baltimore Ravens @ Atlanta Falcons,2026-10-12T00:20:00Z,-120,-111
Kyle Pitts,receptions,2.5,betmgm,Baltimore Ravens @ Atlanta Falcons,2026-10-12T00:20:00Z,-111,-120
Mark Andrews,receptions,3.5,betmgm,Baltimore Ravens @ Atlanta Falcons,2026-10-12T00:20:00Z,-115,-115
Zay Flowers,receptions,5.5,betmgm,Baltimore Ravens @ Atlanta Falcons,2026-10-12T00:20:00Z,-111,-120
Bijan Robinson,receptions,3.5,betmgm,Baltimore Ravens @ Atlanta Falcons,2026-10-12T00:20:00Z,-120,-110
Jahan Dotson,receptions,1.5,betmgm,Baltimore Ravens @ Atlanta Falcons,2026-10-12T00:20:00Z,-140,105
Drake London,receptions,6.5,betmgm,Baltimore Ravens @ Atlanta Falcons,2026-10-12T00:20:00Z,115,-155
Rashod Bateman,receptions,1.5,betmgm,Baltimore Ravens @ Atlanta Falcons,2026-10-12T00:20:00Z,-165,125
Derrick Henry,rush_yds,85.5,betmgm,Baltimore Ravens @ Atlanta Falcons,2026-10-12T00:20:00Z,-115,-115
Brian Robinson Jr.,rush_yds,34.5,betmgm,Baltimore Ravens @ Atlanta Falcons,2026-10-12T00:20:00Z,-111,-120
Bijan Robinson,rush_yds,89.5,betmgm,Baltimore Ravens @ Atlanta Falcons,2026-10-12T00:20:00Z,-115,-115
Kyren Williams,anytime_td,0.5,draftkings,Buffalo Bills @ Los Angeles Rams,2026-10-13T00:15:00Z,-180,
Puka Nacua,anytime_td,0.5,draftkings,Buffalo Bills @ Los Angeles Rams,2026-10-13T00:15:00Z,-130,
James Cook,anytime_td,0.5,draftkings,Buffalo Bills @ Los Angeles Rams,2026-10-13T00:15:00Z,-110,
Josh Allen,anytime_td,0.5,draftkings,Buffalo Bills @ Los Angeles Rams,2026-10-13T00:15:00Z,-110,
Davante Adams,anytime_td,0.5,draftkings,Buffalo Bills @ Los Angeles Rams,2026-10-13T00:15:00Z,-105,
Dalton Kincaid,anytime_td,0.5,draftkings,Buffalo Bills @ Los Angeles Rams,2026-10-13T00:15:00Z,195,
Tyler Higbee,anytime_td,0.5,draftkings,Buffalo Bills @ Los Angeles Rams,2026-10-13T00:15:00Z,230,
Colby Parkinson,anytime_td,0.5,draftkings,Buffalo Bills @ Los Angeles Rams,2026-10-13T00:15:00Z,235,
Khalil Shakir,anytime_td,0.5,draftkings,Buffalo Bills @ Los Angeles Rams,2026-10-13T00:15:00Z,245,
Blake Corum,anytime_td,0.5,draftkings,Buffalo Bills @ Los Angeles Rams,2026-10-13T00:15:00Z,255,
Keon Coleman,anytime_td,0.5,draftkings,Buffalo Bills @ Los Angeles Rams,2026-10-13T00:15:00Z,255,
Joshua Palmer,anytime_td,0.5,draftkings,Buffalo Bills @ Los Angeles Rams,2026-10-13T00:15:00Z,475,
Los Angeles Rams D/ST,anytime_td,0.5,draftkings,Buffalo Bills @ Los Angeles Rams,2026-10-13T00:15:00Z,550,
Buffalo Bills D/ST,anytime_td,0.5,draftkings,Buffalo Bills @ Los Angeles Rams,2026-10-13T00:15:00Z,550,
Dawson Knox,anytime_td,0.5,draftkings,Buffalo Bills @ Los Angeles Rams,2026-10-13T00:15:00Z,550,
Ty Johnson,anytime_td,0.5,draftkings,Buffalo Bills @ Los Angeles Rams,2026-10-13T00:15:00Z,600,
Konata Mumpfield,anytime_td,0.5,draftkings,Buffalo Bills @ Los Angeles Rams,2026-10-13T00:15:00Z,700,
Davis Allen,anytime_td,0.5,draftkings,Buffalo Bills @ Los Angeles Rams,2026-10-13T00:15:00Z,850,
Jordan Whittington,anytime_td,0.5,draftkings,Buffalo Bills @ Los Angeles Rams,2026-10-13T00:15:00Z,1000,
Jackson Hawes,anytime_td,0.5,draftkings,Buffalo Bills @ Los Angeles Rams,2026-10-13T00:15:00Z,1000,
Skyler Bell,anytime_td,0.5,draftkings,Buffalo Bills @ Los Angeles Rams,2026-10-13T00:15:00Z,1300,
Tutu Atwell,anytime_td,0.5,draftkings,Buffalo Bills @ Los Angeles Rams,2026-10-13T00:15:00Z,1400,
Matthew Stafford,anytime_td,0.5,draftkings,Buffalo Bills @ Los Angeles Rams,2026-10-13T00:15:00Z,1600,
Greg Dortch,anytime_td,0.5,draftkings,Buffalo Bills @ Los Angeles Rams,2026-10-13T00:15:00Z,1600,
CJ Daniels,anytime_td,0.5,draftkings,Buffalo Bills @ Los Angeles Rams,2026-10-13T00:15:00Z,1600,
Ray Davis,anytime_td,0.5,draftkings,Buffalo Bills @ Los Angeles Rams,2026-10-13T00:15:00Z,1800,
Max Klare,anytime_td,0.5,draftkings,Buffalo Bills @ Los Angeles Rams,2026-10-13T00:15:00Z,1900,
Alex Bachman,anytime_td,0.5,draftkings,Buffalo Bills @ Los Angeles Rams,2026-10-13T00:15:00Z,2200,
Keleki Latu,anytime_td,0.5,draftkings,Buffalo Bills @ Los Angeles Rams,2026-10-13T00:15:00Z,2500,
Dean Connors,anytime_td,0.5,draftkings,Buffalo Bills @ Los Angeles Rams,2026-10-13T00:15:00Z,3000,
Matthew Stafford,pass_yds,277.5,draftkings,Buffalo Bills @ Los Angeles Rams,2026-10-13T00:15:00Z,-111,-113
Josh Allen,pass_yds,244.5,draftkings,Buffalo Bills @ Los Angeles Rams,2026-10-13T00:15:00Z,-111,-113
Puka Nacua,rec_yds,94.5,draftkings,Buffalo Bills @ Los Angeles Rams,2026-10-13T00:15:00Z,-112,-112
Davante Adams,rec_yds,62.5,draftkings,Buffalo Bills @ Los Angeles Rams,2026-10-13T00:15:00Z,-114,-110
Dalton Kincaid,rec_yds,51.5,draftkings,Buffalo Bills @ Los Angeles Rams,2026-10-13T00:15:00Z,-111,-113
Khalil Shakir,rec_yds,43.5,draftkings,Buffalo Bills @ Los Angeles Rams,2026-10-13T00:15:00Z,-114,-110
Keon Coleman,rec_yds,37.5,draftkings,Buffalo Bills @ Los Angeles Rams,2026-10-13T00:15:00Z,-113,-111
Tyler Higbee,rec_yds,25.5,draftkings,Buffalo Bills @ Los Angeles Rams,2026-10-13T00:15:00Z,-115,-109
Kyren Williams,rec_yds,20.5,draftkings,Buffalo Bills @ Los Angeles Rams,2026-10-13T00:15:00Z,-114,-110
Joshua Palmer,rec_yds,19.5,draftkings,Buffalo Bills @ Los Angeles Rams,2026-10-13T00:15:00Z,-112,-111
Colby Parkinson,rec_yds,16.5,draftkings,Buffalo Bills @ Los Angeles Rams,2026-10-13T00:15:00Z,-113,-111
Ty Johnson,rec_yds,11.5,draftkings,Buffalo Bills @ Los Angeles Rams,2026-10-13T00:15:00Z,-113,-111
Dawson Knox,rec_yds,10.5,draftkings,Buffalo Bills @ Los Angeles Rams,2026-10-13T00:15:00Z,-116,-108
James Cook,rec_yds,9.5,draftkings,Buffalo Bills @ Los Angeles Rams,2026-10-13T00:15:00Z,-118,-107
Konata Mumpfield,rec_yds,7.5,draftkings,Buffalo Bills @ Los Angeles Rams,2026-10-13T00:15:00Z,-114,-110
Jordan Whittington,rec_yds,5.5,draftkings,Buffalo Bills @ Los Angeles Rams,2026-10-13T00:15:00Z,-112,-112
Puka Nacua,receptions,7.5,draftkings,Buffalo Bills @ Los Angeles Rams,2026-10-13T00:15:00Z,104,-133
Davante Adams,receptions,4.5,draftkings,Buffalo Bills @ Los Angeles Rams,2026-10-13T00:15:00Z,-105,-122
Dalton Kincaid,receptions,4.5,draftkings,Buffalo Bills @ Los Angeles Rams,2026-10-13T00:15:00Z,122,-156
Kyren Williams,receptions,2.5,draftkings,Buffalo Bills @ Los Angeles Rams,2026-10-13T00:15:00Z,-144,113
James Cook,receptions,1.5,draftkings,Buffalo Bills @ Los Angeles Rams,2026-10-13T00:15:00Z,-123,-104
Joshua Palmer,receptions,1.5,draftkings,Buffalo Bills @ Los Angeles Rams,2026-10-13T00:15:00Z,-111,-115
James Cook,rush_yds,74.5,draftkings,Buffalo Bills @ Los Angeles Rams,2026-10-13T00:15:00Z,-111,-113
Kyren Williams,rush_yds,70.5,draftkings,Buffalo Bills @ Los Angeles Rams,2026-10-13T00:15:00Z,-113,-111
Josh Allen,rush_yds,36.5,draftkings,Buffalo Bills @ Los Angeles Rams,2026-10-13T00:15:00Z,-113,-111
Blake Corum,rush_yds,32.5,draftkings,Buffalo Bills @ Los Angeles Rams,2026-10-13T00:15:00Z,-112,-112
Matthew Stafford,rush_yds,0.5,draftkings,Buffalo Bills @ Los Angeles Rams,2026-10-13T00:15:00Z,-115,-109
Kyren Williams,anytime_td,0.5,fanduel,Buffalo Bills @ Los Angeles Rams,2026-10-13T00:15:00Z,-170,
Puka Nacua,anytime_td,0.5,fanduel,Buffalo Bills @ Los Angeles Rams,2026-10-13T00:15:00Z,-125,
James Cook,anytime_td,0.5,fanduel,Buffalo Bills @ Los Angeles Rams,2026-10-13T00:15:00Z,-115,
Josh Allen,anytime_td,0.5,fanduel,Buffalo Bills @ Los Angeles Rams,2026-10-13T00:15:00Z,-115,
Davante Adams,anytime_td,0.5,fanduel,Buffalo Bills @ Los Angeles Rams,2026-10-13T00:15:00Z,-105,
Dalton Kincaid,anytime_td,0.5,fanduel,Buffalo Bills @ Los Angeles Rams,2026-10-13T00:15:00Z,180,
Colby Parkinson,anytime_td,0.5,fanduel,Buffalo Bills @ Los Angeles Rams,2026-10-13T00:15:00Z,230,
Khalil Shakir,anytime_td,0.5,fanduel,Buffalo Bills @ Los Angeles Rams,2026-10-13T00:15:00Z,240,
Tyler Higbee,anytime_td,0.5,fanduel,Buffalo Bills @ Los Angeles Rams,2026-10-13T00:15:00Z,250,
Keon Coleman,anytime_td,0.5,fanduel,Buffalo Bills @ Los Angeles Rams,2026-10-13T00:15:00Z,250,
Blake Corum,anytime_td,0.5,fanduel,Buffalo Bills @ Los Angeles Rams,2026-10-13T00:15:00Z,270,
Joshua Palmer,anytime_td,0.5,fanduel,Buffalo Bills @ Los Angeles Rams,2026-10-13T00:15:00Z,480,
Dawson Knox,anytime_td,0.5,fanduel,Buffalo Bills @ Los Angeles Rams,2026-10-13T00:15:00Z,500,
Los Angeles Rams Defense,anytime_td,0.5,fanduel,Buffalo Bills @ Los Angeles Rams,2026-10-13T00:15:00Z,550,
Ty Johnson,anytime_td,0.5,fanduel,Buffalo Bills @ Los Angeles Rams,2026-10-13T00:15:00Z,650,
Konata Mumpfield,anytime_td,0.5,fanduel,Buffalo Bills @ Los Angeles Rams,2026-10-13T00:15:00Z,700,
Davis Allen,anytime_td,0.5,fanduel,Buffalo Bills @ Los Angeles Rams,2026-10-13T00:15:00Z,800,
Jackson Hawes,anytime_td,0.5,fanduel,Buffalo Bills @ Los Angeles Rams,2026-10-13T00:15:00Z,850,
Buffalo Bills Defense,anytime_td,0.5,fanduel,Buffalo Bills @ Los Angeles Rams,2026-10-13T00:15:00Z,900,
Jordan Whittington,anytime_td,0.5,fanduel,Buffalo Bills @ Los Angeles Rams,2026-10-13T00:15:00Z,1000,
Greg Dortch,anytime_td,0.5,fanduel,Buffalo Bills @ Los Angeles Rams,2026-10-13T00:15:00Z,1300,
Skyler Bell,anytime_td,0.5,fanduel,Buffalo Bills @ Los Angeles Rams,2026-10-13T00:15:00Z,1300,
Tutu Atwell,anytime_td,0.5,fanduel,Buffalo Bills @ Los Angeles Rams,2026-10-13T00:15:00Z,1600,
CJ Daniels,anytime_td,0.5,fanduel,Buffalo Bills @ Los Angeles Rams,2026-10-13T00:15:00Z,1600,
Matthew Stafford,anytime_td,0.5,fanduel,Buffalo Bills @ Los Angeles Rams,2026-10-13T00:15:00Z,1800,
Keleki Latu,anytime_td,0.5,fanduel,Buffalo Bills @ Los Angeles Rams,2026-10-13T00:15:00Z,1800,
Ray Davis,anytime_td,0.5,fanduel,Buffalo Bills @ Los Angeles Rams,2026-10-13T00:15:00Z,1900,
Max Klare,anytime_td,0.5,fanduel,Buffalo Bills @ Los Angeles Rams,2026-10-13T00:15:00Z,2500,
Alex Bachman,anytime_td,0.5,fanduel,Buffalo Bills @ Los Angeles Rams,2026-10-13T00:15:00Z,2700,
Dean Connors,anytime_td,0.5,fanduel,Buffalo Bills @ Los Angeles Rams,2026-10-13T00:15:00Z,3000,
Josh Allen,pass_yds,244.5,fanduel,Buffalo Bills @ Los Angeles Rams,2026-10-13T00:15:00Z,-114,-114
Matthew Stafford,pass_yds,277.5,fanduel,Buffalo Bills @ Los Angeles Rams,2026-10-13T00:15:00Z,-114,-114
Keon Coleman,rec_yds,37.5,fanduel,Buffalo Bills @ Los Angeles Rams,2026-10-13T00:15:00Z,-114,-114
Davante Adams,rec_yds,62.5,fanduel,Buffalo Bills @ Los Angeles Rams,2026-10-13T00:15:00Z,-114,-114
Kyren Williams,rec_yds,19.5,fanduel,Buffalo Bills @ Los Angeles Rams,2026-10-13T00:15:00Z,-114,-114
Khalil Shakir,rec_yds,43.5,fanduel,Buffalo Bills @ Los Angeles Rams,2026-10-13T00:15:00Z,-114,-114
James Cook,rec_yds,9.5,fanduel,Buffalo Bills @ Los Angeles Rams,2026-10-13T00:15:00Z,-114,-114
Joshua Palmer,rec_yds,19.5,fanduel,Buffalo Bills @ Los Angeles Rams,2026-10-13T00:15:00Z,-114,-114
Colby Parkinson,rec_yds,16.5,fanduel,Buffalo Bills @ Los Angeles Rams,2026-10-13T00:15:00Z,-114,-114
Konata Mumpfield,rec_yds,7.5,fanduel,Buffalo Bills @ Los Angeles Rams,2026-10-13T00:15:00Z,-114,-114
Puka Nacua,rec_yds,92.5,fanduel,Buffalo Bills @ Los Angeles Rams,2026-10-13T00:15:00Z,-114,-114
Tyler Higbee,rec_yds,25.5,fanduel,Buffalo Bills @ Los Angeles Rams,2026-10-13T00:15:00Z,-114,-114
Dalton Kincaid,rec_yds,50.5,fanduel,Buffalo Bills @ Los Angeles Rams,2026-10-13T00:15:00Z,-114,-114
Dawson Knox,rec_yds,10.5,fanduel,Buffalo Bills @ Los Angeles Rams,2026-10-13T00:15:00Z,-114,-114
Ty Johnson,rec_yds,11.5,fanduel,Buffalo Bills @ Los Angeles Rams,2026-10-13T00:15:00Z,-114,-114
Jordan Whittington,rec_yds,5.5,fanduel,Buffalo Bills @ Los Angeles Rams,2026-10-13T00:15:00Z,-114,-114
Jordan Whittington,receptions,0.5,fanduel,Buffalo Bills @ Los Angeles Rams,2026-10-13T00:15:00Z,-180,134
Ty Johnson,receptions,2.5,fanduel,Buffalo Bills @ Los Angeles Rams,2026-10-13T00:15:00Z,152,-205
Colby Parkinson,receptions,1.5,fanduel,Buffalo Bills @ Los Angeles Rams,2026-10-13T00:15:00Z,-180,134
Joshua Palmer,receptions,1.5,fanduel,Buffalo Bills @ Los Angeles Rams,2026-10-13T00:15:00Z,-114,-114
James Cook,receptions,1.5,fanduel,Buffalo Bills @ Los Angeles Rams,2026-10-13T00:15:00Z,-122,-108
Khalil Shakir,receptions,4.5,fanduel,Buffalo Bills @ Los Angeles Rams,2026-10-13T00:15:00Z,116,-154
Keon Coleman,receptions,2.5,fanduel,Buffalo Bills @ Los Angeles Rams,2026-10-13T00:15:00Z,-172,128
Konata Mumpfield,receptions,0.5,fanduel,Buffalo Bills @ Los Angeles Rams,2026-10-13T00:15:00Z,-172,128
Puka Nacua,receptions,6.5,fanduel,Buffalo Bills @ Los Angeles Rams,2026-10-13T00:15:00Z,-160,120
Dalton Kincaid,receptions,4.5,fanduel,Buffalo Bills @ Los Angeles Rams,2026-10-13T00:15:00Z,124,-166
Tyler Higbee,receptions,2.5,fanduel,Buffalo Bills @ Los Angeles Rams,2026-10-13T00:15:00Z,-138,104
Dawson Knox,receptions,1.5,fanduel,Buffalo Bills @ Los Angeles Rams,2026-10-13T00:15:00Z,118,-158
Davante Adams,receptions,4.5,fanduel,Buffalo Bills @ Los Angeles Rams,2026-10-13T00:15:00Z,108,-144
Kyren Williams,receptions,2.5,fanduel,Buffalo Bills @ Los Angeles Rams,2026-10-13T00:15:00Z,-158,118
James Cook,rush_yds,75.5,fanduel,Buffalo Bills @ Los Angeles Rams,2026-10-13T00:15:00Z,-114,-114
Blake Corum,rush_yds,31.5,fanduel,Buffalo Bills @ Los Angeles Rams,2026-10-13T00:15:00Z,-114,-114
Matthew Stafford,rush_yds,1.5,fanduel,Buffalo Bills @ Los Angeles Rams,2026-10-13T00:15:00Z,102,-132
Kyren Williams,rush_yds,68.5,fanduel,Buffalo Bills @ Los Angeles Rams,2026-10-13T00:15:00Z,-114,-114
Josh Allen,rush_yds,36.5,fanduel,Buffalo Bills @ Los Angeles Rams,2026-10-13T00:15:00Z,-114,-114
Tyler Higbee,anytime_td,0.5,betmgm,Buffalo Bills @ Los Angeles Rams,2026-10-13T00:15:00Z,250,
Los Angeles Rams D/ST,anytime_td,0.5,betmgm,Buffalo Bills @ Los Angeles Rams,2026-10-13T00:15:00Z,525,
Davante Adams,anytime_td,0.5,betmgm,Buffalo Bills @ Los Angeles Rams,2026-10-13T00:15:00Z,-105,
Khalil Shakir,anytime_td,0.5,betmgm,Buffalo Bills @ Los Angeles Rams,2026-10-13T00:15:00Z,230,
Blake Corum,anytime_td,0.5,betmgm,Buffalo Bills @ Los Angeles Rams,2026-10-13T00:15:00Z,240,
Kyren Williams,anytime_td,0.5,betmgm,Buffalo Bills @ Los Angeles Rams,2026-10-13T00:15:00Z,-200,
Keon Coleman,anytime_td,0.5,betmgm,Buffalo Bills @ Los Angeles Rams,2026-10-13T00:15:00Z,260,
Dalton Kincaid,anytime_td,0.5,betmgm,Buffalo Bills @ Los Angeles Rams,2026-10-13T00:15:00Z,185,
Josh Allen,anytime_td,0.5,betmgm,Buffalo Bills @ Los Angeles Rams,2026-10-13T00:15:00Z,-120,
DJ Moore,anytime_td,0.5,betmgm,Buffalo Bills @ Los Angeles Rams,2026-10-13T00:15:00Z,180,
Buffalo Bills D/ST,anytime_td,0.5,betmgm,Buffalo Bills @ Los Angeles Rams,2026-10-13T00:15:00Z,650,
Puka Nacua,anytime_td,0.5,betmgm,Buffalo Bills @ Los Angeles Rams,2026-10-13T00:15:00Z,-125,
James Cook,anytime_td,0.5,betmgm,Buffalo Bills @ Los Angeles Rams,2026-10-13T00:15:00Z,-118,
Matthew Stafford,anytime_td,0.5,betmgm,Buffalo Bills @ Los Angeles Rams,2026-10-13T00:15:00Z,1400,
Ray Davis,anytime_td,0.5,betmgm,Buffalo Bills @ Los Angeles Rams,2026-10-13T00:15:00Z,1150,
Ty Johnson,anytime_td,0.5,betmgm,Buffalo Bills @ Los Angeles Rams,2026-10-13T00:15:00Z,500,
Dawson Knox,anytime_td,0.5,betmgm,Buffalo Bills @ Los Angeles Rams,2026-10-13T00:15:00Z,525,
Joshua Palmer,anytime_td,0.5,betmgm,Buffalo Bills @ Los Angeles Rams,2026-10-13T00:15:00Z,450,
Jordan Whittington,anytime_td,0.5,betmgm,Buffalo Bills @ Los Angeles Rams,2026-10-13T00:15:00Z,850,
Konata Mumpfield,anytime_td,0.5,betmgm,Buffalo Bills @ Los Angeles Rams,2026-10-13T00:15:00Z,775,
Tutu Atwell,anytime_td,0.5,betmgm,Buffalo Bills @ Los Angeles Rams,2026-10-13T00:15:00Z,1350,
Davis Allen,anytime_td,0.5,betmgm,Buffalo Bills @ Los Angeles Rams,2026-10-13T00:15:00Z,900,
Jackson Hawes,anytime_td,0.5,betmgm,Buffalo Bills @ Los Angeles Rams,2026-10-13T00:15:00Z,1050,
Colby Parkinson,anytime_td,0.5,betmgm,Buffalo Bills @ Los Angeles Rams,2026-10-13T00:15:00Z,280,
Skyler Bell,anytime_td,0.5,betmgm,Buffalo Bills @ Los Angeles Rams,2026-10-13T00:15:00Z,1350,
Alex Bachman,anytime_td,0.5,betmgm,Buffalo Bills @ Los Angeles Rams,2026-10-13T00:15:00Z,2500,
Josh Allen,pass_yds,243.5,betmgm,Buffalo Bills @ Los Angeles Rams,2026-10-13T00:15:00Z,-115,-115
Matthew Stafford,pass_yds,281.5,betmgm,Buffalo Bills @ Los Angeles Rams,2026-10-13T00:15:00Z,-115,-115
Dalton Kincaid,rec_yds,50.5,betmgm,Buffalo Bills @ Los Angeles Rams,2026-10-13T00:15:00Z,-115,-115
Puka Nacua,rec_yds,93.5,betmgm,Buffalo Bills @ Los Angeles Rams,2026-10-13T00:15:00Z,-115,-115
Kyren Williams,rec_yds,19.5,betmgm,Buffalo Bills @ Los Angeles Rams,2026-10-13T00:15:00Z,-135,100
Davante Adams,rec_yds,63.5,betmgm,Buffalo Bills @ Los Angeles Rams,2026-10-13T00:15:00Z,-115,-115
Jordan Whittington,rec_yds,6.5,betmgm,Buffalo Bills @ Los Angeles Rams,2026-10-13T00:15:00Z,-115,-115
Konata Mumpfield,rec_yds,7.5,betmgm,Buffalo Bills @ Los Angeles Rams,2026-10-13T00:15:00Z,-111,-118
James Cook,rec_yds,11.5,betmgm,Buffalo Bills @ Los Angeles Rams,2026-10-13T00:15:00Z,-110,-120
Ty Johnson,rec_yds,12.5,betmgm,Buffalo Bills @ Los Angeles Rams,2026-10-13T00:15:00Z,-120,-110
Colby Parkinson,rec_yds,17.5,betmgm,Buffalo Bills @ Los Angeles Rams,2026-10-13T00:15:00Z,-115,-115
Davante Adams,receptions,4.5,betmgm,Buffalo Bills @ Los Angeles Rams,2026-10-13T00:15:00Z,-111,-120
Puka Nacua,receptions,7.5,betmgm,Buffalo Bills @ Los Angeles Rams,2026-10-13T00:15:00Z,100,-135
Kyren Williams,receptions,2.5,betmgm,Buffalo Bills @ Los Angeles Rams,2026-10-13T00:15:00Z,-135,100
Dalton Kincaid,receptions,4.5,betmgm,Buffalo Bills @ Los Angeles Rams,2026-10-13T00:15:00Z,125,-165
Kyren Williams,rush_yds,69.5,betmgm,Buffalo Bills @ Los Angeles Rams,2026-10-13T00:15:00Z,-115,-115
Josh Allen,rush_yds,36.5,betmgm,Buffalo Bills @ Los Angeles Rams,2026-10-13T00:15:00Z,-115,-115
James Cook,rush_yds,74.5,betmgm,Buffalo Bills @ Los Angeles Rams,2026-10-13T00:15:00Z,-115,-115
