player,market,line,book,game,commence,over_odds,under_odds
Jonathan Taylor,anytime_td,0.5,draftkings,Indianapolis Colts @ Washington Commanders,2026-10-04T13:30:00Z,-320,
Jacory Croskey-Merritt,anytime_td,0.5,draftkings,Indianapolis Colts @ Washington Commanders,2026-10-04T13:30:00Z,100,
Josh Downs,anytime_td,0.5,draftkings,Indianapolis Colts @ Washington Commanders,2026-10-04T13:30:00Z,155,
Tyler Warren,anytime_td,0.5,draftkings,Indianapolis Colts @ Washington Commanders,2026-10-04T13:30:00Z,165,
Stefon Diggs,anytime_td,0.5,draftkings,Indianapolis Colts @ Washington Commanders,2026-10-04T13:30:00Z,200,
Chig Okonkwo,anytime_td,0.5,draftkings,Indianapolis Colts @ Washington Commanders,2026-10-04T13:30:00Z,350,
Daniel Jones,anytime_td,0.5,draftkings,Indianapolis Colts @ Washington Commanders,2026-10-04T13:30:00Z,380,
Marcus Mariota,anytime_td,0.5,draftkings,Indianapolis Colts @ Washington Commanders,2026-10-04T13:30:00Z,390,
Laquon Treadwell,anytime_td,0.5,draftkings,Indianapolis Colts @ Washington Commanders,2026-10-04T13:30:00Z,400,
Antonio Williams,anytime_td,0.5,draftkings,Indianapolis Colts @ Washington Commanders,2026-10-04T13:30:00Z,450,
Kaytron Allen,anytime_td,0.5,draftkings,Indianapolis Colts @ Washington Commanders,2026-10-04T13:30:00Z,450,
Indianapolis Colts D/ST,anytime_td,0.5,draftkings,Indianapolis Colts @ Washington Commanders,2026-10-04T13:30:00Z,500,
Washington Commanders D/ST,anytime_td,0.5,draftkings,Indianapolis Colts @ Washington Commanders,2026-10-04T13:30:00Z,600,
Treylon Burks,anytime_td,0.5,draftkings,Indianapolis Colts @ Washington Commanders,2026-10-04T13:30:00Z,600,
Dyami Brown,anytime_td,0.5,draftkings,Indianapolis Colts @ Washington Commanders,2026-10-04T13:30:00Z,650,
Darius Slayton,anytime_td,0.5,draftkings,Indianapolis Colts @ Washington Commanders,2026-10-04T13:30:00Z,650,
Seth McGowan,anytime_td,0.5,draftkings,Indianapolis Colts @ Washington Commanders,2026-10-04T13:30:00Z,850,
Austin Ekeler,anytime_td,0.5,draftkings,Indianapolis Colts @ Washington Commanders,2026-10-04T13:30:00Z,850,
Nick Westbrook-Ikhine,anytime_td,0.5,draftkings,Indianapolis Colts @ Washington Commanders,2026-10-04T13:30:00Z,950,
Jaylin Lane,anytime_td,0.5,draftkings,Indianapolis Colts @ Washington Commanders,2026-10-04T13:30:00Z,1000,
Ashton Dulin,anytime_td,0.5,draftkings,Indianapolis Colts @ Washington Commanders,2026-10-04T13:30:00Z,1000,
Mo Alie-Cox,anytime_td,0.5,draftkings,Indianapolis Colts @ Washington Commanders,2026-10-04T13:30:00Z,1100,
John Bates,anytime_td,0.5,draftkings,Indianapolis Colts @ Washington Commanders,2026-10-04T13:30:00Z,1200,
Deion Burks,anytime_td,0.5,draftkings,Indianapolis Colts @ Washington Commanders,2026-10-04T13:30:00Z,1300,
Ben Sinnott,anytime_td,0.5,draftkings,Indianapolis Colts @ Washington Commanders,2026-10-04T13:30:00Z,1500,
Anthony Gould,anytime_td,0.5,draftkings,Indianapolis Colts @ Washington Commanders,2026-10-04T13:30:00Z,1500,
Luke McCaffrey,anytime_td,0.5,draftkings,Indianapolis Colts @ Washington Commanders,2026-10-04T13:30:00Z,1900,
DJ Giddens,anytime_td,0.5,draftkings,Indianapolis Colts @ Washington Commanders,2026-10-04T13:30:00Z,1900,
Drew Ogletree,anytime_td,0.5,draftkings,Indianapolis Colts @ Washington Commanders,2026-10-04T13:30:00Z,2000,
Colson Yankoff,anytime_td,0.5,draftkings,Indianapolis Colts @ Washington Commanders,2026-10-04T13:30:00Z,2200,
Daniel Jones,pass_yds,219.5,draftkings,Indianapolis Colts @ Washington Commanders,2026-10-04T13:30:00Z,-112,-112
Marcus Mariota,pass_yds,204.5,draftkings,Indianapolis Colts @ Washington Commanders,2026-10-04T13:30:00Z,-113,-111
Josh Downs,rec_yds,71.5,draftkings,Indianapolis Colts @ Washington Commanders,2026-10-04T13:30:00Z,-113,-111
Tyler Warren,rec_yds,54.5,draftkings,Indianapolis Colts @ Washington Commanders,2026-10-04T13:30:00Z,-114,-110
Laquon Treadwell,rec_yds,24.5,draftkings,Indianapolis Colts @ Washington Commanders,2026-10-04T13:30:00Z,-113,-111
Jonathan Taylor,rec_yds,19.5,draftkings,Indianapolis Colts @ Washington Commanders,2026-10-04T13:30:00Z,-111,-113
Darius Slayton,rec_yds,13.5,draftkings,Indianapolis Colts @ Washington Commanders,2026-10-04T13:30:00Z,-113,-111
Josh Downs,receptions,6.5,draftkings,Indianapolis Colts @ Washington Commanders,2026-10-04T13:30:00Z,-141,111
Tyler Warren,receptions,5.5,draftkings,Indianapolis Colts @ Washington Commanders,2026-10-04T13:30:00Z,-142,111
Jonathan Taylor,receptions,2.5,draftkings,Indianapolis Colts @ Washington Commanders,2026-10-04T13:30:00Z,-131,103
Laquon Treadwell,receptions,1.5,draftkings,Indianapolis Colts @ Washington Commanders,2026-10-04T13:30:00Z,-156,122
Darius Slayton,receptions,1.5,draftkings,Indianapolis Colts @ Washington Commanders,2026-10-04T13:30:00Z,165,-212
Jonathan Taylor,rush_yds,91.5,draftkings,Indianapolis Colts @ Washington Commanders,2026-10-04T13:30:00Z,-114,-110
Jacory Croskey-Merritt,rush_yds,59.5,draftkings,Indianapolis Colts @ Washington Commanders,2026-10-04T13:30:00Z,-113,-111
Marcus Mariota,rush_yds,25.5,draftkings,Indianapolis Colts @ Washington Commanders,2026-10-04T13:30:00Z,-115,-109
Daniel Jones,rush_yds,11.5,draftkings,Indianapolis Colts @ Washington Commanders,2026-10-04T13:30:00Z,-116,-108
Seth McGowan,rush_yds,5.5,draftkings,Indianapolis Colts @ Washington Commanders,2026-10-04T13:30:00Z,-116,-108
Jonathan Taylor,anytime_td,0.5,fanduel,Indianapolis Colts @ Washington Commanders,2026-10-04T13:30:00Z,-310,
Jacory Croskey-Merritt,anytime_td,0.5,fanduel,Indianapolis Colts @ Washington Commanders,2026-10-04T13:30:00Z,-105,
Josh Downs,anytime_td,0.5,fanduel,Indianapolis Colts @ Washington Commanders,2026-10-04T13:30:00Z,155,
Tyler Warren,anytime_td,0.5,fanduel,Indianapolis Colts @ Washington Commanders,2026-10-04T13:30:00Z,160,
Stefon Diggs,anytime_td,0.5,fanduel,Indianapolis Colts @ Washington Commanders,2026-10-04T13:30:00Z,190,
Chig Okonkwo,anytime_td,0.5,fanduel,Indianapolis Colts @ Washington Commanders,2026-10-04T13:30:00Z,350,
Marcus Mariota,anytime_td,0.5,fanduel,Indianapolis Colts @ Washington Commanders,2026-10-04T13:30:00Z,390,
Laquon Treadwell,anytime_td,0.5,fanduel,Indianapolis Colts @ Washington Commanders,2026-10-04T13:30:00Z,400,
Daniel Jones,anytime_td,0.5,fanduel,Indianapolis Colts @ Washington Commanders,2026-10-04T13:30:00Z,410,
Kaytron Allen,anytime_td,0.5,fanduel,Indianapolis Colts @ Washington Commanders,2026-10-04T13:30:00Z,440,
Antonio Williams,anytime_td,0.5,fanduel,Indianapolis Colts @ Washington Commanders,2026-10-04T13:30:00Z,450,
Treylon Burks,anytime_td,0.5,fanduel,Indianapolis Colts @ Washington Commanders,2026-10-04T13:30:00Z,600,
Darius Slayton,anytime_td,0.5,fanduel,Indianapolis Colts @ Washington Commanders,2026-10-04T13:30:00Z,650,
Dyami Brown,anytime_td,0.5,fanduel,Indianapolis Colts @ Washington Commanders,2026-10-04T13:30:00Z,700,
Austin Ekeler,anytime_td,0.5,fanduel,Indianapolis Colts @ Washington Commanders,2026-10-04T13:30:00Z,700,
Washington Commanders Defense,anytime_td,0.5,fanduel,Indianapolis Colts @ Washington Commanders,2026-10-04T13:30:00Z,750,
Indianapolis Colts Defense,anytime_td,0.5,fanduel,Indianapolis Colts @ Washington Commanders,2026-10-04T13:30:00Z,750,
Seth McGowan,anytime_td,0.5,fanduel,Indianapolis Colts @ Washington Commanders,2026-10-04T13:30:00Z,900,
Mo Alie-Cox,anytime_td,0.5,fanduel,Indianapolis Colts @ Washington Commanders,2026-10-04T13:30:00Z,950,
Nick Westbrook-Ikhine,anytime_td,0.5,fanduel,Indianapolis Colts @ Washington Commanders,2026-10-04T13:30:00Z,950,
Jaylin Lane,anytime_td,0.5,fanduel,Indianapolis Colts @ Washington Commanders,2026-10-04T13:30:00Z,1000,
Ashton Dulin,anytime_td,0.5,fanduel,Indianapolis Colts @ Washington Commanders,2026-10-04T13:30:00Z,1100,
Deion Burks,anytime_td,0.5,fanduel,Indianapolis Colts @ Washington Commanders,2026-10-04T13:30:00Z,1100,
John Bates,anytime_td,0.5,fanduel,Indianapolis Colts @ Washington Commanders,2026-10-04T13:30:00Z,1400,
Ben Sinnott,anytime_td,0.5,fanduel,Indianapolis Colts @ Washington Commanders,2026-10-04T13:30:00Z,1700,
Anthony Gould,anytime_td,0.5,fanduel,Indianapolis Colts @ Washington Commanders,2026-10-04T13:30:00Z,2000,
DJ Giddens,anytime_td,0.5,fanduel,Indianapolis Colts @ Washington Commanders,2026-10-04T13:30:00Z,2000,
Drew Ogletree,anytime_td,0.5,fanduel,Indianapolis Colts @ Washington Commanders,2026-10-04T13:30:00Z,2200,
Luke McCaffrey,anytime_td,0.5,fanduel,Indianapolis Colts @ Washington Commanders,2026-10-04T13:30:00Z,3000,
Colson Yankoff,anytime_td,0.5,fanduel,Indianapolis Colts @ Washington Commanders,2026-10-04T13:30:00Z,3000,
Marcus Mariota,pass_yds,203.5,fanduel,Indianapolis Colts @ Washington Commanders,2026-10-04T13:30:00Z,-113,-113
Daniel Jones,pass_yds,219.5,fanduel,Indianapolis Colts @ Washington Commanders,2026-10-04T13:30:00Z,-113,-113
Stefon Diggs,rec_yds,56.5,fanduel,Indianapolis Colts @ Washington Commanders,2026-10-04T13:30:00Z,-113,-113
Jonathan Taylor,rec_yds,19.5,fanduel,Indianapolis Colts @ Washington Commanders,2026-10-04T13:30:00Z,-113,-113
Terry McLaurin,rec_yds,49.5,fanduel,Indianapolis Colts @ Washington Commanders,2026-10-04T13:30:00Z,-113,-113
Chig Okonkwo,rec_yds,29.5,fanduel,Indianapolis Colts @ Washington Commanders,2026-10-04T13:30:00Z,-113,-113
Tyler Warren,rec_yds,55.5,fanduel,Indianapolis Colts @ Washington Commanders,2026-10-04T13:30:00Z,-113,-113
Antonio Williams,rec_yds,24.5,fanduel,Indianapolis Colts @ Washington Commanders,2026-10-04T13:30:00Z,-113,-113
Darius Slayton,rec_yds,13.5,fanduel,Indianapolis Colts @ Washington Commanders,2026-10-04T13:30:00Z,-113,-113
Treylon Burks,rec_yds,15.5,fanduel,Indianapolis Colts @ Washington Commanders,2026-10-04T13:30:00Z,-113,-113
Josh Downs,rec_yds,71.5,fanduel,Indianapolis Colts @ Washington Commanders,2026-10-04T13:30:00Z,-113,-113
Laquon Treadwell,rec_yds,25.5,fanduel,Indianapolis Colts @ Washington Commanders,2026-10-04T13:30:00Z,-113,-113
Chig Okonkwo,receptions,3.5,fanduel,Indianapolis Colts @ Washington Commanders,2026-10-04T13:30:00Z,106,-140
Tyler Warren,receptions,5.5,fanduel,Indianapolis Colts @ Washington Commanders,2026-10-04T13:30:00Z,-136,102
Stefon Diggs,receptions,5.5,fanduel,Indianapolis Colts @ Washington Commanders,2026-10-04T13:30:00Z,-114,-114
Terry McLaurin,receptions,4.5,fanduel,Indianapolis Colts @ Washington Commanders,2026-10-04T13:30:00Z,124,-166
Laquon Treadwell,receptions,1.5,fanduel,Indianapolis Colts @ Washington Commanders,2026-10-04T13:30:00Z,-158,118
Josh Downs,receptions,6.5,fanduel,Indianapolis Colts @ Washington Commanders,2026-10-04T13:30:00Z,-140,106
Antonio Williams,receptions,2.5,fanduel,Indianapolis Colts @ Washington Commanders,2026-10-04T13:30:00Z,-114,-114
Jonathan Taylor,receptions,2.5,fanduel,Indianapolis Colts @ Washington Commanders,2026-10-04T13:30:00Z,-130,-102
Darius Slayton,receptions,1.5,fanduel,Indianapolis Colts @ Washington Commanders,2026-10-04T13:30:00Z,168,-230
Treylon Burks,receptions,1.5,fanduel,Indianapolis Colts @ Washington Commanders,2026-10-04T13:30:00Z,-148,112
Daniel Jones,rush_yds,10.5,fanduel,Indianapolis Colts @ Washington Commanders,2026-10-04T13:30:00Z,-113,-113
Marcus Mariota,rush_yds,26.5,fanduel,Indianapolis Colts @ Washington Commanders,2026-10-04T13:30:00Z,-113,-113
Jonathan Taylor,rush_yds,90.5,fanduel,Indianapolis Colts @ Washington Commanders,2026-10-04T13:30:00Z,-113,-113
Jacory Croskey-Merritt,rush_yds,60.5,fanduel,Indianapolis Colts @ Washington Commanders,2026-10-04T13:30:00Z,-113,-113
Kaytron Allen,rush_yds,13.5,fanduel,Indianapolis Colts @ Washington Commanders,2026-10-04T13:30:00Z,-113,-113
Seth McGowan,rush_yds,6.5,fanduel,Indianapolis Colts @ Washington Commanders,2026-10-04T13:30:00Z,-113,-113
John Bates,anytime_td,0.5,betmgm,Indianapolis Colts @ Washington Commanders,2026-10-04T13:30:00Z,1000,
Stefon Diggs,anytime_td,0.5,betmgm,Indianapolis Colts @ Washington Commanders,2026-10-04T13:30:00Z,220,
Chig Okonkwo,anytime_td,0.5,betmgm,Indianapolis Colts @ Washington Commanders,2026-10-04T13:30:00Z,390,
Indianapolis Colts D/ST,anytime_td,0.5,betmgm,Indianapolis Colts @ Washington Commanders,2026-10-04T13:30:00Z,400,
Mo Alie-Cox,anytime_td,0.5,betmgm,Indianapolis Colts @ Washington Commanders,2026-10-04T13:30:00Z,1150,
Jonathan Taylor,anytime_td,0.5,betmgm,Indianapolis Colts @ Washington Commanders,2026-10-04T13:30:00Z,-295,
Ben Sinnott,anytime_td,0.5,betmgm,Indianapolis Colts @ Washington Commanders,2026-10-04T13:30:00Z,1150,
Josh Downs,anytime_td,0.5,betmgm,Indianapolis Colts @ Washington Commanders,2026-10-04T13:30:00Z,145,
Dyami Brown,anytime_td,0.5,betmgm,Indianapolis Colts @ Washington Commanders,2026-10-04T13:30:00Z,700,
Seth McGowan,anytime_td,0.5,betmgm,Indianapolis Colts @ Washington Commanders,2026-10-04T13:30:00Z,700,
Tyler Warren,anytime_td,0.5,betmgm,Indianapolis Colts @ Washington Commanders,2026-10-04T13:30:00Z,150,
Laquon Treadwell,anytime_td,0.5,betmgm,Indianapolis Colts @ Washington Commanders,2026-10-04T13:30:00Z,425,
Daniel Jones,anytime_td,0.5,betmgm,Indianapolis Colts @ Washington Commanders,2026-10-04T13:30:00Z,425,
Antonio Williams,anytime_td,0.5,betmgm,Indianapolis Colts @ Washington Commanders,2026-10-04T13:30:00Z,360,
Marcus Mariota,anytime_td,0.5,betmgm,Indianapolis Colts @ Washington Commanders,2026-10-04T13:30:00Z,310,
Washington Commanders D/ST,anytime_td,0.5,betmgm,Indianapolis Colts @ Washington Commanders,2026-10-04T13:30:00Z,650,
Jacory Croskey-Merritt,anytime_td,0.5,betmgm,Indianapolis Colts @ Washington Commanders,2026-10-04T13:30:00Z,110,
Treylon Burks,anytime_td,0.5,betmgm,Indianapolis Colts @ Washington Commanders,2026-10-04T13:30:00Z,475,
Drew Ogletree,anytime_td,0.5,betmgm,Indianapolis Colts @ Washington Commanders,2026-10-04T13:30:00Z,1200,
Ashton Dulin,anytime_td,0.5,betmgm,Indianapolis Colts @ Washington Commanders,2026-10-04T13:30:00Z,600,
Deion Burks,anytime_td,0.5,betmgm,Indianapolis Colts @ Washington Commanders,2026-10-04T13:30:00Z,1600,
Marcus Mariota,pass_yds,211.5,betmgm,Indianapolis Colts @ Washington Commanders,2026-10-04T13:30:00Z,-115,-115
Daniel Jones,pass_yds,218.5,betmgm,Indianapolis Colts @ Washington Commanders,2026-10-04T13:30:00Z,-140,105
Jonathan Taylor,rec_yds,18.5,betmgm,Indianapolis Colts @ Washington Commanders,2026-10-04T13:30:00Z,-110,-120
Tyler Warren,rec_yds,53.5,betmgm,Indianapolis Colts @ Washington Commanders,2026-10-04T13:30:00Z,-115,-115
Josh Downs,rec_yds,72.5,betmgm,Indianapolis Colts @ Washington Commanders,2026-10-04T13:30:00Z,-115,-115
Laquon Treadwell,rec_yds,22.5,betmgm,Indianapolis Colts @ Washington Commanders,2026-10-04T13:30:00Z,-115,-115
Jonathan Taylor,receptions,2.5,betmgm,Indianapolis Colts @ Washington Commanders,2026-10-04T13:30:00Z,-140,105
Tyler Warren,receptions,5.5,betmgm,Indianapolis Colts @ Washington Commanders,2026-10-04T13:30:00Z,-118,-111
Laquon Treadwell,receptions,1.5,betmgm,Indianapolis Colts @ Washington Commanders,2026-10-04T13:30:00Z,-155,115
Jonathan Taylor,rush_yds,91.5,betmgm,Indianapolis Colts @ Washington Commanders,2026-10-04T13:30:00Z,-115,-115
Daniel Jones,rush_yds,10.5,betmgm,Indianapolis Colts @ Washington Commanders,2026-10-04T13:30:00Z,-110,-120
Cam Skattebo,anytime_td,0.5,draftkings,Arizona Cardinals @ New York Giants,2026-10-04T17:00:00Z,-145,
Jeremiyah Love,anytime_td,0.5,draftkings,Arizona Cardinals @ New York Giants,2026-10-04T17:00:00Z,-140,
Trey McBride,anytime_td,0.5,draftkings,Arizona Cardinals @ New York Giants,2026-10-04T17:00:00Z,140,
Malik Nabers,anytime_td,0.5,draftkings,Arizona Cardinals @ New York Giants,2026-10-04T17:00:00Z,195,
Michael Wilson,anytime_td,0.5,draftkings,Arizona Cardinals @ New York Giants,2026-10-04T17:00:00Z,210,
Isaiah Likely,anytime_td,0.5,draftkings,Arizona Cardinals @ New York Giants,2026-10-04T17:00:00Z,275,
Tyler Allgeier,anytime_td,0.5,draftkings,Arizona Cardinals @ New York Giants,2026-10-04T17:00:00Z,320,
Najee Harris,anytime_td,0.5,draftkings,Arizona Cardinals @ New York Giants,2026-10-04T17:00:00Z,340,
Marvin Harrison Jr.,anytime_td,0.5,draftkings,Arizona Cardinals @ New York Giants,2026-10-04T17:00:00Z,370,
Malachi Fields,anytime_td,0.5,draftkings,Arizona Cardinals @ New York Giants,2026-10-04T17:00:00Z,450,
Arizona Cardinals D/ST,anytime_td,0.5,draftkings,Arizona Cardinals @ New York Giants,2026-10-04T17:00:00Z,475,
New York Giants D/ST,anytime_td,0.5,draftkings,Arizona Cardinals @ New York Giants,2026-10-04T17:00:00Z,550,
Jacoby Brissett,anytime_td,0.5,draftkings,Arizona Cardinals @ New York Giants,2026-10-04T17:00:00Z,550,
Kendrick Bourne,anytime_td,0.5,draftkings,Arizona Cardinals @ New York Giants,2026-10-04T17:00:00Z,600,
Darnell Mooney,anytime_td,0.5,draftkings,Arizona Cardinals @ New York Giants,2026-10-04T17:00:00Z,650,
Jameis Winston,anytime_td,0.5,draftkings,Arizona Cardinals @ New York Giants,2026-10-04T17:00:00Z,850,
Theo Johnson,anytime_td,0.5,draftkings,Arizona Cardinals @ New York Giants,2026-10-04T17:00:00Z,850,
Tyrone Tracy Jr.,anytime_td,0.5,draftkings,Arizona Cardinals @ New York Giants,2026-10-04T17:00:00Z,1000,
Devin Singletary,anytime_td,0.5,draftkings,Arizona Cardinals @ New York Giants,2026-10-04T17:00:00Z,1100,
Elijah Higgins,anytime_td,0.5,draftkings,Arizona Cardinals @ New York Giants,2026-10-04T17:00:00Z,1200,
Hunter Long,anytime_td,0.5,draftkings,Arizona Cardinals @ New York Giants,2026-10-04T17:00:00Z,1300,
Braxton Berrios,anytime_td,0.5,draftkings,Arizona Cardinals @ New York Giants,2026-10-04T17:00:00Z,1400,
Zonovan Knight,anytime_td,0.5,draftkings,Arizona Cardinals @ New York Giants,2026-10-04T17:00:00Z,1700,
Charlie Jones,anytime_td,0.5,draftkings,Arizona Cardinals @ New York Giants,2026-10-04T17:00:00Z,1800,
Devin Duvernay,anytime_td,0.5,draftkings,Arizona Cardinals @ New York Giants,2026-10-04T17:00:00Z,2000,
Jalen Brooks,anytime_td,0.5,draftkings,Arizona Cardinals @ New York Giants,2026-10-04T17:00:00Z,2000,
Patrick Ricard,anytime_td,0.5,draftkings,Arizona Cardinals @ New York Giants,2026-10-04T17:00:00Z,2500,
Chris Manhertz,anytime_td,0.5,draftkings,Arizona Cardinals @ New York Giants,2026-10-04T17:00:00Z,2500,
Simi Fehoko,anytime_td,0.5,draftkings,Arizona Cardinals @ New York Giants,2026-10-04T17:00:00Z,2500,
Thomas Fidone,anytime_td,0.5,draftkings,Arizona Cardinals @ New York Giants,2026-10-04T17:00:00Z,2800,
Reggie Virgil,anytime_td,0.5,draftkings,Arizona Cardinals @ New York Giants,2026-10-04T17:00:00Z,4000,
Jacoby Brissett,pass_yds,231.5,draftkings,Arizona Cardinals @ New York Giants,2026-10-04T17:00:00Z,-111,-113
Jameis Winston,pass_yds,208.5,draftkings,Arizona Cardinals @ New York Giants,2026-10-04T17:00:00Z,-112,-112
Trey McBride,rec_yds,62.5,draftkings,Arizona Cardinals @ New York Giants,2026-10-04T17:00:00Z,-109,-115
Michael Wilson,rec_yds,58.5,draftkings,Arizona Cardinals @ New York Giants,2026-10-04T17:00:00Z,-114,-110
Malik Nabers,rec_yds,55.5,draftkings,Arizona Cardinals @ New York Giants,2026-10-04T17:00:00Z,-114,-110
Isaiah Likely,rec_yds,41.5,draftkings,Arizona Cardinals @ New York Giants,2026-10-04T17:00:00Z,-112,-112
Marvin Harrison Jr.,rec_yds,34.5,draftkings,Arizona Cardinals @ New York Giants,2026-10-04T17:00:00Z,-113,-111
Malachi Fields,rec_yds,22.5,draftkings,Arizona Cardinals @ New York Giants,2026-10-04T17:00:00Z,-112,-112
Kendrick Bourne,rec_yds,21.5,draftkings,Arizona Cardinals @ New York Giants,2026-10-04T17:00:00Z,-111,-113
Darnell Mooney,rec_yds,20.5,draftkings,Arizona Cardinals @ New York Giants,2026-10-04T17:00:00Z,-116,-108
Jeremiyah Love,rec_yds,17.5,draftkings,Arizona Cardinals @ New York Giants,2026-10-04T17:00:00Z,-114,-110
Cam Skattebo,rec_yds,17.5,draftkings,Arizona Cardinals @ New York Giants,2026-10-04T17:00:00Z,-107,-117
Theo Johnson,rec_yds,7.5,draftkings,Arizona Cardinals @ New York Giants,2026-10-04T17:00:00Z,-110,-114
Elijah Higgins,rec_yds,3.5,draftkings,Arizona Cardinals @ New York Giants,2026-10-04T17:00:00Z,-114,-110
Trey McBride,receptions,6.5,draftkings,Arizona Cardinals @ New York Giants,2026-10-04T17:00:00Z,-144,113
Michael Wilson,receptions,4.5,draftkings,Arizona Cardinals @ New York Giants,2026-10-04T17:00:00Z,-160,125
Malik Nabers,receptions,4.5,draftkings,Arizona Cardinals @ New York Giants,2026-10-04T17:00:00Z,-142,111
Isaiah Likely,receptions,4.5,draftkings,Arizona Cardinals @ New York Giants,2026-10-04T17:00:00Z,125,-160
Jeremiyah Love,receptions,2.5,draftkings,Arizona Cardinals @ New York Giants,2026-10-04T17:00:00Z,-172,135
Cam Skattebo,receptions,2.5,draftkings,Arizona Cardinals @ New York Giants,2026-10-04T17:00:00Z,-112,-113
Marvin Harrison Jr.,receptions,2.5,draftkings,Arizona Cardinals @ New York Giants,2026-10-04T17:00:00Z,-111,-115
Kendrick Bourne,receptions,2.5,draftkings,Arizona Cardinals @ New York Giants,2026-10-04T17:00:00Z,132,-168
Malachi Fields,receptions,1.5,draftkings,Arizona Cardinals @ New York Giants,2026-10-04T17:00:00Z,-180,140
Darnell Mooney,receptions,1.5,draftkings,Arizona Cardinals @ New York Giants,2026-10-04T17:00:00Z,-142,111
Theo Johnson,receptions,0.5,draftkings,Arizona Cardinals @ New York Giants,2026-10-04T17:00:00Z,-231,178
Elijah Higgins,receptions,0.5,draftkings,Arizona Cardinals @ New York Giants,2026-10-04T17:00:00Z,-149,117
Jeremiyah Love,rush_yds,67.5,draftkings,Arizona Cardinals @ New York Giants,2026-10-04T17:00:00Z,-109,-115
Cam Skattebo,rush_yds,63.5,draftkings,Arizona Cardinals @ New York Giants,2026-10-04T17:00:00Z,-110,-114
Najee Harris,rush_yds,23.5,draftkings,Arizona Cardinals @ New York Giants,2026-10-04T17:00:00Z,-115,-109
Tyler Allgeier,rush_yds,18.5,draftkings,Arizona Cardinals @ New York Giants,2026-10-04T17:00:00Z,-112,-112
Jacoby Brissett,rush_yds,8.5,draftkings,Arizona Cardinals @ New York Giants,2026-10-04T17:00:00Z,-109,-115
Jameis Winston,rush_yds,6.5,draftkings,Arizona Cardinals @ New York Giants,2026-10-04T17:00:00Z,-109,-116
Cam Skattebo,anytime_td,0.5,fanduel,Arizona Cardinals @ New York Giants,2026-10-04T17:00:00Z,-145,
Jeremiyah Love,anytime_td,0.5,fanduel,Arizona Cardinals @ New York Giants,2026-10-04T17:00:00Z,-135,
Trey McBride,anytime_td,0.5,fanduel,Arizona Cardinals @ New York Giants,2026-10-04T17:00:00Z,150,
Malik Nabers,anytime_td,0.5,fanduel,Arizona Cardinals @ New York Giants,2026-10-04T17:00:00Z,195,
Michael Wilson,anytime_td,0.5,fanduel,Arizona Cardinals @ New York Giants,2026-10-04T17:00:00Z,210,
Isaiah Likely,anytime_td,0.5,fanduel,Arizona Cardinals @ New York Giants,2026-10-04T17:00:00Z,280,
Tyler Allgeier,anytime_td,0.5,fanduel,Arizona Cardinals @ New York Giants,2026-10-04T17:00:00Z,280,
Najee Harris,anytime_td,0.5,fanduel,Arizona Cardinals @ New York Giants,2026-10-04T17:00:00Z,330,
Marvin Harrison Jr.,anytime_td,0.5,fanduel,Arizona Cardinals @ New York Giants,2026-10-04T17:00:00Z,350,
Malachi Fields,anytime_td,0.5,fanduel,Arizona Cardinals @ New York Giants,2026-10-04T17:00:00Z,460,
Jacoby Brissett,anytime_td,0.5,fanduel,Arizona Cardinals @ New York Giants,2026-10-04T17:00:00Z,500,
Kendrick Bourne,anytime_td,0.5,fanduel,Arizona Cardinals @ New York Giants,2026-10-04T17:00:00Z,600,
Darnell Mooney,anytime_td,0.5,fanduel,Arizona Cardinals @ New York Giants,2026-10-04T17:00:00Z,650,
Arizona Cardinals Defense,anytime_td,0.5,fanduel,Arizona Cardinals @ New York Giants,2026-10-04T17:00:00Z,750,
New York Giants Defense,anytime_td,0.5,fanduel,Arizona Cardinals @ New York Giants,2026-10-04T17:00:00Z,750,
Jameis Winston,anytime_td,0.5,fanduel,Arizona Cardinals @ New York Giants,2026-10-04T17:00:00Z,800,
Theo Johnson,anytime_td,0.5,fanduel,Arizona Cardinals @ New York Giants,2026-10-04T17:00:00Z,800,
Tyrone Tracy Jr.,anytime_td,0.5,fanduel,Arizona Cardinals @ New York Giants,2026-10-04T17:00:00Z,1000,
Devin Singletary,anytime_td,0.5,fanduel,Arizona Cardinals @ New York Giants,2026-10-04T17:00:00Z,1000,
Elijah Higgins,anytime_td,0.5,fanduel,Arizona Cardinals @ New York Giants,2026-10-04T17:00:00Z,1200,
Braxton Berrios,anytime_td,0.5,fanduel,Arizona Cardinals @ New York Giants,2026-10-04T17:00:00Z,1200,
Hunter Long,anytime_td,0.5,fanduel,Arizona Cardinals @ New York Giants,2026-10-04T17:00:00Z,1300,
Bam Knight,anytime_td,0.5,fanduel,Arizona Cardinals @ New York Giants,2026-10-04T17:00:00Z,1600,
Devin Duvernay,anytime_td,0.5,fanduel,Arizona Cardinals @ New York Giants,2026-10-04T17:00:00Z,1700,
Charlie Jones,anytime_td,0.5,fanduel,Arizona Cardinals @ New York Giants,2026-10-04T17:00:00Z,1800,
Jalen Brooks,anytime_td,0.5,fanduel,Arizona Cardinals @ New York Giants,2026-10-04T17:00:00Z,2000,
Patrick Ricard,anytime_td,0.5,fanduel,Arizona Cardinals @ New York Giants,2026-10-04T17:00:00Z,2500,
Chris Manhertz,anytime_td,0.5,fanduel,Arizona Cardinals @ New York Giants,2026-10-04T17:00:00Z,2700,
Thomas Fidone,anytime_td,0.5,fanduel,Arizona Cardinals @ New York Giants,2026-10-04T17:00:00Z,2700,
Simi Fehoko,anytime_td,0.5,fanduel,Arizona Cardinals @ New York Giants,2026-10-04T17:00:00Z,3000,
Reggie Virgil,anytime_td,0.5,fanduel,Arizona Cardinals @ New York Giants,2026-10-04T17:00:00Z,3000,
Jacoby Brissett,pass_yds,230.5,fanduel,Arizona Cardinals @ New York Giants,2026-10-04T17:00:00Z,-113,-113
Jameis Winston,pass_yds,208.5,fanduel,Arizona Cardinals @ New York Giants,2026-10-04T17:00:00Z,-113,-113
Michael Wilson,rec_yds,56.5,fanduel,Arizona Cardinals @ New York Giants,2026-10-04T17:00:00Z,-113,-113
Elijah Higgins,rec_yds,4.5,fanduel,Arizona Cardinals @ New York Giants,2026-10-04T17:00:00Z,-113,-113
Marvin Harrison Jr.,rec_yds,34.5,fanduel,Arizona Cardinals @ New York Giants,2026-10-04T17:00:00Z,-113,-113
Isaiah Likely,rec_yds,41.5,fanduel,Arizona Cardinals @ New York Giants,2026-10-04T17:00:00Z,-113,-113
Trey McBride,rec_yds,63.5,fanduel,Arizona Cardinals @ New York Giants,2026-10-04T17:00:00Z,-113,-113
Kendrick Bourne,rec_yds,19.5,fanduel,Arizona Cardinals @ New York Giants,2026-10-04T17:00:00Z,-113,-113
Cam Skattebo,rec_yds,19.5,fanduel,Arizona Cardinals @ New York Giants,2026-10-04T17:00:00Z,-113,-113
Theo Johnson,rec_yds,8.5,fanduel,Arizona Cardinals @ New York Giants,2026-10-04T17:00:00Z,-113,-113
Jeremiyah Love,rec_yds,16.5,fanduel,Arizona Cardinals @ New York Giants,2026-10-04T17:00:00Z,-113,-113
Malachi Fields,rec_yds,23.5,fanduel,Arizona Cardinals @ New York Giants,2026-10-04T17:00:00Z,-113,-113
Darnell Mooney,rec_yds,18.5,fanduel,Arizona Cardinals @ New York Giants,2026-10-04T17:00:00Z,-113,-113
Malik Nabers,rec_yds,54.5,fanduel,Arizona Cardinals @ New York Giants,2026-10-04T17:00:00Z,-113,-113
Michael Wilson,receptions,5.5,fanduel,Arizona Cardinals @ New York Giants,2026-10-04T17:00:00Z,120,-160
Cam Skattebo,receptions,2.5,fanduel,Arizona Cardinals @ New York Giants,2026-10-04T17:00:00Z,-122,-108
Darnell Mooney,receptions,1.5,fanduel,Arizona Cardinals @ New York Giants,2026-10-04T17:00:00Z,-132,100
Theo Johnson,receptions,1.5,fanduel,Arizona Cardinals @ New York Giants,2026-10-04T17:00:00Z,182,-250
Malik Nabers,receptions,4.5,fanduel,Arizona Cardinals @ New York Giants,2026-10-04T17:00:00Z,-130,-102
Isaiah Likely,receptions,3.5,fanduel,Arizona Cardinals @ New York Giants,2026-10-04T17:00:00Z,-168,126
Kendrick Bourne,receptions,2.5,fanduel,Arizona Cardinals @ New York Giants,2026-10-04T17:00:00Z,134,-180
Jeremiyah Love,receptions,3.5,fanduel,Arizona Cardinals @ New York Giants,2026-10-04T17:00:00Z,136,-182
Marvin Harrison Jr.,receptions,2.5,fanduel,Arizona Cardinals @ New York Giants,2026-10-04T17:00:00Z,-114,-114
Elijah Higgins,receptions,0.5,fanduel,Arizona Cardinals @ New York Giants,2026-10-04T17:00:00Z,-168,126
Trey McBride,receptions,7.5,fanduel,Arizona Cardinals @ New York Giants,2026-10-04T17:00:00Z,124,-166
Malachi Fields,receptions,1.5,fanduel,Arizona Cardinals @ New York Giants,2026-10-04T17:00:00Z,-172,128
Jacoby Brissett,rush_yds,7.5,fanduel,Arizona Cardinals @ New York Giants,2026-10-04T17:00:00Z,-113,-113
Jameis Winston,rush_yds,5.5,fanduel,Arizona Cardinals @ New York Giants,2026-10-04T17:00:00Z,-113,-113
Cam Skattebo,rush_yds,62.5,fanduel,Arizona Cardinals @ New York Giants,2026-10-04T17:00:00Z,-113,-113
Najee Harris,rush_yds,23.5,fanduel,Arizona Cardinals @ New York Giants,2026-10-04T17:00:00Z,-113,-113
Jeremiyah Love,rush_yds,66.5,fanduel,Arizona Cardinals @ New York Giants,2026-10-04T17:00:00Z,-113,-113
Tyler Allgeier,rush_yds,18.5,fanduel,Arizona Cardinals @ New York Giants,2026-10-04T17:00:00Z,-113,-113
Malik Nabers,anytime_td,0.5,betmgm,Arizona Cardinals @ New York Giants,2026-10-04T17:00:00Z,200,
Patrick Ricard,anytime_td,0.5,betmgm,Arizona Cardinals @ New York Giants,2026-10-04T17:00:00Z,2800,
Najee Harris,anytime_td,0.5,betmgm,Arizona Cardinals @ New York Giants,2026-10-04T17:00:00Z,360,
Theo Johnson,anytime_td,0.5,betmgm,Arizona Cardinals @ New York Giants,2026-10-04T17:00:00Z,650,
Chris Manhertz,anytime_td,0.5,betmgm,Arizona Cardinals @ New York Giants,2026-10-04T17:00:00Z,3000,
Darnell Mooney,anytime_td,0.5,betmgm,Arizona Cardinals @ New York Giants,2026-10-04T17:00:00Z,500,
Braxton Berrios,anytime_td,0.5,betmgm,Arizona Cardinals @ New York Giants,2026-10-04T17:00:00Z,1200,
Malachi Fields,anytime_td,0.5,betmgm,Arizona Cardinals @ New York Giants,2026-10-04T17:00:00Z,360,
Cam Skattebo,anytime_td,0.5,betmgm,Arizona Cardinals @ New York Giants,2026-10-04T17:00:00Z,-125,
Jameis Winston,anytime_td,0.5,betmgm,Arizona Cardinals @ New York Giants,2026-10-04T17:00:00Z,650,
Isaiah Likely,anytime_td,0.5,betmgm,Arizona Cardinals @ New York Giants,2026-10-04T17:00:00Z,250,
New York Giants D/ST,anytime_td,0.5,betmgm,Arizona Cardinals @ New York Giants,2026-10-04T17:00:00Z,525,
Arizona Cardinals D/ST,anytime_td,0.5,betmgm,Arizona Cardinals @ New York Giants,2026-10-04T17:00:00Z,475,
Trey McBride,anytime_td,0.5,betmgm,Arizona Cardinals @ New York Giants,2026-10-04T17:00:00Z,160,
Marvin Harrison Jr.,anytime_td,0.5,betmgm,Arizona Cardinals @ New York Giants,2026-10-04T17:00:00Z,320,
Michael Wilson,anytime_td,0.5,betmgm,Arizona Cardinals @ New York Giants,2026-10-04T17:00:00Z,185,
Kendrick Bourne,anytime_td,0.5,betmgm,Arizona Cardinals @ New York Giants,2026-10-04T17:00:00Z,500,
Tyler Allgeier,anytime_td,0.5,betmgm,Arizona Cardinals @ New York Giants,2026-10-04T17:00:00Z,270,
Jeremiyah Love,anytime_td,0.5,betmgm,Arizona Cardinals @ New York Giants,2026-10-04T17:00:00Z,-118,
Jacoby Brissett,anytime_td,0.5,betmgm,Arizona Cardinals @ New York Giants,2026-10-04T17:00:00Z,575,
Jalen Brooks,anytime_td,0.5,betmgm,Arizona Cardinals @ New York Giants,2026-10-04T17:00:00Z,2500,
Elijah Higgins,anytime_td,0.5,betmgm,Arizona Cardinals @ New York Giants,2026-10-04T17:00:00Z,1150,
Tyrone Tracy Jr.,anytime_td,0.5,betmgm,Arizona Cardinals @ New York Giants,2026-10-04T17:00:00Z,1050,
Devin Duvernay,anytime_td,0.5,betmgm,Arizona Cardinals @ New York Giants,2026-10-04T17:00:00Z,1700,
Jacoby Brissett,pass_yds,232.5,betmgm,Arizona Cardinals @ New York Giants,2026-10-04T17:00:00Z,-115,-115
Jameis Winston,pass_yds,207.5,betmgm,Arizona Cardinals @ New York Giants,2026-10-04T17:00:00Z,-115,-115
Malachi Fields,rec_yds,25.5,betmgm,Arizona Cardinals @ New York Giants,2026-10-04T17:00:00Z,-120,-111
Jeremiyah Love,rec_yds,17.5,betmgm,Arizona Cardinals @ New York Giants,2026-10-04T17:00:00Z,-105,-125
Michael Wilson,rec_yds,58.5,betmgm,Arizona Cardinals @ New York Giants,2026-10-04T17:00:00Z,-115,-115
Marvin Harrison Jr.,rec_yds,32.5,betmgm,Arizona Cardinals @ New York Giants,2026-10-04T17:00:00Z,-115,-115
Cam Skattebo,rec_yds,18.5,betmgm,Arizona Cardinals @ New York Giants,2026-10-04T17:00:00Z,-111,-120
Malik Nabers,rec_yds,57.5,betmgm,Arizona Cardinals @ New York Giants,2026-10-04T17:00:00Z,-115,-115
Kendrick Bourne,rec_yds,20.5,betmgm,Arizona Cardinals @ New York Giants,2026-10-04T17:00:00Z,-120,-111
Theo Johnson,rec_yds,8.5,betmgm,Arizona Cardinals @ New York Giants,2026-10-04T17:00:00Z,-115,-115
Isaiah Likely,rec_yds,41.5,betmgm,Arizona Cardinals @ New York Giants,2026-10-04T17:00:00Z,-105,-125
Darnell Mooney,rec_yds,20.5,betmgm,Arizona Cardinals @ New York Giants,2026-10-04T17:00:00Z,-115,-115
Trey McBride,rec_yds,64.5,betmgm,Arizona Cardinals @ New York Giants,2026-10-04T17:00:00Z,-115,-115
Cam Skattebo,receptions,2.5,betmgm,Arizona Cardinals @ New York Giants,2026-10-04T17:00:00Z,-125,-105
Isaiah Likely,receptions,3.5,betmgm,Arizona Cardinals @ New York Giants,2026-10-04T17:00:00Z,-160,120
Malik Nabers,receptions,4.5,betmgm,Arizona Cardinals @ New York Giants,2026-10-04T17:00:00Z,-160,120
Darnell Mooney,receptions,1.5,betmgm,Arizona Cardinals @ New York Giants,2026-10-04T17:00:00Z,-135,100
Jeremiyah Love,receptions,2.5,betmgm,Arizona Cardinals @ New York Giants,2026-10-04T17:00:00Z,-155,115
Trey McBride,receptions,6.5,betmgm,Arizona Cardinals @ New York Giants,2026-10-04T17:00:00Z,-130,-105
Michael Wilson,receptions,5.5,betmgm,Arizona Cardinals @ New York Giants,2026-10-04T17:00:00Z,120,-160
Marvin Harrison Jr.,receptions,2.5,betmgm,Arizona Cardinals @ New York Giants,2026-10-04T17:00:00Z,-115,-115
Kendrick Bourne,receptions,2.5,betmgm,Arizona Cardinals @ New York Giants,2026-10-04T17:00:00Z,130,-175
Malachi Fields,receptions,1.5,betmgm,Arizona Cardinals @ New York Giants,2026-10-04T17:00:00Z,-200,145
Theo Johnson,receptions,1.5,betmgm,Arizona Cardinals @ New York Giants,2026-10-04T17:00:00Z,165,-225
Jacoby Brissett,rush_yds,7.5,betmgm,Arizona Cardinals @ New York Giants,2026-10-04T17:00:00Z,-115,-115
Jeremiyah Love,rush_yds,65.5,betmgm,Arizona Cardinals @ New York Giants,2026-10-04T17:00:00Z,-115,-115
Jameis Winston,rush_yds,5.5,betmgm,Arizona Cardinals @ New York Giants,2026-10-04T17:00:00Z,-110,-120
Cam Skattebo,rush_yds,62.5,betmgm,Arizona Cardinals @ New York Giants,2026-10-04T17:00:00Z,-111,-118
Najee Harris,rush_yds,25.5,betmgm,Arizona Cardinals @ New York Giants,2026-10-04T17:00:00Z,-110,-120
Tyler Allgeier,rush_yds,17.5,betmgm,Arizona Cardinals @ New York Giants,2026-10-04T17:00:00Z,-120,-111
Derrick Henry,anytime_td,0.5,draftkings,Tennessee Titans @ Baltimore Ravens,2026-10-04T17:00:00Z,-230,
Zay Flowers,anytime_td,0.5,draftkings,Tennessee Titans @ Baltimore Ravens,2026-10-04T17:00:00Z,135,
Mark Andrews,anytime_td,0.5,draftkings,Tennessee Titans @ Baltimore Ravens,2026-10-04T17:00:00Z,180,
Tony Pollard,anytime_td,0.5,draftkings,Tennessee Titans @ Baltimore Ravens,2026-10-04T17:00:00Z,190,
Lamar Jackson,anytime_td,0.5,draftkings,Tennessee Titans @ Baltimore Ravens,2026-10-04T17:00:00Z,235,
Rashod Bateman,anytime_td,0.5,draftkings,Tennessee Titans @ Baltimore Ravens,2026-10-04T17:00:00Z,255,
Carnell Tate,anytime_td,0.5,draftkings,Tennessee Titans @ Baltimore Ravens,2026-10-04T17:00:00Z,350,
Baltimore Ravens D/ST,anytime_td,0.5,draftkings,Tennessee Titans @ Baltimore Ravens,2026-10-04T17:00:00Z,400,
Wan'Dale Robinson,anytime_td,0.5,draftkings,Tennessee Titans @ Baltimore Ravens,2026-10-04T17:00:00Z,450,
Justice Hill,anytime_td,0.5,draftkings,Tennessee Titans @ Baltimore Ravens,2026-10-04T17:00:00Z,500,
Tyjae Spears,anytime_td,0.5,draftkings,Tennessee Titans @ Baltimore Ravens,2026-10-04T17:00:00Z,550,
Gunnar Helm,anytime_td,0.5,draftkings,Tennessee Titans @ Baltimore Ravens,2026-10-04T17:00:00Z,550,
Tennessee Titans D/ST,anytime_td,0.5,draftkings,Tennessee Titans @ Baltimore Ravens,2026-10-04T17:00:00Z,600,
Chris Moore,anytime_td,0.5,draftkings,Tennessee Titans @ Baltimore Ravens,2026-10-04T17:00:00Z,650,
Cam Ward,anytime_td,0.5,draftkings,Tennessee Titans @ Baltimore Ravens,2026-10-04T17:00:00Z,650,
Elic Ayomanor,anytime_td,0.5,draftkings,Tennessee Titans @ Baltimore Ravens,2026-10-04T17:00:00Z,650,
Matthew Hibner,anytime_td,0.5,draftkings,Tennessee Titans @ Baltimore Ravens,2026-10-04T17:00:00Z,800,
Devontez Walker,anytime_td,0.5,draftkings,Tennessee Titans @ Baltimore Ravens,2026-10-04T17:00:00Z,850,
LaJohntay Wester,anytime_td,0.5,draftkings,Tennessee Titans @ Baltimore Ravens,2026-10-04T17:00:00Z,1000,
Durham Smythe,anytime_td,0.5,draftkings,Tennessee Titans @ Baltimore Ravens,2026-10-04T17:00:00Z,1200,
Calvin Ridley,anytime_td,0.5,draftkings,Tennessee Titans @ Baltimore Ravens,2026-10-04T17:00:00Z,1200,
Nicholas Singleton,anytime_td,0.5,draftkings,Tennessee Titans @ Baltimore Ravens,2026-10-04T17:00:00Z,1500,
Elijah Sarratt,anytime_td,0.5,draftkings,Tennessee Titans @ Baltimore Ravens,2026-10-04T17:00:00Z,1500,
Chimere Dike,anytime_td,0.5,draftkings,Tennessee Titans @ Baltimore Ravens,2026-10-04T17:00:00Z,1600,
Daniel Bellinger,anytime_td,0.5,draftkings,Tennessee Titans @ Baltimore Ravens,2026-10-04T17:00:00Z,1700,
Josh Cuevas,anytime_td,0.5,draftkings,Tennessee Titans @ Baltimore Ravens,2026-10-04T17:00:00Z,1900,
Rasheen Ali,anytime_td,0.5,draftkings,Tennessee Titans @ Baltimore Ravens,2026-10-04T17:00:00Z,4000,
Julius Chestnut,anytime_td,0.5,draftkings,Tennessee Titans @ Baltimore Ravens,2026-10-04T17:00:00Z,4000,
David Martin-Robinson,anytime_td,0.5,draftkings,Tennessee Titans @ Baltimore Ravens,2026-10-04T17:00:00Z,4500,
Michael Carter,anytime_td,0.5,draftkings,Tennessee Titans @ Baltimore Ravens,2026-10-04T17:00:00Z,4500,
Kylen Granson,anytime_td,0.5,draftkings,Tennessee Titans @ Baltimore Ravens,2026-10-04T17:00:00Z,5000,
Lamar Jackson,pass_yds,216.5,draftkings,Tennessee Titans @ Baltimore Ravens,2026-10-04T17:00:00Z,-111,-113
Cam Ward,pass_yds,186.5,draftkings,Tennessee Titans @ Baltimore Ravens,2026-10-04T17:00:00Z,-111,-113
Zay Flowers,rec_yds,71.5,draftkings,Tennessee Titans @ Baltimore Ravens,2026-10-04T17:00:00Z,-111,-113
Carnell Tate,rec_yds,45.5,draftkings,Tennessee Titans @ Baltimore Ravens,2026-10-04T17:00:00Z,-109,-115
Mark Andrews,rec_yds,38.5,draftkings,Tennessee Titans @ Baltimore Ravens,2026-10-04T17:00:00Z,-110,-114
Wan'Dale Robinson,rec_yds,37.5,draftkings,Tennessee Titans @ Baltimore Ravens,2026-10-04T17:00:00Z,-111,-113
Rashod Bateman,rec_yds,25.5,draftkings,Tennessee Titans @ Baltimore Ravens,2026-10-04T17:00:00Z,-114,-110
Elic Ayomanor,rec_yds,19.5,draftkings,Tennessee Titans @ Baltimore Ravens,2026-10-04T17:00:00Z,-115,-109
Gunnar Helm,rec_yds,19.5,draftkings,Tennessee Titans @ Baltimore Ravens,2026-10-04T17:00:00Z,-114,-110
Tyjae Spears,rec_yds,12.5,draftkings,Tennessee Titans @ Baltimore Ravens,2026-10-04T17:00:00Z,-114,-110
Justice Hill,rec_yds,11.5,draftkings,Tennessee Titans @ Baltimore Ravens,2026-10-04T17:00:00Z,-114,-110
Tony Pollard,rec_yds,9.5,draftkings,Tennessee Titans @ Baltimore Ravens,2026-10-04T17:00:00Z,-109,-115
Chris Moore,rec_yds,7.5,draftkings,Tennessee Titans @ Baltimore Ravens,2026-10-04T17:00:00Z,-113,-111
Calvin Ridley,rec_yds,7.5,draftkings,Tennessee Titans @ Baltimore Ravens,2026-10-04T17:00:00Z,-111,-113
Derrick Henry,rec_yds,7.5,draftkings,Tennessee Titans @ Baltimore Ravens,2026-10-04T17:00:00Z,-111,-113
Zay Flowers,receptions,5.5,draftkings,Tennessee Titans @ Baltimore Ravens,2026-10-04T17:00:00Z,103,-132
Carnell Tate,receptions,4.5,draftkings,Tennessee Titans @ Baltimore Ravens,2026-10-04T17:00:00Z,102,-130
Wan'Dale Robinson,receptions,3.5,draftkings,Tennessee Titans @ Baltimore Ravens,2026-10-04T17:00:00Z,-162,127
Mark Andrews,receptions,3.5,draftkings,Tennessee Titans @ Baltimore Ravens,2026-10-04T17:00:00Z,-155,121
Gunnar Helm,receptions,2.5,draftkings,Tennessee Titans @ Baltimore Ravens,2026-10-04T17:00:00Z,-139,109
Rashod Bateman,receptions,2.5,draftkings,Tennessee Titans @ Baltimore Ravens,2026-10-04T17:00:00Z,119,-152
Tyjae Spears,receptions,2.5,draftkings,Tennessee Titans @ Baltimore Ravens,2026-10-04T17:00:00Z,130,-167
Tony Pollard,receptions,1.5,draftkings,Tennessee Titans @ Baltimore Ravens,2026-10-04T17:00:00Z,-161,126
Elic Ayomanor,receptions,1.5,draftkings,Tennessee Titans @ Baltimore Ravens,2026-10-04T17:00:00Z,-155,121
Justice Hill,receptions,1.5,draftkings,Tennessee Titans @ Baltimore Ravens,2026-10-04T17:00:00Z,-136,107
Derrick Henry,receptions,1.5,draftkings,Tennessee Titans @ Baltimore Ravens,2026-10-04T17:00:00Z,147,-189
Calvin Ridley,receptions,0.5,draftkings,Tennessee Titans @ Baltimore Ravens,2026-10-04T17:00:00Z,-239,184
Chris Moore,receptions,0.5,draftkings,Tennessee Titans @ Baltimore Ravens,2026-10-04T17:00:00Z,-131,102
Derrick Henry,rush_yds,98.5,draftkings,Tennessee Titans @ Baltimore Ravens,2026-10-04T17:00:00Z,-112,-112
Tony Pollard,rush_yds,47.5,draftkings,Tennessee Titans @ Baltimore Ravens,2026-10-04T17:00:00Z,-114,-110
Lamar Jackson,rush_yds,31.5,draftkings,Tennessee Titans @ Baltimore Ravens,2026-10-04T17:00:00Z,-110,-114
Justice Hill,rush_yds,17.5,draftkings,Tennessee Titans @ Baltimore Ravens,2026-10-04T17:00:00Z,-112,-112
Tyjae Spears,rush_yds,14.5,draftkings,Tennessee Titans @ Baltimore Ravens,2026-10-04T17:00:00Z,-105,-119
Cam Ward,rush_yds,9.5,draftkings,Tennessee Titans @ Baltimore Ravens,2026-10-04T17:00:00Z,-114,-110
Derrick Henry,anytime_td,0.5,fanduel,Tennessee Titans @ Baltimore Ravens,2026-10-04T17:00:00Z,-230,
Zay Flowers,anytime_td,0.5,fanduel,Tennessee Titans @ Baltimore Ravens,2026-10-04T17:00:00Z,135,
Mark Andrews,anytime_td,0.5,fanduel,Tennessee Titans @ Baltimore Ravens,2026-10-04T17:00:00Z,160,
Tony Pollard,anytime_td,0.5,fanduel,Tennessee Titans @ Baltimore Ravens,2026-10-04T17:00:00Z,200,
Lamar Jackson,anytime_td,0.5,fanduel,Tennessee Titans @ Baltimore Ravens,2026-10-04T17:00:00Z,230,
Rashod Bateman,anytime_td,0.5,fanduel,Tennessee Titans @ Baltimore Ravens,2026-10-04T17:00:00Z,260,
Carnell Tate,anytime_td,0.5,fanduel,Tennessee Titans @ Baltimore Ravens,2026-10-04T17:00:00Z,340,
Wan'Dale Robinson,anytime_td,0.5,fanduel,Tennessee Titans @ Baltimore Ravens,2026-10-04T17:00:00Z,450,
Justice Hill,anytime_td,0.5,fanduel,Tennessee Titans @ Baltimore Ravens,2026-10-04T17:00:00Z,500,
Gunnar Helm,anytime_td,0.5,fanduel,Tennessee Titans @ Baltimore Ravens,2026-10-04T17:00:00Z,500,
Cam Ward,anytime_td,0.5,fanduel,Tennessee Titans @ Baltimore Ravens,2026-10-04T17:00:00Z,600,
Tyjae Spears,anytime_td,0.5,fanduel,Tennessee Titans @ Baltimore Ravens,2026-10-04T17:00:00Z,650,
Tennessee Titans Defense,anytime_td,0.5,fanduel,Tennessee Titans @ Baltimore Ravens,2026-10-04T17:00:00Z,650,
Devontez Walker,anytime_td,0.5,fanduel,Tennessee Titans @ Baltimore Ravens,2026-10-04T17:00:00Z,700,
Chris Moore,anytime_td,0.5,fanduel,Tennessee Titans @ Baltimore Ravens,2026-10-04T17:00:00Z,700,
Elic Ayomanor,anytime_td,0.5,fanduel,Tennessee Titans @ Baltimore Ravens,2026-10-04T17:00:00Z,700,
Baltimore Ravens Defense,anytime_td,0.5,fanduel,Tennessee Titans @ Baltimore Ravens,2026-10-04T17:00:00Z,700,
Matthew Hibner,anytime_td,0.5,fanduel,Tennessee Titans @ Baltimore Ravens,2026-10-04T17:00:00Z,850,
LaJohntay Wester,anytime_td,0.5,fanduel,Tennessee Titans @ Baltimore Ravens,2026-10-04T17:00:00Z,1000,
Durham Smythe,anytime_td,0.5,fanduel,Tennessee Titans @ Baltimore Ravens,2026-10-04T17:00:00Z,1200,
Calvin Ridley,anytime_td,0.5,fanduel,Tennessee Titans @ Baltimore Ravens,2026-10-04T17:00:00Z,1200,
Elijah Sarratt,anytime_td,0.5,fanduel,Tennessee Titans @ Baltimore Ravens,2026-10-04T17:00:00Z,1200,
Chimere Dike,anytime_td,0.5,fanduel,Tennessee Titans @ Baltimore Ravens,2026-10-04T17:00:00Z,1500,
Daniel Bellinger,anytime_td,0.5,fanduel,Tennessee Titans @ Baltimore Ravens,2026-10-04T17:00:00Z,1600,
Nicholas Singleton,anytime_td,0.5,fanduel,Tennessee Titans @ Baltimore Ravens,2026-10-04T17:00:00Z,1600,
Josh Cuevas,anytime_td,0.5,fanduel,Tennessee Titans @ Baltimore Ravens,2026-10-04T17:00:00Z,1800,
Rasheen Ali,anytime_td,0.5,fanduel,Tennessee Titans @ Baltimore Ravens,2026-10-04T17:00:00Z,3000,
David Martin-Robinson,anytime_td,0.5,fanduel,Tennessee Titans @ Baltimore Ravens,2026-10-04T17:00:00Z,4000,
Kylen Granson,anytime_td,0.5,fanduel,Tennessee Titans @ Baltimore Ravens,2026-10-04T17:00:00Z,4000,
Julius Chestnut,anytime_td,0.5,fanduel,Tennessee Titans @ Baltimore Ravens,2026-10-04T17:00:00Z,4500,
Michael Carter,anytime_td,0.5,fanduel,Tennessee Titans @ Baltimore Ravens,2026-10-04T17:00:00Z,4500,
Lamar Jackson,pass_yds,213.5,fanduel,Tennessee Titans @ Baltimore Ravens,2026-10-04T17:00:00Z,-113,-113
Cam Ward,pass_yds,187.5,fanduel,Tennessee Titans @ Baltimore Ravens,2026-10-04T17:00:00Z,-113,-113
Derrick Henry,rec_yds,7.5,fanduel,Tennessee Titans @ Baltimore Ravens,2026-10-04T17:00:00Z,-113,-113
Tony Pollard,rec_yds,9.5,fanduel,Tennessee Titans @ Baltimore Ravens,2026-10-04T17:00:00Z,-113,-113
Rashod Bateman,rec_yds,26.5,fanduel,Tennessee Titans @ Baltimore Ravens,2026-10-04T17:00:00Z,-113,-113
Zay Flowers,rec_yds,71.5,fanduel,Tennessee Titans @ Baltimore Ravens,2026-10-04T17:00:00Z,-113,-113
Carnell Tate,rec_yds,43.5,fanduel,Tennessee Titans @ Baltimore Ravens,2026-10-04T17:00:00Z,-113,-113
Gunnar Helm,rec_yds,18.5,fanduel,Tennessee Titans @ Baltimore Ravens,2026-10-04T17:00:00Z,-113,-113
Chris Moore,rec_yds,8.5,fanduel,Tennessee Titans @ Baltimore Ravens,2026-10-04T17:00:00Z,-113,-113
Justice Hill,rec_yds,11.5,fanduel,Tennessee Titans @ Baltimore Ravens,2026-10-04T17:00:00Z,-113,-113
Tyjae Spears,rec_yds,12.5,fanduel,Tennessee Titans @ Baltimore Ravens,2026-10-04T17:00:00Z,-113,-113
Wan'Dale Robinson,rec_yds,37.5,fanduel,Tennessee Titans @ Baltimore Ravens,2026-10-04T17:00:00Z,-113,-113
Mark Andrews,rec_yds,37.5,fanduel,Tennessee Titans @ Baltimore Ravens,2026-10-04T17:00:00Z,-113,-113
Elic Ayomanor,rec_yds,19.5,fanduel,Tennessee Titans @ Baltimore Ravens,2026-10-04T17:00:00Z,-113,-113
Calvin Ridley,rec_yds,5.5,fanduel,Tennessee Titans @ Baltimore Ravens,2026-10-04T17:00:00Z,-113,-113
Elic Ayomanor,receptions,1.5,fanduel,Tennessee Titans @ Baltimore Ravens,2026-10-04T17:00:00Z,-154,116
Mark Andrews,receptions,3.5,fanduel,Tennessee Titans @ Baltimore Ravens,2026-10-04T17:00:00Z,-166,124
Zay Flowers,receptions,5.5,fanduel,Tennessee Titans @ Baltimore Ravens,2026-10-04T17:00:00Z,112,-148
Gunnar Helm,receptions,2.5,fanduel,Tennessee Titans @ Baltimore Ravens,2026-10-04T17:00:00Z,-148,112
Derrick Henry,receptions,1.5,fanduel,Tennessee Titans @ Baltimore Ravens,2026-10-04T17:00:00Z,154,-210
Tony Pollard,receptions,1.5,fanduel,Tennessee Titans @ Baltimore Ravens,2026-10-04T17:00:00Z,-158,118
Justice Hill,receptions,1.5,fanduel,Tennessee Titans @ Baltimore Ravens,2026-10-04T17:00:00Z,-122,-108
Wan'Dale Robinson,receptions,3.5,fanduel,Tennessee Titans @ Baltimore Ravens,2026-10-04T17:00:00Z,-172,128
Chris Moore,receptions,0.5,fanduel,Tennessee Titans @ Baltimore Ravens,2026-10-04T17:00:00Z,-148,112
Tyjae Spears,receptions,2.5,fanduel,Tennessee Titans @ Baltimore Ravens,2026-10-04T17:00:00Z,120,-160
Rashod Bateman,receptions,2.5,fanduel,Tennessee Titans @ Baltimore Ravens,2026-10-04T17:00:00Z,134,-180
Carnell Tate,receptions,4.5,fanduel,Tennessee Titans @ Baltimore Ravens,2026-10-04T17:00:00Z,102,-136
Calvin Ridley,receptions,1.5,fanduel,Tennessee Titans @ Baltimore Ravens,2026-10-04T17:00:00Z,182,-250
Lamar Jackson,rush_yds,31.5,fanduel,Tennessee Titans @ Baltimore Ravens,2026-10-04T17:00:00Z,-113,-113
Tony Pollard,rush_yds,48.5,fanduel,Tennessee Titans @ Baltimore Ravens,2026-10-04T17:00:00Z,-113,-113
Tyjae Spears,rush_yds,14.5,fanduel,Tennessee Titans @ Baltimore Ravens,2026-10-04T17:00:00Z,-113,-113
Derrick Henry,rush_yds,97.5,fanduel,Tennessee Titans @ Baltimore Ravens,2026-10-04T17:00:00Z,-113,-113
Justice Hill,rush_yds,16.5,fanduel,Tennessee Titans @ Baltimore Ravens,2026-10-04T17:00:00Z,-113,-113
Cam Ward,rush_yds,10.5,fanduel,Tennessee Titans @ Baltimore Ravens,2026-10-04T17:00:00Z,-113,-113
Tennessee Titans D/ST,anytime_td,0.5,betmgm,Tennessee Titans @ Baltimore Ravens,2026-10-04T17:00:00Z,650,
David Martin-Robinson,anytime_td,0.5,betmgm,Tennessee Titans @ Baltimore Ravens,2026-10-04T17:00:00Z,3500,
Josh Cuevas,anytime_td,0.5,betmgm,Tennessee Titans @ Baltimore Ravens,2026-10-04T17:00:00Z,1700,
Baltimore Ravens D/ST,anytime_td,0.5,betmgm,Tennessee Titans @ Baltimore Ravens,2026-10-04T17:00:00Z,475,
Nicholas Singleton,anytime_td,0.5,betmgm,Tennessee Titans @ Baltimore Ravens,2026-10-04T17:00:00Z,1350,
Zay Flowers,anytime_td,0.5,betmgm,Tennessee Titans @ Baltimore Ravens,2026-10-04T17:00:00Z,130,
Rasheen Ali,anytime_td,0.5,betmgm,Tennessee Titans @ Baltimore Ravens,2026-10-04T17:00:00Z,2000,
Rashod Bateman,anytime_td,0.5,betmgm,Tennessee Titans @ Baltimore Ravens,2026-10-04T17:00:00Z,290,
Mark Andrews,anytime_td,0.5,betmgm,Tennessee Titans @ Baltimore Ravens,2026-10-04T17:00:00Z,180,
Calvin Ridley,anytime_td,0.5,betmgm,Tennessee Titans @ Baltimore Ravens,2026-10-04T17:00:00Z,950,
Devontez Walker,anytime_td,0.5,betmgm,Tennessee Titans @ Baltimore Ravens,2026-10-04T17:00:00Z,775,
Justice Hill,anytime_td,0.5,betmgm,Tennessee Titans @ Baltimore Ravens,2026-10-04T17:00:00Z,320,
Durham Smythe,anytime_td,0.5,betmgm,Tennessee Titans @ Baltimore Ravens,2026-10-04T17:00:00Z,1200,
Tyjae Spears,anytime_td,0.5,betmgm,Tennessee Titans @ Baltimore Ravens,2026-10-04T17:00:00Z,450,
Chris Moore,anytime_td,0.5,betmgm,Tennessee Titans @ Baltimore Ravens,2026-10-04T17:00:00Z,775,
Elic Ayomanor,anytime_td,0.5,betmgm,Tennessee Titans @ Baltimore Ravens,2026-10-04T17:00:00Z,525,
Wan'Dale Robinson,anytime_td,0.5,betmgm,Tennessee Titans @ Baltimore Ravens,2026-10-04T17:00:00Z,390,
Matthew Hibner,anytime_td,0.5,betmgm,Tennessee Titans @ Baltimore Ravens,2026-10-04T17:00:00Z,1050,
Gunnar Helm,anytime_td,0.5,betmgm,Tennessee Titans @ Baltimore Ravens,2026-10-04T17:00:00Z,650,
Carnell Tate,anytime_td,0.5,betmgm,Tennessee Titans @ Baltimore Ravens,2026-10-04T17:00:00Z,320,
Daniel Bellinger,anytime_td,0.5,betmgm,Tennessee Titans @ Baltimore Ravens,2026-10-04T17:00:00Z,1200,
Derrick Henry,anytime_td,0.5,betmgm,Tennessee Titans @ Baltimore Ravens,2026-10-04T17:00:00Z,-220,
Tony Pollard,anytime_td,0.5,betmgm,Tennessee Titans @ Baltimore Ravens,2026-10-04T17:00:00Z,175,
Cam Ward,anytime_td,0.5,betmgm,Tennessee Titans @ Baltimore Ravens,2026-10-04T17:00:00Z,650,
Lamar Jackson,anytime_td,0.5,betmgm,Tennessee Titans @ Baltimore Ravens,2026-10-04T17:00:00Z,250,
Chimere Dike,anytime_td,0.5,betmgm,Tennessee Titans @ Baltimore Ravens,2026-10-04T17:00:00Z,1550,
Cam Ward,pass_yds,186.5,betmgm,Tennessee Titans @ Baltimore Ravens,2026-10-04T17:00:00Z,-115,-115
Lamar Jackson,pass_yds,218.5,betmgm,Tennessee Titans @ Baltimore Ravens,2026-10-04T17:00:00Z,-115,-115
Elic Ayomanor,rec_yds,20.5,betmgm,Tennessee Titans @ Baltimore Ravens,2026-10-04T17:00:00Z,-115,-115
Gunnar Helm,rec_yds,20.5,betmgm,Tennessee Titans @ Baltimore Ravens,2026-10-04T17:00:00Z,-115,-115
Carnell Tate,rec_yds,44.5,betmgm,Tennessee Titans @ Baltimore Ravens,2026-10-04T17:00:00Z,-111,-118
Wan'Dale Robinson,rec_yds,37.5,betmgm,Tennessee Titans @ Baltimore Ravens,2026-10-04T17:00:00Z,-115,-115
Derrick Henry,rec_yds,7.5,betmgm,Tennessee Titans @ Baltimore Ravens,2026-10-04T17:00:00Z,-120,-110
Tyjae Spears,rec_yds,12.5,betmgm,Tennessee Titans @ Baltimore Ravens,2026-10-04T17:00:00Z,-115,-115
Tony Pollard,rec_yds,7.5,betmgm,Tennessee Titans @ Baltimore Ravens,2026-10-04T17:00:00Z,-120,-111
Mark Andrews,rec_yds,36.5,betmgm,Tennessee Titans @ Baltimore Ravens,2026-10-04T17:00:00Z,-115,-115
Zay Flowers,rec_yds,71.5,betmgm,Tennessee Titans @ Baltimore Ravens,2026-10-04T17:00:00Z,-115,-115
Rashod Bateman,rec_yds,28.5,betmgm,Tennessee Titans @ Baltimore Ravens,2026-10-04T17:00:00Z,-115,-115
Justice Hill,rec_yds,11.5,betmgm,Tennessee Titans @ Baltimore Ravens,2026-10-04T17:00:00Z,-120,-110
Chris Moore,rec_yds,6.5,betmgm,Tennessee Titans @ Baltimore Ravens,2026-10-04T17:00:00Z,-111,-118
Rashod Bateman,receptions,2.5,betmgm,Tennessee Titans @ Baltimore Ravens,2026-10-04T17:00:00Z,115,-155
Wan'Dale Robinson,receptions,3.5,betmgm,Tennessee Titans @ Baltimore Ravens,2026-10-04T17:00:00Z,-160,120
Elic Ayomanor,receptions,1.5,betmgm,Tennessee Titans @ Baltimore Ravens,2026-10-04T17:00:00Z,-140,105
Gunnar Helm,receptions,2.5,betmgm,Tennessee Titans @ Baltimore Ravens,2026-10-04T17:00:00Z,-135,100
Mark Andrews,receptions,3.5,betmgm,Tennessee Titans @ Baltimore Ravens,2026-10-04T17:00:00Z,-155,115
Zay Flowers,receptions,5.5,betmgm,Tennessee Titans @ Baltimore Ravens,2026-10-04T17:00:00Z,100,-135
Tony Pollard,receptions,1.5,betmgm,Tennessee Titans @ Baltimore Ravens,2026-10-04T17:00:00Z,-155,115
Tyjae Spears,receptions,2.5,betmgm,Tennessee Titans @ Baltimore Ravens,2026-10-04T17:00:00Z,110,-150
Carnell Tate,receptions,4.5,betmgm,Tennessee Titans @ Baltimore Ravens,2026-10-04T17:00:00Z,110,-150
Derrick Henry,receptions,1.5,betmgm,Tennessee Titans @ Baltimore Ravens,2026-10-04T17:00:00Z,130,-175
Justice Hill,receptions,1.5,betmgm,Tennessee Titans @ Baltimore Ravens,2026-10-04T17:00:00Z,-135,100
Chris Moore,receptions,0.5,betmgm,Tennessee Titans @ Baltimore Ravens,2026-10-04T17:00:00Z,-150,110
Cam Ward,rush_yds,11.5,betmgm,Tennessee Titans @ Baltimore Ravens,2026-10-04T17:00:00Z,-115,-115
Derrick Henry,rush_yds,97.5,betmgm,Tennessee Titans @ Baltimore Ravens,2026-10-04T17:00:00Z,-115,-115
Tyjae Spears,rush_yds,15.5,betmgm,Tennessee Titans @ Baltimore Ravens,2026-10-04T17:00:00Z,-115,-115
Tony Pollard,rush_yds,46.5,betmgm,Tennessee Titans @ Baltimore Ravens,2026-10-04T17:00:00Z,-125,-105
Lamar Jackson,rush_yds,31.5,betmgm,Tennessee Titans @ Baltimore Ravens,2026-10-04T17:00:00Z,-115,-115
Justice Hill,rush_yds,16.5,betmgm,Tennessee Titans @ Baltimore Ravens,2026-10-04T17:00:00Z,-115,-115
James Cook,anytime_td,0.5,draftkings,New England Patriots @ Buffalo Bills,2026-10-04T17:00:00Z,-140,
Josh Allen,anytime_td,0.5,draftkings,New England Patriots @ Buffalo Bills,2026-10-04T17:00:00Z,-140,
Rhamondre Stevenson,anytime_td,0.5,draftkings,New England Patriots @ Buffalo Bills,2026-10-04T17:00:00Z,140,
DJ Moore,anytime_td,0.5,draftkings,New England Patriots @ Buffalo Bills,2026-10-04T17:00:00Z,155,
Dalton Kincaid,anytime_td,0.5,draftkings,New England Patriots @ Buffalo Bills,2026-10-04T17:00:00Z,165,
TreVeyon Henderson,anytime_td,0.5,draftkings,New England Patriots @ Buffalo Bills,2026-10-04T17:00:00Z,215,
Hunter Henry,anytime_td,0.5,draftkings,New England Patriots @ Buffalo Bills,2026-10-04T17:00:00Z,235,
Khalil Shakir,anytime_td,0.5,draftkings,New England Patriots @ Buffalo Bills,2026-10-04T17:00:00Z,240,
Romeo Doubs,anytime_td,0.5,draftkings,New England Patriots @ Buffalo Bills,2026-10-04T17:00:00Z,255,
Mack Hollins,anytime_td,0.5,draftkings,New England Patriots @ Buffalo Bills,2026-10-04T17:00:00Z,270,
DeMario Douglas,anytime_td,0.5,draftkings,New England Patriots @ Buffalo Bills,2026-10-04T17:00:00Z,340,
Keon Coleman,anytime_td,0.5,draftkings,New England Patriots @ Buffalo Bills,2026-10-04T17:00:00Z,370,
Drake Maye,anytime_td,0.5,draftkings,New England Patriots @ Buffalo Bills,2026-10-04T17:00:00Z,400,
Ty Johnson,anytime_td,0.5,draftkings,New England Patriots @ Buffalo Bills,2026-10-04T17:00:00Z,500,
Joshua Palmer,anytime_td,0.5,draftkings,New England Patriots @ Buffalo Bills,2026-10-04T17:00:00Z,500,
Buffalo Bills D/ST,anytime_td,0.5,draftkings,New England Patriots @ Buffalo Bills,2026-10-04T17:00:00Z,550,
Dawson Knox,anytime_td,0.5,draftkings,New England Patriots @ Buffalo Bills,2026-10-04T17:00:00Z,600,
New England Patriots D/ST,anytime_td,0.5,draftkings,New England Patriots @ Buffalo Bills,2026-10-04T17:00:00Z,700,
Kyle Williams,anytime_td,0.5,draftkings,New England Patriots @ Buffalo Bills,2026-10-04T17:00:00Z,700,
Eli Raridon,anytime_td,0.5,draftkings,New England Patriots @ Buffalo Bills,2026-10-04T17:00:00Z,850,
Jackson Hawes,anytime_td,0.5,draftkings,New England Patriots @ Buffalo Bills,2026-10-04T17:00:00Z,1000,
Skyler Bell,anytime_td,0.5,draftkings,New England Patriots @ Buffalo Bills,2026-10-04T17:00:00Z,1100,
Ray Davis,anytime_td,0.5,draftkings,New England Patriots @ Buffalo Bills,2026-10-04T17:00:00Z,1600,
Tanner Arkin,anytime_td,0.5,draftkings,New England Patriots @ Buffalo Bills,2026-10-04T17:00:00Z,1600,
Corey Kiner,anytime_td,0.5,draftkings,New England Patriots @ Buffalo Bills,2026-10-04T17:00:00Z,1800,
Greg Dortch,anytime_td,0.5,draftkings,New England Patriots @ Buffalo Bills,2026-10-04T17:00:00Z,2000,
Efton Chism III,anytime_td,0.5,draftkings,New England Patriots @ Buffalo Bills,2026-10-04T17:00:00Z,2000,
Reggie Gilliam,anytime_td,0.5,draftkings,New England Patriots @ Buffalo Bills,2026-10-04T17:00:00Z,2200,
Cameron Latu,anytime_td,0.5,draftkings,New England Patriots @ Buffalo Bills,2026-10-04T17:00:00Z,2800,
Keleki Latu,anytime_td,0.5,draftkings,New England Patriots @ Buffalo Bills,2026-10-04T17:00:00Z,3000,
Josh Allen,pass_yds,246.5,draftkings,New England Patriots @ Buffalo Bills,2026-10-04T17:00:00Z,-111,-113
Drake Maye,pass_yds,235.5,draftkings,New England Patriots @ Buffalo Bills,2026-10-04T17:00:00Z,-113,-111
DJ Moore,rec_yds,49.5,draftkings,New England Patriots @ Buffalo Bills,2026-10-04T17:00:00Z,-114,-110
Dalton Kincaid,rec_yds,47.5,draftkings,New England Patriots @ Buffalo Bills,2026-10-04T17:00:00Z,-114,-110
Mack Hollins,rec_yds,43.5,draftkings,New England Patriots @ Buffalo Bills,2026-10-04T17:00:00Z,-114,-110
Romeo Doubs,rec_yds,39.5,draftkings,New England Patriots @ Buffalo Bills,2026-10-04T17:00:00Z,-111,-113
Khalil Shakir,rec_yds,39.5,draftkings,New England Patriots @ Buffalo Bills,2026-10-04T17:00:00Z,-110,-114
Hunter Henry,rec_yds,30.5,draftkings,New England Patriots @ Buffalo Bills,2026-10-04T17:00:00Z,-108,-116
DeMario Douglas,rec_yds,28.5,draftkings,New England Patriots @ Buffalo Bills,2026-10-04T17:00:00Z,-110,-114
Rhamondre Stevenson,rec_yds,18.5,draftkings,New England Patriots @ Buffalo Bills,2026-10-04T17:00:00Z,-113,-111
Keon Coleman,rec_yds,13.5,draftkings,New England Patriots @ Buffalo Bills,2026-10-04T17:00:00Z,-110,-114
Ty Johnson,rec_yds,12.5,draftkings,New England Patriots @ Buffalo Bills,2026-10-04T17:00:00Z,-115,-109
Kyle Williams,rec_yds,11.5,draftkings,New England Patriots @ Buffalo Bills,2026-10-04T17:00:00Z,-109,-115
Dawson Knox,rec_yds,9.5,draftkings,New England Patriots @ Buffalo Bills,2026-10-04T17:00:00Z,-109,-115
TreVeyon Henderson,rec_yds,7.5,draftkings,New England Patriots @ Buffalo Bills,2026-10-04T17:00:00Z,-110,-114
James Cook,rec_yds,7.5,draftkings,New England Patriots @ Buffalo Bills,2026-10-04T17:00:00Z,-107,-117
Dalton Kincaid,receptions,4.5,draftkings,New England Patriots @ Buffalo Bills,2026-10-04T17:00:00Z,114,-146
DJ Moore,receptions,3.5,draftkings,New England Patriots @ Buffalo Bills,2026-10-04T17:00:00Z,-161,126
Khalil Shakir,receptions,3.5,draftkings,New England Patriots @ Buffalo Bills,2026-10-04T17:00:00Z,-144,113
Mack Hollins,receptions,3.5,draftkings,New England Patriots @ Buffalo Bills,2026-10-04T17:00:00Z,-118,-108
Hunter Henry,receptions,3.5,draftkings,New England Patriots @ Buffalo Bills,2026-10-04T17:00:00Z,109,-139
Romeo Doubs,receptions,3.5,draftkings,New England Patriots @ Buffalo Bills,2026-10-04T17:00:00Z,114,-145
DeMario Douglas,receptions,2.5,draftkings,New England Patriots @ Buffalo Bills,2026-10-04T17:00:00Z,-136,107
Rhamondre Stevenson,receptions,2.5,draftkings,New England Patriots @ Buffalo Bills,2026-10-04T17:00:00Z,-114,-112
Ty Johnson,receptions,1.5,draftkings,New England Patriots @ Buffalo Bills,2026-10-04T17:00:00Z,-129,101
James Cook,receptions,1.5,draftkings,New England Patriots @ Buffalo Bills,2026-10-04T17:00:00Z,-105,-121
Keon Coleman,receptions,1.5,draftkings,New England Patriots @ Buffalo Bills,2026-10-04T17:00:00Z,106,-136
Dawson Knox,receptions,1.5,draftkings,New England Patriots @ Buffalo Bills,2026-10-04T17:00:00Z,140,-179
TreVeyon Henderson,receptions,1.5,draftkings,New England Patriots @ Buffalo Bills,2026-10-04T17:00:00Z,143,-183
Kyle Williams,receptions,0.5,draftkings,New England Patriots @ Buffalo Bills,2026-10-04T17:00:00Z,-222,172
James Cook,rush_yds,88.5,draftkings,New England Patriots @ Buffalo Bills,2026-10-04T17:00:00Z,-111,-113
TreVeyon Henderson,rush_yds,40.5,draftkings,New England Patriots @ Buffalo Bills,2026-10-04T17:00:00Z,-116,-109
Rhamondre Stevenson,rush_yds,32.5,draftkings,New England Patriots @ Buffalo Bills,2026-10-04T17:00:00Z,-113,-111
Josh Allen,rush_yds,31.5,draftkings,New England Patriots @ Buffalo Bills,2026-10-04T17:00:00Z,-109,-115
Drake Maye,rush_yds,28.5,draftkings,New England Patriots @ Buffalo Bills,2026-10-04T17:00:00Z,-108,-116
Ty Johnson,rush_yds,4.5,draftkings,New England Patriots @ Buffalo Bills,2026-10-04T17:00:00Z,-114,-110
James Cook,anytime_td,0.5,fanduel,New England Patriots @ Buffalo Bills,2026-10-04T17:00:00Z,-140,
Josh Allen,anytime_td,0.5,fanduel,New England Patriots @ Buffalo Bills,2026-10-04T17:00:00Z,-130,
Rhamondre Stevenson,anytime_td,0.5,fanduel,New England Patriots @ Buffalo Bills,2026-10-04T17:00:00Z,145,
DJ Moore,anytime_td,0.5,fanduel,New England Patriots @ Buffalo Bills,2026-10-04T17:00:00Z,150,
Dalton Kincaid,anytime_td,0.5,fanduel,New England Patriots @ Buffalo Bills,2026-10-04T17:00:00Z,155,
TreVeyon Henderson,anytime_td,0.5,fanduel,New England Patriots @ Buffalo Bills,2026-10-04T17:00:00Z,210,
Khalil Shakir,anytime_td,0.5,fanduel,New England Patriots @ Buffalo Bills,2026-10-04T17:00:00Z,230,
Hunter Henry,anytime_td,0.5,fanduel,New England Patriots @ Buffalo Bills,2026-10-04T17:00:00Z,250,
Mack Hollins,anytime_td,0.5,fanduel,New England Patriots @ Buffalo Bills,2026-10-04T17:00:00Z,280,
Romeo Doubs,anytime_td,0.5,fanduel,New England Patriots @ Buffalo Bills,2026-10-04T17:00:00Z,280,
Keon Coleman,anytime_td,0.5,fanduel,New England Patriots @ Buffalo Bills,2026-10-04T17:00:00Z,370,
DeMario Douglas,anytime_td,0.5,fanduel,New England Patriots @ Buffalo Bills,2026-10-04T17:00:00Z,380,
Drake Maye,anytime_td,0.5,fanduel,New England Patriots @ Buffalo Bills,2026-10-04T17:00:00Z,470,
Ty Johnson,anytime_td,0.5,fanduel,New England Patriots @ Buffalo Bills,2026-10-04T17:00:00Z,500,
Joshua Palmer,anytime_td,0.5,fanduel,New England Patriots @ Buffalo Bills,2026-10-04T17:00:00Z,550,
Dawson Knox,anytime_td,0.5,fanduel,New England Patriots @ Buffalo Bills,2026-10-04T17:00:00Z,550,
Buffalo Bills Defense,anytime_td,0.5,fanduel,New England Patriots @ Buffalo Bills,2026-10-04T17:00:00Z,750,
New England Patriots Defense,anytime_td,0.5,fanduel,New England Patriots @ Buffalo Bills,2026-10-04T17:00:00Z,750,
Kyle Williams,anytime_td,0.5,fanduel,New England Patriots @ Buffalo Bills,2026-10-04T17:00:00Z,800,
Eli Raridon,anytime_td,0.5,fanduel,New England Patriots @ Buffalo Bills,2026-10-04T17:00:00Z,850,
Skyler Bell,anytime_td,0.5,fanduel,New England Patriots @ Buffalo Bills,2026-10-04T17:00:00Z,1000,
Jackson Hawes,anytime_td,0.5,fanduel,New England Patriots @ Buffalo Bills,2026-10-04T17:00:00Z,1000,
Ray Davis,anytime_td,0.5,fanduel,New England Patriots @ Buffalo Bills,2026-10-04T17:00:00Z,1600,
Tanner Arkin,anytime_td,0.5,fanduel,New England Patriots @ Buffalo Bills,2026-10-04T17:00:00Z,1700,
Cameron Latu,anytime_td,0.5,fanduel,New England Patriots @ Buffalo Bills,2026-10-04T17:00:00Z,1700,
Efton Chism III,anytime_td,0.5,fanduel,New England Patriots @ Buffalo Bills,2026-10-04T17:00:00Z,1800,
Greg Dortch,anytime_td,0.5,fanduel,New England Patriots @ Buffalo Bills,2026-10-04T17:00:00Z,2000,
Corey Kiner,anytime_td,0.5,fanduel,New England Patriots @ Buffalo Bills,2026-10-04T17:00:00Z,2200,
Reggie Gilliam,anytime_td,0.5,fanduel,New England Patriots @ Buffalo Bills,2026-10-04T17:00:00Z,2200,
Keleki Latu,anytime_td,0.5,fanduel,New England Patriots @ Buffalo Bills,2026-10-04T17:00:00Z,2700,
Josh Allen,pass_yds,242.5,fanduel,New England Patriots @ Buffalo Bills,2026-10-04T17:00:00Z,-113,-113
Drake Maye,pass_yds,231.5,fanduel,New England Patriots @ Buffalo Bills,2026-10-04T17:00:00Z,-113,-113
DJ Moore,rec_yds,49.5,fanduel,New England Patriots @ Buffalo Bills,2026-10-04T17:00:00Z,-113,-113
James Cook,rec_yds,7.5,fanduel,New England Patriots @ Buffalo Bills,2026-10-04T17:00:00Z,-113,-113
Mack Hollins,rec_yds,43.5,fanduel,New England Patriots @ Buffalo Bills,2026-10-04T17:00:00Z,-113,-113
Romeo Doubs,rec_yds,39.5,fanduel,New England Patriots @ Buffalo Bills,2026-10-04T17:00:00Z,-113,-113
Kyle Williams,rec_yds,12.5,fanduel,New England Patriots @ Buffalo Bills,2026-10-04T17:00:00Z,-113,-113
Dawson Knox,rec_yds,9.5,fanduel,New England Patriots @ Buffalo Bills,2026-10-04T17:00:00Z,-113,-113
Dalton Kincaid,rec_yds,47.5,fanduel,New England Patriots @ Buffalo Bills,2026-10-04T17:00:00Z,-113,-113
Khalil Shakir,rec_yds,38.5,fanduel,New England Patriots @ Buffalo Bills,2026-10-04T17:00:00Z,-113,-113
Keon Coleman,rec_yds,12.5,fanduel,New England Patriots @ Buffalo Bills,2026-10-04T17:00:00Z,-113,-113
Rhamondre Stevenson,rec_yds,18.5,fanduel,New England Patriots @ Buffalo Bills,2026-10-04T17:00:00Z,-113,-113
DeMario Douglas,rec_yds,30.5,fanduel,New England Patriots @ Buffalo Bills,2026-10-04T17:00:00Z,-113,-113
TreVeyon Henderson,rec_yds,7.5,fanduel,New England Patriots @ Buffalo Bills,2026-10-04T17:00:00Z,-113,-113
Ty Johnson,rec_yds,11.5,fanduel,New England Patriots @ Buffalo Bills,2026-10-04T17:00:00Z,-113,-113
Hunter Henry,rec_yds,30.5,fanduel,New England Patriots @ Buffalo Bills,2026-10-04T17:00:00Z,-113,-113
Hunter Henry,receptions,3.5,fanduel,New England Patriots @ Buffalo Bills,2026-10-04T17:00:00Z,112,-148
Ty Johnson,receptions,1.5,fanduel,New England Patriots @ Buffalo Bills,2026-10-04T17:00:00Z,-136,102
Dalton Kincaid,receptions,4.5,fanduel,New England Patriots @ Buffalo Bills,2026-10-04T17:00:00Z,112,-148
TreVeyon Henderson,receptions,1.5,fanduel,New England Patriots @ Buffalo Bills,2026-10-04T17:00:00Z,134,-180
Dawson Knox,receptions,1.5,fanduel,New England Patriots @ Buffalo Bills,2026-10-04T17:00:00Z,152,-205
DeMario Douglas,receptions,2.5,fanduel,New England Patriots @ Buffalo Bills,2026-10-04T17:00:00Z,-148,112
Romeo Doubs,receptions,3.5,fanduel,New England Patriots @ Buffalo Bills,2026-10-04T17:00:00Z,112,-148
James Cook,receptions,1.5,fanduel,New England Patriots @ Buffalo Bills,2026-10-04T17:00:00Z,-108,-122
Rhamondre Stevenson,receptions,2.5,fanduel,New England Patriots @ Buffalo Bills,2026-10-04T17:00:00Z,-128,-104
Keon Coleman,receptions,1.5,fanduel,New England Patriots @ Buffalo Bills,2026-10-04T17:00:00Z,-102,-130
Kyle Williams,receptions,0.5,fanduel,New England Patriots @ Buffalo Bills,2026-10-04T17:00:00Z,-205,152
Khalil Shakir,receptions,3.5,fanduel,New England Patriots @ Buffalo Bills,2026-10-04T17:00:00Z,-154,116
DJ Moore,receptions,3.5,fanduel,New England Patriots @ Buffalo Bills,2026-10-04T17:00:00Z,-158,118
Mack Hollins,receptions,3.5,fanduel,New England Patriots @ Buffalo Bills,2026-10-04T17:00:00Z,-130,-102
Josh Allen,rush_yds,31.5,fanduel,New England Patriots @ Buffalo Bills,2026-10-04T17:00:00Z,-113,-113
Rhamondre Stevenson,rush_yds,32.5,fanduel,New England Patriots @ Buffalo Bills,2026-10-04T17:00:00Z,-113,-113
Drake Maye,rush_yds,26.5,fanduel,New England Patriots @ Buffalo Bills,2026-10-04T17:00:00Z,-113,-113
TreVeyon Henderson,rush_yds,39.5,fanduel,New England Patriots @ Buffalo Bills,2026-10-04T17:00:00Z,-113,-113
James Cook,rush_yds,84.5,fanduel,New England Patriots @ Buffalo Bills,2026-10-04T17:00:00Z,-113,-113
Ty Johnson,rush_yds,4.5,fanduel,New England Patriots @ Buffalo Bills,2026-10-04T17:00:00Z,-113,-113
Kyle Williams,anytime_td,0.5,betmgm,New England Patriots @ Buffalo Bills,2026-10-04T17:00:00Z,575,
Ty Johnson,anytime_td,0.5,betmgm,New England Patriots @ Buffalo Bills,2026-10-04T17:00:00Z,475,
Mack Hollins,anytime_td,0.5,betmgm,New England Patriots @ Buffalo Bills,2026-10-04T17:00:00Z,250,
Eli Raridon,anytime_td,0.5,betmgm,New England Patriots @ Buffalo Bills,2026-10-04T17:00:00Z,850,
New England Patriots D/ST,anytime_td,0.5,betmgm,New England Patriots @ Buffalo Bills,2026-10-04T17:00:00Z,600,
Dawson Knox,anytime_td,0.5,betmgm,New England Patriots @ Buffalo Bills,2026-10-04T17:00:00Z,525,
Hunter Henry,anytime_td,0.5,betmgm,New England Patriots @ Buffalo Bills,2026-10-04T17:00:00Z,280,
Efton Chism III,anytime_td,0.5,betmgm,New England Patriots @ Buffalo Bills,2026-10-04T17:00:00Z,1150,
Khalil Shakir,anytime_td,0.5,betmgm,New England Patriots @ Buffalo Bills,2026-10-04T17:00:00Z,270,
Keleki Latu,anytime_td,0.5,betmgm,New England Patriots @ Buffalo Bills,2026-10-04T17:00:00Z,2800,
Keon Coleman,anytime_td,0.5,betmgm,New England Patriots @ Buffalo Bills,2026-10-04T17:00:00Z,425,
Ray Davis,anytime_td,0.5,betmgm,New England Patriots @ Buffalo Bills,2026-10-04T17:00:00Z,900,
Jackson Hawes,anytime_td,0.5,betmgm,New England Patriots @ Buffalo Bills,2026-10-04T17:00:00Z,1050,
DeMario Douglas,anytime_td,0.5,betmgm,New England Patriots @ Buffalo Bills,2026-10-04T17:00:00Z,360,
TreVeyon Henderson,anytime_td,0.5,betmgm,New England Patriots @ Buffalo Bills,2026-10-04T17:00:00Z,180,
Dalton Kincaid,anytime_td,0.5,betmgm,New England Patriots @ Buffalo Bills,2026-10-04T17:00:00Z,165,
Cameron Latu,anytime_td,0.5,betmgm,New England Patriots @ Buffalo Bills,2026-10-04T17:00:00Z,2000,
Rhamondre Stevenson,anytime_td,0.5,betmgm,New England Patriots @ Buffalo Bills,2026-10-04T17:00:00Z,145,
James Cook,anytime_td,0.5,betmgm,New England Patriots @ Buffalo Bills,2026-10-04T17:00:00Z,-125,
Josh Allen,anytime_td,0.5,betmgm,New England Patriots @ Buffalo Bills,2026-10-04T17:00:00Z,-145,
Buffalo Bills D/ST,anytime_td,0.5,betmgm,New England Patriots @ Buffalo Bills,2026-10-04T17:00:00Z,500,
DJ Moore,anytime_td,0.5,betmgm,New England Patriots @ Buffalo Bills,2026-10-04T17:00:00Z,160,
Romeo Doubs,anytime_td,0.5,betmgm,New England Patriots @ Buffalo Bills,2026-10-04T17:00:00Z,270,
Greg Dortch,anytime_td,0.5,betmgm,New England Patriots @ Buffalo Bills,2026-10-04T17:00:00Z,2500,
Corey Kiner,anytime_td,0.5,betmgm,New England Patriots @ Buffalo Bills,2026-10-04T17:00:00Z,1900,
Drake Maye,anytime_td,0.5,betmgm,New England Patriots @ Buffalo Bills,2026-10-04T17:00:00Z,250,
Reggie Gilliam,anytime_td,0.5,betmgm,New England Patriots @ Buffalo Bills,2026-10-04T17:00:00Z,2500,
Joshua Palmer,anytime_td,0.5,betmgm,New England Patriots @ Buffalo Bills,2026-10-04T17:00:00Z,600,
Drake Maye,pass_yds,228.5,betmgm,New England Patriots @ Buffalo Bills,2026-10-04T17:00:00Z,-115,-115
Josh Allen,pass_yds,241.5,betmgm,New England Patriots @ Buffalo Bills,2026-10-04T17:00:00Z,-115,-115
Mack Hollins,rec_yds,45.5,betmgm,New England Patriots @ Buffalo Bills,2026-10-04T17:00:00Z,-115,-115
DeMario Douglas,rec_yds,28.5,betmgm,New England Patriots @ Buffalo Bills,2026-10-04T17:00:00Z,-120,-111
Romeo Doubs,rec_yds,38.5,betmgm,New England Patriots @ Buffalo Bills,2026-10-04T17:00:00Z,-115,-115
Rhamondre Stevenson,rec_yds,18.5,betmgm,New England Patriots @ Buffalo Bills,2026-10-04T17:00:00Z,-115,-115
Keon Coleman,rec_yds,15.5,betmgm,New England Patriots @ Buffalo Bills,2026-10-04T17:00:00Z,-111,-120
James Cook,rec_yds,8.5,betmgm,New England Patriots @ Buffalo Bills,2026-10-04T17:00:00Z,-110,-120
Hunter Henry,rec_yds,33.5,betmgm,New England Patriots @ Buffalo Bills,2026-10-04T17:00:00Z,-111,-118
Ty Johnson,rec_yds,10.5,betmgm,New England Patriots @ Buffalo Bills,2026-10-04T17:00:00Z,-111,-118
Khalil Shakir,rec_yds,36.5,betmgm,New England Patriots @ Buffalo Bills,2026-10-04T17:00:00Z,-115,-115
TreVeyon Henderson,rec_yds,7.5,betmgm,New England Patriots @ Buffalo Bills,2026-10-04T17:00:00Z,-111,-120
DJ Moore,rec_yds,52.5,betmgm,New England Patriots @ Buffalo Bills,2026-10-04T17:00:00Z,-115,-115
Dawson Knox,rec_yds,11.5,betmgm,New England Patriots @ Buffalo Bills,2026-10-04T17:00:00Z,-111,-120
Kyle Williams,rec_yds,13.5,betmgm,New England Patriots @ Buffalo Bills,2026-10-04T17:00:00Z,-111,-120
Dalton Kincaid,rec_yds,50.5,betmgm,New England Patriots @ Buffalo Bills,2026-10-04T17:00:00Z,-115,-115
Keon Coleman,receptions,1.5,betmgm,New England Patriots @ Buffalo Bills,2026-10-04T17:00:00Z,110,-150
Khalil Shakir,receptions,3.5,betmgm,New England Patriots @ Buffalo Bills,2026-10-04T17:00:00Z,-155,115
Dalton Kincaid,receptions,4.5,betmgm,New England Patriots @ Buffalo Bills,2026-10-04T17:00:00Z,110,-150
Mack Hollins,receptions,3.5,betmgm,New England Patriots @ Buffalo Bills,2026-10-04T17:00:00Z,-115,-115
Rhamondre Stevenson,receptions,2.5,betmgm,New England Patriots @ Buffalo Bills,2026-10-04T17:00:00Z,-120,-110
DeMario Douglas,receptions,2.5,betmgm,New England Patriots @ Buffalo Bills,2026-10-04T17:00:00Z,-150,110
TreVeyon Henderson,receptions,1.5,betmgm,New England Patriots @ Buffalo Bills,2026-10-04T17:00:00Z,120,-160
Ty Johnson,receptions,1.5,betmgm,New England Patriots @ Buffalo Bills,2026-10-04T17:00:00Z,-125,-105
Hunter Henry,receptions,3.5,betmgm,New England Patriots @ Buffalo Bills,2026-10-04T17:00:00Z,105,-140
DJ Moore,receptions,3.5,betmgm,New England Patriots @ Buffalo Bills,2026-10-04T17:00:00Z,-175,130
Romeo Doubs,receptions,3.5,betmgm,New England Patriots @ Buffalo Bills,2026-10-04T17:00:00Z,125,-165
James Cook,receptions,1.5,betmgm,New England Patriots @ Buffalo Bills,2026-10-04T17:00:00Z,-105,-125
TreVeyon Henderson,rush_yds,39.5,betmgm,New England Patriots @ Buffalo Bills,2026-10-04T17:00:00Z,-115,-115
Drake Maye,rush_yds,26.5,betmgm,New England Patriots @ Buffalo Bills,2026-10-04T17:00:00Z,-115,-115
James Cook,rush_yds,86.5,betmgm,New England Patriots @ Buffalo Bills,2026-10-04T17:00:00Z,-115,-115
Rhamondre Stevenson,rush_yds,31.5,betmgm,New England Patriots @ Buffalo Bills,2026-10-04T17:00:00Z,-115,-115
Josh Allen,rush_yds,34.5,betmgm,New England Patriots @ Buffalo Bills,2026-10-04T17:00:00Z,105,-140
D'Andre Swift,anytime_td,0.5,draftkings,New York Jets @ Chicago Bears,2026-10-04T17:00:00Z,-115,
Braelon Allen,anytime_td,0.5,draftkings,New York Jets @ Chicago Bears,2026-10-04T17:00:00Z,115,
Garrett Wilson,anytime_td,0.5,draftkings,New York Jets @ Chicago Bears,2026-10-04T17:00:00Z,150,
Kyle Monangai,anytime_td,0.5,draftkings,New York Jets @ Chicago Bears,2026-10-04T17:00:00Z,185,
Luther Burden III,anytime_td,0.5,draftkings,New York Jets @ Chicago Bears,2026-10-04T17:00:00Z,235,
Kenyon Sadiq,anytime_td,0.5,draftkings,New York Jets @ Chicago Bears,2026-10-04T17:00:00Z,235,
Colston Loveland,anytime_td,0.5,draftkings,New York Jets @ Chicago Bears,2026-10-04T17:00:00Z,240,
Isaiah Davis,anytime_td,0.5,draftkings,New York Jets @ Chicago Bears,2026-10-04T17:00:00Z,300,
Rome Odunze,anytime_td,0.5,draftkings,New York Jets @ Chicago Bears,2026-10-04T17:00:00Z,320,
Kalif Raymond,anytime_td,0.5,draftkings,New York Jets @ Chicago Bears,2026-10-04T17:00:00Z,340,
Tyson Bagent,anytime_td,0.5,draftkings,New York Jets @ Chicago Bears,2026-10-04T17:00:00Z,425,
Isaiah Williams,anytime_td,0.5,draftkings,New York Jets @ Chicago Bears,2026-10-04T17:00:00Z,475,
Chicago Bears D/ST,anytime_td,0.5,draftkings,New York Jets @ Chicago Bears,2026-10-04T17:00:00Z,500,
Cole Kmet,anytime_td,0.5,draftkings,New York Jets @ Chicago Bears,2026-10-04T17:00:00Z,550,
New York Jets D/ST,anytime_td,0.5,draftkings,New York Jets @ Chicago Bears,2026-10-04T17:00:00Z,600,
Jeremy Ruckert,anytime_td,0.5,draftkings,New York Jets @ Chicago Bears,2026-10-04T17:00:00Z,800,
Sterling Shepard,anytime_td,0.5,draftkings,New York Jets @ Chicago Bears,2026-10-04T17:00:00Z,800,
Geno Smith,anytime_td,0.5,draftkings,New York Jets @ Chicago Bears,2026-10-04T17:00:00Z,900,
Malik McClain,anytime_td,0.5,draftkings,New York Jets @ Chicago Bears,2026-10-04T17:00:00Z,1000,
Jahdae Walker,anytime_td,0.5,draftkings,New York Jets @ Chicago Bears,2026-10-04T17:00:00Z,1500,
Sam Roush,anytime_td,0.5,draftkings,New York Jets @ Chicago Bears,2026-10-04T17:00:00Z,1600,
Jelani Woods,anytime_td,0.5,draftkings,New York Jets @ Chicago Bears,2026-10-04T17:00:00Z,1600,
Roschon Johnson,anytime_td,0.5,draftkings,New York Jets @ Chicago Bears,2026-10-04T17:00:00Z,1700,
Zavion Thomas,anytime_td,0.5,draftkings,New York Jets @ Chicago Bears,2026-10-04T17:00:00Z,2000,
Kene Nwangwu,anytime_td,0.5,draftkings,New York Jets @ Chicago Bears,2026-10-04T17:00:00Z,2200,
Jamaal Pritchett,anytime_td,0.5,draftkings,New York Jets @ Chicago Bears,2026-10-04T17:00:00Z,2200,
Andrew Beck,anytime_td,0.5,draftkings,New York Jets @ Chicago Bears,2026-10-04T17:00:00Z,2800,
Geno Smith,pass_yds,227.5,draftkings,New York Jets @ Chicago Bears,2026-10-04T17:00:00Z,-112,-112
Tyson Bagent,pass_yds,200.5,draftkings,New York Jets @ Chicago Bears,2026-10-04T17:00:00Z,-114,-110
Garrett Wilson,rec_yds,74.5,draftkings,New York Jets @ Chicago Bears,2026-10-04T17:00:00Z,-114,-110
Luther Burden III,rec_yds,46.5,draftkings,New York Jets @ Chicago Bears,2026-10-04T17:00:00Z,-115,-109
Kenyon Sadiq,rec_yds,42.5,draftkings,New York Jets @ Chicago Bears,2026-10-04T17:00:00Z,-115,-109
Colston Loveland,rec_yds,34.5,draftkings,New York Jets @ Chicago Bears,2026-10-04T17:00:00Z,-110,-114
Rome Odunze,rec_yds,32.5,draftkings,New York Jets @ Chicago Bears,2026-10-04T17:00:00Z,-112,-112
Kalif Raymond,rec_yds,31.5,draftkings,New York Jets @ Chicago Bears,2026-10-04T17:00:00Z,-114,-110
Isaiah Williams,rec_yds,22.5,draftkings,New York Jets @ Chicago Bears,2026-10-04T17:00:00Z,-111,-113
Jeremy Ruckert,rec_yds,18.5,draftkings,New York Jets @ Chicago Bears,2026-10-04T17:00:00Z,-114,-110
D'Andre Swift,rec_yds,14.5,draftkings,New York Jets @ Chicago Bears,2026-10-04T17:00:00Z,-110,-114
Braelon Allen,rec_yds,12.5,draftkings,New York Jets @ Chicago Bears,2026-10-04T17:00:00Z,-115,-109
Cole Kmet,rec_yds,9.5,draftkings,New York Jets @ Chicago Bears,2026-10-04T17:00:00Z,-117,-107
Isaiah Davis,rec_yds,9.5,draftkings,New York Jets @ Chicago Bears,2026-10-04T17:00:00Z,-108,-116
Kyle Monangai,rec_yds,5.5,draftkings,New York Jets @ Chicago Bears,2026-10-04T17:00:00Z,-118,-106
Garrett Wilson,receptions,6.5,draftkings,New York Jets @ Chicago Bears,2026-10-04T17:00:00Z,-101,-126
Luther Burden III,receptions,4.5,draftkings,New York Jets @ Chicago Bears,2026-10-04T17:00:00Z,-105,-121
Kenyon Sadiq,receptions,4.5,draftkings,New York Jets @ Chicago Bears,2026-10-04T17:00:00Z,117,-150
Colston Loveland,receptions,3.5,draftkings,New York Jets @ Chicago Bears,2026-10-04T17:00:00Z,-104,-123
Kalif Raymond,receptions,3.5,draftkings,New York Jets @ Chicago Bears,2026-10-04T17:00:00Z,111,-142
Isaiah Williams,receptions,2.5,draftkings,New York Jets @ Chicago Bears,2026-10-04T17:00:00Z,-123,-104
Rome Odunze,receptions,2.5,draftkings,New York Jets @ Chicago Bears,2026-10-04T17:00:00Z,-121,-105
Jeremy Ruckert,receptions,2.5,draftkings,New York Jets @ Chicago Bears,2026-10-04T17:00:00Z,-108,-118
D'Andre Swift,receptions,2.5,draftkings,New York Jets @ Chicago Bears,2026-10-04T17:00:00Z,142,-183
Braelon Allen,receptions,1.5,draftkings,New York Jets @ Chicago Bears,2026-10-04T17:00:00Z,-178,138
Isaiah Davis,receptions,1.5,draftkings,New York Jets @ Chicago Bears,2026-10-04T17:00:00Z,104,-133
Cole Kmet,receptions,1.5,draftkings,New York Jets @ Chicago Bears,2026-10-04T17:00:00Z,154,-199
Kyle Monangai,receptions,0.5,draftkings,New York Jets @ Chicago Bears,2026-10-04T17:00:00Z,-236,182
D'Andre Swift,rush_yds,64.5,draftkings,New York Jets @ Chicago Bears,2026-10-04T17:00:00Z,-111,-113
Braelon Allen,rush_yds,55.5,draftkings,New York Jets @ Chicago Bears,2026-10-04T17:00:00Z,-114,-110
Kyle Monangai,rush_yds,39.5,draftkings,New York Jets @ Chicago Bears,2026-10-04T17:00:00Z,-114,-110
Isaiah Davis,rush_yds,20.5,draftkings,New York Jets @ Chicago Bears,2026-10-04T17:00:00Z,-117,-107
Tyson Bagent,rush_yds,14.5,draftkings,New York Jets @ Chicago Bears,2026-10-04T17:00:00Z,-112,-112
Geno Smith,rush_yds,11.5,draftkings,New York Jets @ Chicago Bears,2026-10-04T17:00:00Z,-106,-119
D'Andre Swift,anytime_td,0.5,fanduel,New York Jets @ Chicago Bears,2026-10-04T17:00:00Z,-105,
Braelon Allen,anytime_td,0.5,fanduel,New York Jets @ Chicago Bears,2026-10-04T17:00:00Z,125,
Garrett Wilson,anytime_td,0.5,fanduel,New York Jets @ Chicago Bears,2026-10-04T17:00:00Z,145,
Kyle Monangai,anytime_td,0.5,fanduel,New York Jets @ Chicago Bears,2026-10-04T17:00:00Z,190,
Luther Burden III,anytime_td,0.5,fanduel,New York Jets @ Chicago Bears,2026-10-04T17:00:00Z,200,
Kenyon Sadiq,anytime_td,0.5,fanduel,New York Jets @ Chicago Bears,2026-10-04T17:00:00Z,220,
Colston Loveland,anytime_td,0.5,fanduel,New York Jets @ Chicago Bears,2026-10-04T17:00:00Z,230,
Rome Odunze,anytime_td,0.5,fanduel,New York Jets @ Chicago Bears,2026-10-04T17:00:00Z,310,
Kalif Raymond,anytime_td,0.5,fanduel,New York Jets @ Chicago Bears,2026-10-04T17:00:00Z,330,
Isaiah Davis,anytime_td,0.5,fanduel,New York Jets @ Chicago Bears,2026-10-04T17:00:00Z,360,
Isaiah Williams,anytime_td,0.5,fanduel,New York Jets @ Chicago Bears,2026-10-04T17:00:00Z,420,
Tyson Bagent,anytime_td,0.5,fanduel,New York Jets @ Chicago Bears,2026-10-04T17:00:00Z,470,
Cole Kmet,anytime_td,0.5,fanduel,New York Jets @ Chicago Bears,2026-10-04T17:00:00Z,550,
Chicago Bears Defense,anytime_td,0.5,fanduel,New York Jets @ Chicago Bears,2026-10-04T17:00:00Z,650,
New York Jets Defense,anytime_td,0.5,fanduel,New York Jets @ Chicago Bears,2026-10-04T17:00:00Z,700,
Jeremy Ruckert,anytime_td,0.5,fanduel,New York Jets @ Chicago Bears,2026-10-04T17:00:00Z,750,
Geno Smith,anytime_td,0.5,fanduel,New York Jets @ Chicago Bears,2026-10-04T17:00:00Z,900,
Malik McClain,anytime_td,0.5,fanduel,New York Jets @ Chicago Bears,2026-10-04T17:00:00Z,1200,
Jelani Woods,anytime_td,0.5,fanduel,New York Jets @ Chicago Bears,2026-10-04T17:00:00Z,1700,
Jahdae Walker,anytime_td,0.5,fanduel,New York Jets @ Chicago Bears,2026-10-04T17:00:00Z,1700,
Roschon Johnson,anytime_td,0.5,fanduel,New York Jets @ Chicago Bears,2026-10-04T17:00:00Z,1700,
Zavion Thomas,anytime_td,0.5,fanduel,New York Jets @ Chicago Bears,2026-10-04T17:00:00Z,1800,
Jamaal Pritchett,anytime_td,0.5,fanduel,New York Jets @ Chicago Bears,2026-10-04T17:00:00Z,1900,
Sam Roush,anytime_td,0.5,fanduel,New York Jets @ Chicago Bears,2026-10-04T17:00:00Z,1900,
Andrew Beck,anytime_td,0.5,fanduel,New York Jets @ Chicago Bears,2026-10-04T17:00:00Z,2700,
Kene Nwangwu,anytime_td,0.5,fanduel,New York Jets @ Chicago Bears,2026-10-04T17:00:00Z,2700,
Geno Smith,pass_yds,227.5,fanduel,New York Jets @ Chicago Bears,2026-10-04T17:00:00Z,-113,-113
Tyson Bagent,pass_yds,199.5,fanduel,New York Jets @ Chicago Bears,2026-10-04T17:00:00Z,-113,-113
Garrett Wilson,rec_yds,75.5,fanduel,New York Jets @ Chicago Bears,2026-10-04T17:00:00Z,-113,-113
Rome Odunze,rec_yds,32.5,fanduel,New York Jets @ Chicago Bears,2026-10-04T17:00:00Z,-113,-113
Luther Burden III,rec_yds,46.5,fanduel,New York Jets @ Chicago Bears,2026-10-04T17:00:00Z,-113,-113
Kenyon Sadiq,rec_yds,41.5,fanduel,New York Jets @ Chicago Bears,2026-10-04T17:00:00Z,-113,-113
Colston Loveland,rec_yds,33.5,fanduel,New York Jets @ Chicago Bears,2026-10-04T17:00:00Z,-113,-113
Braelon Allen,rec_yds,11.5,fanduel,New York Jets @ Chicago Bears,2026-10-04T17:00:00Z,-113,-113
Kalif Raymond,rec_yds,31.5,fanduel,New York Jets @ Chicago Bears,2026-10-04T17:00:00Z,-113,-113
Isaiah Williams,rec_yds,22.5,fanduel,New York Jets @ Chicago Bears,2026-10-04T17:00:00Z,-113,-113
D'Andre Swift,rec_yds,14.5,fanduel,New York Jets @ Chicago Bears,2026-10-04T17:00:00Z,-113,-113
Kyle Monangai,rec_yds,5.5,fanduel,New York Jets @ Chicago Bears,2026-10-04T17:00:00Z,-113,-113
Isaiah Davis,rec_yds,9.5,fanduel,New York Jets @ Chicago Bears,2026-10-04T17:00:00Z,-113,-113
Jeremy Ruckert,rec_yds,18.5,fanduel,New York Jets @ Chicago Bears,2026-10-04T17:00:00Z,-113,-113
Cole Kmet,rec_yds,9.5,fanduel,New York Jets @ Chicago Bears,2026-10-04T17:00:00Z,-113,-113
Rome Odunze,receptions,2.5,fanduel,New York Jets @ Chicago Bears,2026-10-04T17:00:00Z,-120,-110
Cole Kmet,receptions,1.5,fanduel,New York Jets @ Chicago Bears,2026-10-04T17:00:00Z,130,-174
Kyle Monangai,receptions,0.5,fanduel,New York Jets @ Chicago Bears,2026-10-04T17:00:00Z,-225,164
Colston Loveland,receptions,3.5,fanduel,New York Jets @ Chicago Bears,2026-10-04T17:00:00Z,102,-136
Kenyon Sadiq,receptions,4.5,fanduel,New York Jets @ Chicago Bears,2026-10-04T17:00:00Z,112,-148
Isaiah Williams,receptions,2.5,fanduel,New York Jets @ Chicago Bears,2026-10-04T17:00:00Z,-130,-102
Kalif Raymond,receptions,3.5,fanduel,New York Jets @ Chicago Bears,2026-10-04T17:00:00Z,114,-152
Braelon Allen,receptions,1.5,fanduel,New York Jets @ Chicago Bears,2026-10-04T17:00:00Z,-148,112
D'Andre Swift,receptions,2.5,fanduel,New York Jets @ Chicago Bears,2026-10-04T17:00:00Z,146,-198
Garrett Wilson,receptions,6.5,fanduel,New York Jets @ Chicago Bears,2026-10-04T17:00:00Z,-102,-130
Isaiah Davis,receptions,1.5,fanduel,New York Jets @ Chicago Bears,2026-10-04T17:00:00Z,-102,-130
Jeremy Ruckert,receptions,2.5,fanduel,New York Jets @ Chicago Bears,2026-10-04T17:00:00Z,-114,-114
Luther Burden III,receptions,4.5,fanduel,New York Jets @ Chicago Bears,2026-10-04T17:00:00Z,106,-140
D'Andre Swift,rush_yds,63.5,fanduel,New York Jets @ Chicago Bears,2026-10-04T17:00:00Z,-113,-113
Geno Smith,rush_yds,10.5,fanduel,New York Jets @ Chicago Bears,2026-10-04T17:00:00Z,-113,-113
Braelon Allen,rush_yds,56.5,fanduel,New York Jets @ Chicago Bears,2026-10-04T17:00:00Z,-113,-113
Isaiah Davis,rush_yds,21.5,fanduel,New York Jets @ Chicago Bears,2026-10-04T17:00:00Z,-113,-113
Kyle Monangai,rush_yds,39.5,fanduel,New York Jets @ Chicago Bears,2026-10-04T17:00:00Z,-113,-113
Tyson Bagent,rush_yds,14.5,fanduel,New York Jets @ Chicago Bears,2026-10-04T17:00:00Z,-113,-113
Tyson Bagent,anytime_td,0.5,betmgm,New York Jets @ Chicago Bears,2026-10-04T17:00:00Z,500,
Isaiah Williams,anytime_td,0.5,betmgm,New York Jets @ Chicago Bears,2026-10-04T17:00:00Z,475,
Jeremy Ruckert,anytime_td,0.5,betmgm,New York Jets @ Chicago Bears,2026-10-04T17:00:00Z,600,
Chicago Bears D/ST,anytime_td,0.5,betmgm,New York Jets @ Chicago Bears,2026-10-04T17:00:00Z,425,
New York Jets D/ST,anytime_td,0.5,betmgm,New York Jets @ Chicago Bears,2026-10-04T17:00:00Z,600,
Rome Odunze,anytime_td,0.5,betmgm,New York Jets @ Chicago Bears,2026-10-04T17:00:00Z,310,
Kenyon Sadiq,anytime_td,0.5,betmgm,New York Jets @ Chicago Bears,2026-10-04T17:00:00Z,250,
Colston Loveland,anytime_td,0.5,betmgm,New York Jets @ Chicago Bears,2026-10-04T17:00:00Z,270,
Kalif Raymond,anytime_td,0.5,betmgm,New York Jets @ Chicago Bears,2026-10-04T17:00:00Z,320,
Isaiah Davis,anytime_td,0.5,betmgm,New York Jets @ Chicago Bears,2026-10-04T17:00:00Z,310,
Cole Kmet,anytime_td,0.5,betmgm,New York Jets @ Chicago Bears,2026-10-04T17:00:00Z,700,
D'Andre Swift,anytime_td,0.5,betmgm,New York Jets @ Chicago Bears,2026-10-04T17:00:00Z,-125,
Luther Burden III,anytime_td,0.5,betmgm,New York Jets @ Chicago Bears,2026-10-04T17:00:00Z,225,
Braelon Allen,anytime_td,0.5,betmgm,New York Jets @ Chicago Bears,2026-10-04T17:00:00Z,105,
Geno Smith,anytime_td,0.5,betmgm,New York Jets @ Chicago Bears,2026-10-04T17:00:00Z,600,
Kyle Monangai,anytime_td,0.5,betmgm,New York Jets @ Chicago Bears,2026-10-04T17:00:00Z,180,
Garrett Wilson,anytime_td,0.5,betmgm,New York Jets @ Chicago Bears,2026-10-04T17:00:00Z,150,
Sam Roush,anytime_td,0.5,betmgm,New York Jets @ Chicago Bears,2026-10-04T17:00:00Z,1200,
Andrew Beck,anytime_td,0.5,betmgm,New York Jets @ Chicago Bears,2026-10-04T17:00:00Z,2800,
Roschon Johnson,anytime_td,0.5,betmgm,New York Jets @ Chicago Bears,2026-10-04T17:00:00Z,2000,
Malik McClain,anytime_td,0.5,betmgm,New York Jets @ Chicago Bears,2026-10-04T17:00:00Z,1400,
Jelani Woods,anytime_td,0.5,betmgm,New York Jets @ Chicago Bears,2026-10-04T17:00:00Z,1600,
Sterling Shepard,anytime_td,0.5,betmgm,New York Jets @ Chicago Bears,2026-10-04T17:00:00Z,850,
Zavion Thomas,anytime_td,0.5,betmgm,New York Jets @ Chicago Bears,2026-10-04T17:00:00Z,2200,
Geno Smith,pass_yds,223.5,betmgm,New York Jets @ Chicago Bears,2026-10-04T17:00:00Z,-115,-115
Tyson Bagent,pass_yds,203.5,betmgm,New York Jets @ Chicago Bears,2026-10-04T17:00:00Z,-115,-115
Cole Kmet,rec_yds,8.5,betmgm,New York Jets @ Chicago Bears,2026-10-04T17:00:00Z,-115,-115
Kalif Raymond,rec_yds,30.5,betmgm,New York Jets @ Chicago Bears,2026-10-04T17:00:00Z,-115,-115
Luther Burden III,rec_yds,45.5,betmgm,New York Jets @ Chicago Bears,2026-10-04T17:00:00Z,-111,-118
Colston Loveland,rec_yds,34.5,betmgm,New York Jets @ Chicago Bears,2026-10-04T17:00:00Z,-115,-115
Isaiah Williams,rec_yds,23.5,betmgm,New York Jets @ Chicago Bears,2026-10-04T17:00:00Z,-115,-115
Rome Odunze,rec_yds,30.5,betmgm,New York Jets @ Chicago Bears,2026-10-04T17:00:00Z,-115,-115
Braelon Allen,rec_yds,10.5,betmgm,New York Jets @ Chicago Bears,2026-10-04T17:00:00Z,-120,-110
Garrett Wilson,rec_yds,77.5,betmgm,New York Jets @ Chicago Bears,2026-10-04T17:00:00Z,100,-135
Isaiah Davis,rec_yds,10.5,betmgm,New York Jets @ Chicago Bears,2026-10-04T17:00:00Z,-110,-120
Kenyon Sadiq,rec_yds,41.5,betmgm,New York Jets @ Chicago Bears,2026-10-04T17:00:00Z,-115,-115
D'Andre Swift,rec_yds,13.5,betmgm,New York Jets @ Chicago Bears,2026-10-04T17:00:00Z,-120,-110
Rome Odunze,receptions,2.5,betmgm,New York Jets @ Chicago Bears,2026-10-04T17:00:00Z,-115,-115
Garrett Wilson,receptions,6.5,betmgm,New York Jets @ Chicago Bears,2026-10-04T17:00:00Z,105,-140
D'Andre Swift,receptions,2.5,betmgm,New York Jets @ Chicago Bears,2026-10-04T17:00:00Z,135,-185
Luther Burden III,receptions,4.5,betmgm,New York Jets @ Chicago Bears,2026-10-04T17:00:00Z,115,-155
Kalif Raymond,receptions,3.5,betmgm,New York Jets @ Chicago Bears,2026-10-04T17:00:00Z,105,-145
Braelon Allen,receptions,1.5,betmgm,New York Jets @ Chicago Bears,2026-10-04T17:00:00Z,-150,110
Isaiah Davis,receptions,1.5,betmgm,New York Jets @ Chicago Bears,2026-10-04T17:00:00Z,-110,-120
Kenyon Sadiq,receptions,3.5,betmgm,New York Jets @ Chicago Bears,2026-10-04T17:00:00Z,-165,125
Isaiah Williams,receptions,2.5,betmgm,New York Jets @ Chicago Bears,2026-10-04T17:00:00Z,-125,-105
Colston Loveland,receptions,3.5,betmgm,New York Jets @ Chicago Bears,2026-10-04T17:00:00Z,110,-150
Cole Kmet,receptions,1.5,betmgm,New York Jets @ Chicago Bears,2026-10-04T17:00:00Z,155,-210
Braelon Allen,rush_yds,55.5,betmgm,New York Jets @ Chicago Bears,2026-10-04T17:00:00Z,-115,-115
Geno Smith,rush_yds,10.5,betmgm,New York Jets @ Chicago Bears,2026-10-04T17:00:00Z,-110,-120
D'Andre Swift,rush_yds,61.5,betmgm,New York Jets @ Chicago Bears,2026-10-04T17:00:00Z,-115,-115
Kyle Monangai,rush_yds,40.5,betmgm,New York Jets @ Chicago Bears,2026-10-04T17:00:00Z,-115,-115
Isaiah Davis,rush_yds,21.5,betmgm,New York Jets @ Chicago Bears,2026-10-04T17:00:00Z,-111,-120
Tyson Bagent,rush_yds,13.5,betmgm,New York Jets @ Chicago Bears,2026-10-04T17:00:00Z,-110,-120
Chase Brown,anytime_td,0.5,draftkings,Jacksonville Jaguars @ Cincinnati Bengals,2026-10-04T17:00:00Z,-145,
Ja'Marr Chase,anytime_td,0.5,draftkings,Jacksonville Jaguars @ Cincinnati Bengals,2026-10-04T17:00:00Z,-120,
Bhayshul Tuten,anytime_td,0.5,draftkings,Jacksonville Jaguars @ Cincinnati Bengals,2026-10-04T17:00:00Z,-105,
Tee Higgins,anytime_td,0.5,draftkings,Jacksonville Jaguars @ Cincinnati Bengals,2026-10-04T17:00:00Z,125,
Parker Washington,anytime_td,0.5,draftkings,Jacksonville Jaguars @ Cincinnati Bengals,2026-10-04T17:00:00Z,135,
Jakobi Meyers,anytime_td,0.5,draftkings,Jacksonville Jaguars @ Cincinnati Bengals,2026-10-04T17:00:00Z,245,
Brenton Strange,anytime_td,0.5,draftkings,Jacksonville Jaguars @ Cincinnati Bengals,2026-10-04T17:00:00Z,260,
Mike Gesicki,anytime_td,0.5,draftkings,Jacksonville Jaguars @ Cincinnati Bengals,2026-10-04T17:00:00Z,300,
Chris Rodriguez Jr.,anytime_td,0.5,draftkings,Jacksonville Jaguars @ Cincinnati Bengals,2026-10-04T17:00:00Z,300,
Brian Thomas Jr,anytime_td,0.5,draftkings,Jacksonville Jaguars @ Cincinnati Bengals,2026-10-04T17:00:00Z,340,
Trevor Lawrence,anytime_td,0.5,draftkings,Jacksonville Jaguars @ Cincinnati Bengals,2026-10-04T17:00:00Z,340,
Dohnte Meyers,anytime_td,0.5,draftkings,Jacksonville Jaguars @ Cincinnati Bengals,2026-10-04T17:00:00Z,425,
Samaje Perine,anytime_td,0.5,draftkings,Jacksonville Jaguars @ Cincinnati Bengals,2026-10-04T17:00:00Z,450,
Cincinnati Bengals D/ST,anytime_td,0.5,draftkings,Jacksonville Jaguars @ Cincinnati Bengals,2026-10-04T17:00:00Z,500,
Jacksonville Jaguars D/ST,anytime_td,0.5,draftkings,Jacksonville Jaguars @ Cincinnati Bengals,2026-10-04T17:00:00Z,550,
Drew Sample,anytime_td,0.5,draftkings,Jacksonville Jaguars @ Cincinnati Bengals,2026-10-04T17:00:00Z,650,
Josh Cameron,anytime_td,0.5,draftkings,Jacksonville Jaguars @ Cincinnati Bengals,2026-10-04T17:00:00Z,700,
LeQuint Allen Jr.,anytime_td,0.5,draftkings,Jacksonville Jaguars @ Cincinnati Bengals,2026-10-04T17:00:00Z,850,
Joe Burrow,anytime_td,0.5,draftkings,Jacksonville Jaguars @ Cincinnati Bengals,2026-10-04T17:00:00Z,900,
Nate Boerkircher,anytime_td,0.5,draftkings,Jacksonville Jaguars @ Cincinnati Bengals,2026-10-04T17:00:00Z,900,
Mitchell Tinsley,anytime_td,0.5,draftkings,Jacksonville Jaguars @ Cincinnati Bengals,2026-10-04T17:00:00Z,950,
Erick All,anytime_td,0.5,draftkings,Jacksonville Jaguars @ Cincinnati Bengals,2026-10-04T17:00:00Z,1000,
Ameer Abdullah,anytime_td,0.5,draftkings,Jacksonville Jaguars @ Cincinnati Bengals,2026-10-04T17:00:00Z,1000,
Jack Endries,anytime_td,0.5,draftkings,Jacksonville Jaguars @ Cincinnati Bengals,2026-10-04T17:00:00Z,1100,
Tanner Hudson,anytime_td,0.5,draftkings,Jacksonville Jaguars @ Cincinnati Bengals,2026-10-04T17:00:00Z,1200,
Travis Hunter,anytime_td,0.5,draftkings,Jacksonville Jaguars @ Cincinnati Bengals,2026-10-04T17:00:00Z,1400,
Quintin Morris,anytime_td,0.5,draftkings,Jacksonville Jaguars @ Cincinnati Bengals,2026-10-04T17:00:00Z,1500,
Tanner Koziol,anytime_td,0.5,draftkings,Jacksonville Jaguars @ Cincinnati Bengals,2026-10-04T17:00:00Z,1600,
CJ Williams,anytime_td,0.5,draftkings,Jacksonville Jaguars @ Cincinnati Bengals,2026-10-04T17:00:00Z,1700,
Tahj Brooks,anytime_td,0.5,draftkings,Jacksonville Jaguars @ Cincinnati Bengals,2026-10-04T17:00:00Z,1800,
Joe Burrow,pass_yds,268.5,draftkings,Jacksonville Jaguars @ Cincinnati Bengals,2026-10-04T17:00:00Z,-111,-113
Trevor Lawrence,pass_yds,261.5,draftkings,Jacksonville Jaguars @ Cincinnati Bengals,2026-10-04T17:00:00Z,-111,-113
Ja'Marr Chase,rec_yds,84.5,draftkings,Jacksonville Jaguars @ Cincinnati Bengals,2026-10-04T17:00:00Z,-110,-114
Parker Washington,rec_yds,76.5,draftkings,Jacksonville Jaguars @ Cincinnati Bengals,2026-10-04T17:00:00Z,-110,-114
Tee Higgins,rec_yds,63.5,draftkings,Jacksonville Jaguars @ Cincinnati Bengals,2026-10-04T17:00:00Z,-113,-111
Jakobi Meyers,rec_yds,39.5,draftkings,Jacksonville Jaguars @ Cincinnati Bengals,2026-10-04T17:00:00Z,-113,-111
Brenton Strange,rec_yds,35.5,draftkings,Jacksonville Jaguars @ Cincinnati Bengals,2026-10-04T17:00:00Z,-110,-115
Mike Gesicki,rec_yds,28.5,draftkings,Jacksonville Jaguars @ Cincinnati Bengals,2026-10-04T17:00:00Z,-109,-115
Brian Thomas Jr,rec_yds,27.5,draftkings,Jacksonville Jaguars @ Cincinnati Bengals,2026-10-04T17:00:00Z,-110,-114
Dohnte Meyers,rec_yds,21.5,draftkings,Jacksonville Jaguars @ Cincinnati Bengals,2026-10-04T17:00:00Z,-110,-114
Chase Brown,rec_yds,19.5,draftkings,Jacksonville Jaguars @ Cincinnati Bengals,2026-10-04T17:00:00Z,-110,-114
Bhayshul Tuten,rec_yds,10.5,draftkings,Jacksonville Jaguars @ Cincinnati Bengals,2026-10-04T17:00:00Z,-115,-109
Josh Cameron,rec_yds,9.5,draftkings,Jacksonville Jaguars @ Cincinnati Bengals,2026-10-04T17:00:00Z,-108,-117
Samaje Perine,rec_yds,8.5,draftkings,Jacksonville Jaguars @ Cincinnati Bengals,2026-10-04T17:00:00Z,-113,-111
Drew Sample,rec_yds,7.5,draftkings,Jacksonville Jaguars @ Cincinnati Bengals,2026-10-04T17:00:00Z,-106,-119
Ja'Marr Chase,receptions,7.5,draftkings,Jacksonville Jaguars @ Cincinnati Bengals,2026-10-04T17:00:00Z,118,-150
Parker Washington,receptions,5.5,draftkings,Jacksonville Jaguars @ Cincinnati Bengals,2026-10-04T17:00:00Z,107,-137
Tee Higgins,receptions,4.5,draftkings,Jacksonville Jaguars @ Cincinnati Bengals,2026-10-04T17:00:00Z,-109,-117
Jakobi Meyers,receptions,3.5,draftkings,Jacksonville Jaguars @ Cincinnati Bengals,2026-10-04T17:00:00Z,-129,101
Brenton Strange,receptions,3.5,draftkings,Jacksonville Jaguars @ Cincinnati Bengals,2026-10-04T17:00:00Z,-101,-126
Chase Brown,receptions,3.5,draftkings,Jacksonville Jaguars @ Cincinnati Bengals,2026-10-04T17:00:00Z,116,-148
Mike Gesicki,receptions,2.5,draftkings,Jacksonville Jaguars @ Cincinnati Bengals,2026-10-04T17:00:00Z,-127,100
Brian Thomas Jr,receptions,2.5,draftkings,Jacksonville Jaguars @ Cincinnati Bengals,2026-10-04T17:00:00Z,121,-155
Dohnte Meyers,receptions,2.5,draftkings,Jacksonville Jaguars @ Cincinnati Bengals,2026-10-04T17:00:00Z,132,-168
Bhayshul Tuten,receptions,1.5,draftkings,Jacksonville Jaguars @ Cincinnati Bengals,2026-10-04T17:00:00Z,-144,112
Samaje Perine,receptions,1.5,draftkings,Jacksonville Jaguars @ Cincinnati Bengals,2026-10-04T17:00:00Z,-102,-125
Drew Sample,receptions,1.5,draftkings,Jacksonville Jaguars @ Cincinnati Bengals,2026-10-04T17:00:00Z,121,-154
Josh Cameron,receptions,1.5,draftkings,Jacksonville Jaguars @ Cincinnati Bengals,2026-10-04T17:00:00Z,161,-207
Chase Brown,rush_yds,60.5,draftkings,Jacksonville Jaguars @ Cincinnati Bengals,2026-10-04T17:00:00Z,-111,-113
Bhayshul Tuten,rush_yds,55.5,draftkings,Jacksonville Jaguars @ Cincinnati Bengals,2026-10-04T17:00:00Z,-115,-109
Chris Rodriguez Jr.,rush_yds,19.5,draftkings,Jacksonville Jaguars @ Cincinnati Bengals,2026-10-04T17:00:00Z,-113,-111
Samaje Perine,rush_yds,14.5,draftkings,Jacksonville Jaguars @ Cincinnati Bengals,2026-10-04T17:00:00Z,-118,-107
Trevor Lawrence,rush_yds,14.5,draftkings,Jacksonville Jaguars @ Cincinnati Bengals,2026-10-04T17:00:00Z,-110,-114
Joe Burrow,rush_yds,8.5,draftkings,Jacksonville Jaguars @ Cincinnati Bengals,2026-10-04T17:00:00Z,-113,-111
Chase Brown,anytime_td,0.5,fanduel,Jacksonville Jaguars @ Cincinnati Bengals,2026-10-04T17:00:00Z,-150,
Ja'Marr Chase,anytime_td,0.5,fanduel,Jacksonville Jaguars @ Cincinnati Bengals,2026-10-04T17:00:00Z,-120,
Bhayshul Tuten,anytime_td,0.5,fanduel,Jacksonville Jaguars @ Cincinnati Bengals,2026-10-04T17:00:00Z,100,
Tee Higgins,anytime_td,0.5,fanduel,Jacksonville Jaguars @ Cincinnati Bengals,2026-10-04T17:00:00Z,125,
Parker Washington,anytime_td,0.5,fanduel,Jacksonville Jaguars @ Cincinnati Bengals,2026-10-04T17:00:00Z,140,
Jakobi Meyers,anytime_td,0.5,fanduel,Jacksonville Jaguars @ Cincinnati Bengals,2026-10-04T17:00:00Z,240,
Brenton Strange,anytime_td,0.5,fanduel,Jacksonville Jaguars @ Cincinnati Bengals,2026-10-04T17:00:00Z,260,
Mike Gesicki,anytime_td,0.5,fanduel,Jacksonville Jaguars @ Cincinnati Bengals,2026-10-04T17:00:00Z,290,
Brian Thomas Jr,anytime_td,0.5,fanduel,Jacksonville Jaguars @ Cincinnati Bengals,2026-10-04T17:00:00Z,300,
Chris Rodriguez Jr.,anytime_td,0.5,fanduel,Jacksonville Jaguars @ Cincinnati Bengals,2026-10-04T17:00:00Z,300,
Trevor Lawrence,anytime_td,0.5,fanduel,Jacksonville Jaguars @ Cincinnati Bengals,2026-10-04T17:00:00Z,340,
Dohnte Meyers,anytime_td,0.5,fanduel,Jacksonville Jaguars @ Cincinnati Bengals,2026-10-04T17:00:00Z,430,
Samaje Perine,anytime_td,0.5,fanduel,Jacksonville Jaguars @ Cincinnati Bengals,2026-10-04T17:00:00Z,450,
Cincinnati Bengals Defense,anytime_td,0.5,fanduel,Jacksonville Jaguars @ Cincinnati Bengals,2026-10-04T17:00:00Z,500,
Drew Sample,anytime_td,0.5,fanduel,Jacksonville Jaguars @ Cincinnati Bengals,2026-10-04T17:00:00Z,650,
Josh Cameron,anytime_td,0.5,fanduel,Jacksonville Jaguars @ Cincinnati Bengals,2026-10-04T17:00:00Z,650,
Jacksonville Jaguars Defense,anytime_td,0.5,fanduel,Jacksonville Jaguars @ Cincinnati Bengals,2026-10-04T17:00:00Z,800,
Ameer Abdullah,anytime_td,0.5,fanduel,Jacksonville Jaguars @ Cincinnati Bengals,2026-10-04T17:00:00Z,800,
LeQuint Allen Jr.,anytime_td,0.5,fanduel,Jacksonville Jaguars @ Cincinnati Bengals,2026-10-04T17:00:00Z,800,
Nate Boerkircher,anytime_td,0.5,fanduel,Jacksonville Jaguars @ Cincinnati Bengals,2026-10-04T17:00:00Z,900,
Joe Burrow,anytime_td,0.5,fanduel,Jacksonville Jaguars @ Cincinnati Bengals,2026-10-04T17:00:00Z,1000,
Erick All,anytime_td,0.5,fanduel,Jacksonville Jaguars @ Cincinnati Bengals,2026-10-04T17:00:00Z,1000,
Jack Endries,anytime_td,0.5,fanduel,Jacksonville Jaguars @ Cincinnati Bengals,2026-10-04T17:00:00Z,1000,
Mitchell Tinsley,anytime_td,0.5,fanduel,Jacksonville Jaguars @ Cincinnati Bengals,2026-10-04T17:00:00Z,1000,
Tanner Hudson,anytime_td,0.5,fanduel,Jacksonville Jaguars @ Cincinnati Bengals,2026-10-04T17:00:00Z,1200,
Travis Hunter,anytime_td,0.5,fanduel,Jacksonville Jaguars @ Cincinnati Bengals,2026-10-04T17:00:00Z,1300,
Tanner Koziol,anytime_td,0.5,fanduel,Jacksonville Jaguars @ Cincinnati Bengals,2026-10-04T17:00:00Z,1300,
Quintin Morris,anytime_td,0.5,fanduel,Jacksonville Jaguars @ Cincinnati Bengals,2026-10-04T17:00:00Z,1300,
CJ Williams,anytime_td,0.5,fanduel,Jacksonville Jaguars @ Cincinnati Bengals,2026-10-04T17:00:00Z,1300,
Tahj Brooks,anytime_td,0.5,fanduel,Jacksonville Jaguars @ Cincinnati Bengals,2026-10-04T17:00:00Z,2000,
Trevor Lawrence,pass_yds,260.5,fanduel,Jacksonville Jaguars @ Cincinnati Bengals,2026-10-04T17:00:00Z,-113,-113
Joe Burrow,pass_yds,267.5,fanduel,Jacksonville Jaguars @ Cincinnati Bengals,2026-10-04T17:00:00Z,-113,-113
Ja'Marr Chase,rec_yds,81.5,fanduel,Jacksonville Jaguars @ Cincinnati Bengals,2026-10-04T17:00:00Z,-113,-113
Brenton Strange,rec_yds,37.5,fanduel,Jacksonville Jaguars @ Cincinnati Bengals,2026-10-04T17:00:00Z,-113,-113
Drew Sample,rec_yds,6.5,fanduel,Jacksonville Jaguars @ Cincinnati Bengals,2026-10-04T17:00:00Z,-113,-113
Parker Washington,rec_yds,73.5,fanduel,Jacksonville Jaguars @ Cincinnati Bengals,2026-10-04T17:00:00Z,-113,-113
Samaje Perine,rec_yds,8.5,fanduel,Jacksonville Jaguars @ Cincinnati Bengals,2026-10-04T17:00:00Z,-113,-113
Chase Brown,rec_yds,19.5,fanduel,Jacksonville Jaguars @ Cincinnati Bengals,2026-10-04T17:00:00Z,-113,-113
Tee Higgins,rec_yds,62.5,fanduel,Jacksonville Jaguars @ Cincinnati Bengals,2026-10-04T17:00:00Z,-113,-113
Josh Cameron,rec_yds,9.5,fanduel,Jacksonville Jaguars @ Cincinnati Bengals,2026-10-04T17:00:00Z,-113,-113
Mike Gesicki,rec_yds,27.5,fanduel,Jacksonville Jaguars @ Cincinnati Bengals,2026-10-04T17:00:00Z,-113,-113
Dohnte Meyers,rec_yds,19.5,fanduel,Jacksonville Jaguars @ Cincinnati Bengals,2026-10-04T17:00:00Z,-113,-113
Brian Thomas Jr,rec_yds,26.5,fanduel,Jacksonville Jaguars @ Cincinnati Bengals,2026-10-04T17:00:00Z,-113,-113
Jakobi Meyers,rec_yds,39.5,fanduel,Jacksonville Jaguars @ Cincinnati Bengals,2026-10-04T17:00:00Z,-113,-113
Bhayshul Tuten,rec_yds,10.5,fanduel,Jacksonville Jaguars @ Cincinnati Bengals,2026-10-04T17:00:00Z,-113,-113
Travis Hunter,rec_yds,4.5,fanduel,Jacksonville Jaguars @ Cincinnati Bengals,2026-10-04T17:00:00Z,154,-200
Ja'Marr Chase,receptions,7.5,fanduel,Jacksonville Jaguars @ Cincinnati Bengals,2026-10-04T17:00:00Z,120,-160
Parker Washington,receptions,5.5,fanduel,Jacksonville Jaguars @ Cincinnati Bengals,2026-10-04T17:00:00Z,106,-140
Chase Brown,receptions,3.5,fanduel,Jacksonville Jaguars @ Cincinnati Bengals,2026-10-04T17:00:00Z,110,-146
Tee Higgins,receptions,4.5,fanduel,Jacksonville Jaguars @ Cincinnati Bengals,2026-10-04T17:00:00Z,-102,-130
Bhayshul Tuten,receptions,1.5,fanduel,Jacksonville Jaguars @ Cincinnati Bengals,2026-10-04T17:00:00Z,-144,108
Josh Cameron,receptions,1.5,fanduel,Jacksonville Jaguars @ Cincinnati Bengals,2026-10-04T17:00:00Z,162,-220
Samaje Perine,receptions,1.5,fanduel,Jacksonville Jaguars @ Cincinnati Bengals,2026-10-04T17:00:00Z,-102,-130
Mike Gesicki,receptions,2.5,fanduel,Jacksonville Jaguars @ Cincinnati Bengals,2026-10-04T17:00:00Z,-130,-102
Dohnte Meyers,receptions,2.5,fanduel,Jacksonville Jaguars @ Cincinnati Bengals,2026-10-04T17:00:00Z,144,-194
Brian Thomas Jr,receptions,2.5,fanduel,Jacksonville Jaguars @ Cincinnati Bengals,2026-10-04T17:00:00Z,120,-160
Jakobi Meyers,receptions,3.5,fanduel,Jacksonville Jaguars @ Cincinnati Bengals,2026-10-04T17:00:00Z,-122,-108
Brenton Strange,receptions,3.5,fanduel,Jacksonville Jaguars @ Cincinnati Bengals,2026-10-04T17:00:00Z,102,-136
Drew Sample,receptions,1.5,fanduel,Jacksonville Jaguars @ Cincinnati Bengals,2026-10-04T17:00:00Z,124,-166
Trevor Lawrence,rush_yds,14.5,fanduel,Jacksonville Jaguars @ Cincinnati Bengals,2026-10-04T17:00:00Z,-113,-113
Joe Burrow,rush_yds,8.5,fanduel,Jacksonville Jaguars @ Cincinnati Bengals,2026-10-04T17:00:00Z,-113,-113
Bhayshul Tuten,rush_yds,55.5,fanduel,Jacksonville Jaguars @ Cincinnati Bengals,2026-10-04T17:00:00Z,-113,-113
Chase Brown,rush_yds,60.5,fanduel,Jacksonville Jaguars @ Cincinnati Bengals,2026-10-04T17:00:00Z,-113,-113
Chris Rodriguez Jr.,rush_yds,20.5,fanduel,Jacksonville Jaguars @ Cincinnati Bengals,2026-10-04T17:00:00Z,-113,-113
Samaje Perine,rush_yds,13.5,fanduel,Jacksonville Jaguars @ Cincinnati Bengals,2026-10-04T17:00:00Z,-113,-113
Josh Cameron,anytime_td,0.5,betmgm,Jacksonville Jaguars @ Cincinnati Bengals,2026-10-04T17:00:00Z,700,
Jacksonville Jaguars D/ST,anytime_td,0.5,betmgm,Jacksonville Jaguars @ Cincinnati Bengals,2026-10-04T17:00:00Z,650,
Cincinnati Bengals D/ST,anytime_td,0.5,betmgm,Jacksonville Jaguars @ Cincinnati Bengals,2026-10-04T17:00:00Z,500,
Drew Sample,anytime_td,0.5,betmgm,Jacksonville Jaguars @ Cincinnati Bengals,2026-10-04T17:00:00Z,775,
Brenton Strange,anytime_td,0.5,betmgm,Jacksonville Jaguars @ Cincinnati Bengals,2026-10-04T17:00:00Z,250,
Jakobi Meyers,anytime_td,0.5,betmgm,Jacksonville Jaguars @ Cincinnati Bengals,2026-10-04T17:00:00Z,250,
LeQuint Allen Jr.,anytime_td,0.5,betmgm,Jacksonville Jaguars @ Cincinnati Bengals,2026-10-04T17:00:00Z,1000,
Chase Brown,anytime_td,0.5,betmgm,Jacksonville Jaguars @ Cincinnati Bengals,2026-10-04T17:00:00Z,-150,
Ja'Marr Chase,anytime_td,0.5,betmgm,Jacksonville Jaguars @ Cincinnati Bengals,2026-10-04T17:00:00Z,-105,
Dohnte Meyers,anytime_td,0.5,betmgm,Jacksonville Jaguars @ Cincinnati Bengals,2026-10-04T17:00:00Z,390,
Quintin Morris,anytime_td,0.5,betmgm,Jacksonville Jaguars @ Cincinnati Bengals,2026-10-04T17:00:00Z,1200,
Tanner Hudson,anytime_td,0.5,betmgm,Jacksonville Jaguars @ Cincinnati Bengals,2026-10-04T17:00:00Z,950,
Tahj Brooks,anytime_td,0.5,betmgm,Jacksonville Jaguars @ Cincinnati Bengals,2026-10-04T17:00:00Z,2000,
Nate Boerkircher,anytime_td,0.5,betmgm,Jacksonville Jaguars @ Cincinnati Bengals,2026-10-04T17:00:00Z,1050,
Tee Higgins,anytime_td,0.5,betmgm,Jacksonville Jaguars @ Cincinnati Bengals,2026-10-04T17:00:00Z,140,
Ameer Abdullah,anytime_td,0.5,betmgm,Jacksonville Jaguars @ Cincinnati Bengals,2026-10-04T17:00:00Z,1250,
Joe Burrow,anytime_td,0.5,betmgm,Jacksonville Jaguars @ Cincinnati Bengals,2026-10-04T17:00:00Z,650,
Bhayshul Tuten,anytime_td,0.5,betmgm,Jacksonville Jaguars @ Cincinnati Bengals,2026-10-04T17:00:00Z,100,
Travis Hunter,anytime_td,0.5,betmgm,Jacksonville Jaguars @ Cincinnati Bengals,2026-10-04T17:00:00Z,1150,
Mike Gesicki,anytime_td,0.5,betmgm,Jacksonville Jaguars @ Cincinnati Bengals,2026-10-04T17:00:00Z,310,
Trevor Lawrence,anytime_td,0.5,betmgm,Jacksonville Jaguars @ Cincinnati Bengals,2026-10-04T17:00:00Z,350,
Samaje Perine,anytime_td,0.5,betmgm,Jacksonville Jaguars @ Cincinnati Bengals,2026-10-04T17:00:00Z,280,
Ke'Shawn Williams,anytime_td,0.5,betmgm,Jacksonville Jaguars @ Cincinnati Bengals,2026-10-04T17:00:00Z,1550,
Parker Washington,anytime_td,0.5,betmgm,Jacksonville Jaguars @ Cincinnati Bengals,2026-10-04T17:00:00Z,125,
Erick All,anytime_td,0.5,betmgm,Jacksonville Jaguars @ Cincinnati Bengals,2026-10-04T17:00:00Z,1200,
Chris Rodriguez Jr.,anytime_td,0.5,betmgm,Jacksonville Jaguars @ Cincinnati Bengals,2026-10-04T17:00:00Z,230,
Brian Thomas Jr,anytime_td,0.5,betmgm,Jacksonville Jaguars @ Cincinnati Bengals,2026-10-04T17:00:00Z,320,
Mitchell Tinsley,anytime_td,0.5,betmgm,Jacksonville Jaguars @ Cincinnati Bengals,2026-10-04T17:00:00Z,1050,
Trevor Lawrence,pass_yds,261.5,betmgm,Jacksonville Jaguars @ Cincinnati Bengals,2026-10-04T17:00:00Z,-115,-115
Joe Burrow,pass_yds,270.5,betmgm,Jacksonville Jaguars @ Cincinnati Bengals,2026-10-04T17:00:00Z,-115,-115
Tee Higgins,rec_yds,61.5,betmgm,Jacksonville Jaguars @ Cincinnati Bengals,2026-10-04T17:00:00Z,-115,-115
Mike Gesicki,rec_yds,27.5,betmgm,Jacksonville Jaguars @ Cincinnati Bengals,2026-10-04T17:00:00Z,-115,-115
Jakobi Meyers,rec_yds,40.5,betmgm,Jacksonville Jaguars @ Cincinnati Bengals,2026-10-04T17:00:00Z,-115,-115
Brian Thomas Jr,rec_yds,27.5,betmgm,Jacksonville Jaguars @ Cincinnati Bengals,2026-10-04T17:00:00Z,-115,-115
Dohnte Meyers,rec_yds,19.5,betmgm,Jacksonville Jaguars @ Cincinnati Bengals,2026-10-04T17:00:00Z,-115,-115
Brenton Strange,rec_yds,36.5,betmgm,Jacksonville Jaguars @ Cincinnati Bengals,2026-10-04T17:00:00Z,-115,-115
Parker Washington,rec_yds,77.5,betmgm,Jacksonville Jaguars @ Cincinnati Bengals,2026-10-04T17:00:00Z,-115,-115
Samaje Perine,rec_yds,8.5,betmgm,Jacksonville Jaguars @ Cincinnati Bengals,2026-10-04T17:00:00Z,-111,-120
Drew Sample,rec_yds,6.5,betmgm,Jacksonville Jaguars @ Cincinnati Bengals,2026-10-04T17:00:00Z,-110,-120
Josh Cameron,rec_yds,9.5,betmgm,Jacksonville Jaguars @ Cincinnati Bengals,2026-10-04T17:00:00Z,-115,-115
Bhayshul Tuten,rec_yds,11.5,betmgm,Jacksonville Jaguars @ Cincinnati Bengals,2026-10-04T17:00:00Z,-115,-115
Chase Brown,rec_yds,19.5,betmgm,Jacksonville Jaguars @ Cincinnati Bengals,2026-10-04T17:00:00Z,-115,-115
Ja'Marr Chase,rec_yds,82.5,betmgm,Jacksonville Jaguars @ Cincinnati Bengals,2026-10-04T17:00:00Z,-115,-115
Brenton Strange,receptions,3.5,betmgm,Jacksonville Jaguars @ Cincinnati Bengals,2026-10-04T17:00:00Z,-110,-120
Mike Gesicki,receptions,2.5,betmgm,Jacksonville Jaguars @ Cincinnati Bengals,2026-10-04T17:00:00Z,-140,105
Brian Thomas Jr,receptions,2.5,betmgm,Jacksonville Jaguars @ Cincinnati Bengals,2026-10-04T17:00:00Z,120,-160
Jakobi Meyers,receptions,3.5,betmgm,Jacksonville Jaguars @ Cincinnati Bengals,2026-10-04T17:00:00Z,-130,-105
Chase Brown,receptions,3.5,betmgm,Jacksonville Jaguars @ Cincinnati Bengals,2026-10-04T17:00:00Z,120,-160
Bhayshul Tuten,receptions,1.5,betmgm,Jacksonville Jaguars @ Cincinnati Bengals,2026-10-04T17:00:00Z,-155,115
Parker Washington,receptions,5.5,betmgm,Jacksonville Jaguars @ Cincinnati Bengals,2026-10-04T17:00:00Z,100,-135
Drew Sample,receptions,1.5,betmgm,Jacksonville Jaguars @ Cincinnati Bengals,2026-10-04T17:00:00Z,135,-185
Tee Higgins,receptions,4.5,betmgm,Jacksonville Jaguars @ Cincinnati Bengals,2026-10-04T17:00:00Z,-115,-115
Dohnte Meyers,receptions,2.5,betmgm,Jacksonville Jaguars @ Cincinnati Bengals,2026-10-04T17:00:00Z,135,-185
Ja'Marr Chase,receptions,7.5,betmgm,Jacksonville Jaguars @ Cincinnati Bengals,2026-10-04T17:00:00Z,110,-150
Samaje Perine,receptions,1.5,betmgm,Jacksonville Jaguars @ Cincinnati Bengals,2026-10-04T17:00:00Z,100,-135
Samaje Perine,rush_yds,12.5,betmgm,Jacksonville Jaguars @ Cincinnati Bengals,2026-10-04T17:00:00Z,-125,-105
Chase Brown,rush_yds,62.5,betmgm,Jacksonville Jaguars @ Cincinnati Bengals,2026-10-04T17:00:00Z,-105,-125
Trevor Lawrence,rush_yds,14.5,betmgm,Jacksonville Jaguars @ Cincinnati Bengals,2026-10-04T17:00:00Z,-115,-115
Joe Burrow,rush_yds,6.5,betmgm,Jacksonville Jaguars @ Cincinnati Bengals,2026-10-04T17:00:00Z,-125,-105
Chris Rodriguez Jr.,rush_yds,19.5,betmgm,Jacksonville Jaguars @ Cincinnati Bengals,2026-10-04T17:00:00Z,-115,-115
Bhayshul Tuten,rush_yds,52.5,betmgm,Jacksonville Jaguars @ Cincinnati Bengals,2026-10-04T17:00:00Z,-135,100
David Montgomery,anytime_td,0.5,draftkings,Dallas Cowboys @ Houston Texans,2026-10-04T17:00:00Z,-150,
Javonte Williams,anytime_td,0.5,draftkings,Dallas Cowboys @ Houston Texans,2026-10-04T17:00:00Z,-130,
CeeDee Lamb,anytime_td,0.5,draftkings,Dallas Cowboys @ Houston Texans,2026-10-04T17:00:00Z,135,
Nico Collins,anytime_td,0.5,draftkings,Dallas Cowboys @ Houston Texans,2026-10-04T17:00:00Z,145,
George Pickens,anytime_td,0.5,draftkings,Dallas Cowboys @ Houston Texans,2026-10-04T17:00:00Z,170,
Woody Marks,anytime_td,0.5,draftkings,Dallas Cowboys @ Houston Texans,2026-10-04T17:00:00Z,190,
Dalton Schultz,anytime_td,0.5,draftkings,Dallas Cowboys @ Houston Texans,2026-10-04T17:00:00Z,235,
Jake Ferguson,anytime_td,0.5,draftkings,Dallas Cowboys @ Houston Texans,2026-10-04T17:00:00Z,300,
Ryan Flournoy,anytime_td,0.5,draftkings,Dallas Cowboys @ Houston Texans,2026-10-04T17:00:00Z,330,
Kayshon Boutte,anytime_td,0.5,draftkings,Dallas Cowboys @ Houston Texans,2026-10-04T17:00:00Z,370,
Xavier Hutchinson,anytime_td,0.5,draftkings,Dallas Cowboys @ Houston Texans,2026-10-04T17:00:00Z,400,
Houston Texans D/ST,anytime_td,0.5,draftkings,Dallas Cowboys @ Houston Texans,2026-10-04T17:00:00Z,500,
C.J. Stroud,anytime_td,0.5,draftkings,Dallas Cowboys @ Houston Texans,2026-10-04T17:00:00Z,550,
Dallas Cowboys D/ST,anytime_td,0.5,draftkings,Dallas Cowboys @ Houston Texans,2026-10-04T17:00:00Z,550,
Jaylin Noel,anytime_td,0.5,draftkings,Dallas Cowboys @ Houston Texans,2026-10-04T17:00:00Z,650,
Dak Prescott,anytime_td,0.5,draftkings,Dallas Cowboys @ Houston Texans,2026-10-04T17:00:00Z,700,
Foster Moreau,anytime_td,0.5,draftkings,Dallas Cowboys @ Houston Texans,2026-10-04T17:00:00Z,800,
Tyler Goodson,anytime_td,0.5,draftkings,Dallas Cowboys @ Houston Texans,2026-10-04T17:00:00Z,950,
Jared Wayne,anytime_td,0.5,draftkings,Dallas Cowboys @ Houston Texans,2026-10-04T17:00:00Z,1000,
KaVontae Turpin,anytime_td,0.5,draftkings,Dallas Cowboys @ Houston Texans,2026-10-04T17:00:00Z,1000,
Brevyn Spann-Ford,anytime_td,0.5,draftkings,Dallas Cowboys @ Houston Texans,2026-10-04T17:00:00Z,1100,
Luke Schoonmaker,anytime_td,0.5,draftkings,Dallas Cowboys @ Houston Texans,2026-10-04T17:00:00Z,1200,
Hunter Luepke,anytime_td,0.5,draftkings,Dallas Cowboys @ Houston Texans,2026-10-04T17:00:00Z,1300,
Emari Demercado,anytime_td,0.5,draftkings,Dallas Cowboys @ Houston Texans,2026-10-04T17:00:00Z,1300,
Cade Stover,anytime_td,0.5,draftkings,Dallas Cowboys @ Houston Texans,2026-10-04T17:00:00Z,1400,
Dare Ogunbowale,anytime_td,0.5,draftkings,Dallas Cowboys @ Houston Texans,2026-10-04T17:00:00Z,1600,
Marlin Klein,anytime_td,0.5,draftkings,Dallas Cowboys @ Houston Texans,2026-10-04T17:00:00Z,2500,
Jonathan Mingo,anytime_td,0.5,draftkings,Dallas Cowboys @ Houston Texans,2026-10-04T17:00:00Z,2500,
Camden Brown,anytime_td,0.5,draftkings,Dallas Cowboys @ Houston Texans,2026-10-04T17:00:00Z,2500,
Brevin Jordan,anytime_td,0.5,draftkings,Dallas Cowboys @ Houston Texans,2026-10-04T17:00:00Z,2500,
Dak Prescott,pass_yds,270.5,draftkings,Dallas Cowboys @ Houston Texans,2026-10-04T17:00:00Z,-111,-113
C.J. Stroud,pass_yds,246.5,draftkings,Dallas Cowboys @ Houston Texans,2026-10-04T17:00:00Z,-113,-111
CeeDee Lamb,rec_yds,77.5,draftkings,Dallas Cowboys @ Houston Texans,2026-10-04T17:00:00Z,-110,-114
Nico Collins,rec_yds,74.5,draftkings,Dallas Cowboys @ Houston Texans,2026-10-04T17:00:00Z,-110,-114
George Pickens,rec_yds,68.5,draftkings,Dallas Cowboys @ Houston Texans,2026-10-04T17:00:00Z,-111,-113
Dalton Schultz,rec_yds,40.5,draftkings,Dallas Cowboys @ Houston Texans,2026-10-04T17:00:00Z,-113,-111
Ryan Flournoy,rec_yds,33.5,draftkings,Dallas Cowboys @ Houston Texans,2026-10-04T17:00:00Z,-112,-112
Xavier Hutchinson,rec_yds,27.5,draftkings,Dallas Cowboys @ Houston Texans,2026-10-04T17:00:00Z,-114,-110
Jake Ferguson,rec_yds,24.5,draftkings,Dallas Cowboys @ Houston Texans,2026-10-04T17:00:00Z,-110,-114
Kayshon Boutte,rec_yds,23.5,draftkings,Dallas Cowboys @ Houston Texans,2026-10-04T17:00:00Z,-109,-115
Javonte Williams,rec_yds,12.5,draftkings,Dallas Cowboys @ Houston Texans,2026-10-04T17:00:00Z,-117,-107
Jaylin Noel,rec_yds,12.5,draftkings,Dallas Cowboys @ Houston Texans,2026-10-04T17:00:00Z,-107,-117
David Montgomery,rec_yds,11.5,draftkings,Dallas Cowboys @ Houston Texans,2026-10-04T17:00:00Z,-107,-117
Woody Marks,rec_yds,10.5,draftkings,Dallas Cowboys @ Houston Texans,2026-10-04T17:00:00Z,-115,-109
Foster Moreau,rec_yds,7.5,draftkings,Dallas Cowboys @ Houston Texans,2026-10-04T17:00:00Z,-108,-116
CeeDee Lamb,receptions,5.5,draftkings,Dallas Cowboys @ Houston Texans,2026-10-04T17:00:00Z,-147,115
Nico Collins,receptions,5.5,draftkings,Dallas Cowboys @ Houston Texans,2026-10-04T17:00:00Z,-110,-116
George Pickens,receptions,4.5,draftkings,Dallas Cowboys @ Houston Texans,2026-10-04T17:00:00Z,-144,113
Dalton Schultz,receptions,4.5,draftkings,Dallas Cowboys @ Houston Texans,2026-10-04T17:00:00Z,-105,-121
Jake Ferguson,receptions,3.5,draftkings,Dallas Cowboys @ Houston Texans,2026-10-04T17:00:00Z,-108,-118
Ryan Flournoy,receptions,3.5,draftkings,Dallas Cowboys @ Houston Texans,2026-10-04T17:00:00Z,-107,-119
Xavier Hutchinson,receptions,2.5,draftkings,Dallas Cowboys @ Houston Texans,2026-10-04T17:00:00Z,-119,-107
Javonte Williams,receptions,2.5,draftkings,Dallas Cowboys @ Houston Texans,2026-10-04T17:00:00Z,-118,-108
Kayshon Boutte,receptions,2.5,draftkings,Dallas Cowboys @ Houston Texans,2026-10-04T17:00:00Z,143,-183
Woody Marks,receptions,1.5,draftkings,Dallas Cowboys @ Houston Texans,2026-10-04T17:00:00Z,-148,116
David Montgomery,receptions,1.5,draftkings,Dallas Cowboys @ Houston Texans,2026-10-04T17:00:00Z,-131,103
Jaylin Noel,receptions,1.5,draftkings,Dallas Cowboys @ Houston Texans,2026-10-04T17:00:00Z,151,-194
Foster Moreau,receptions,1.5,draftkings,Dallas Cowboys @ Houston Texans,2026-10-04T17:00:00Z,168,-217
Javonte Williams,rush_yds,59.5,draftkings,Dallas Cowboys @ Houston Texans,2026-10-04T17:00:00Z,-109,-115
David Montgomery,rush_yds,44.5,draftkings,Dallas Cowboys @ Houston Texans,2026-10-04T17:00:00Z,-112,-112
Woody Marks,rush_yds,34.5,draftkings,Dallas Cowboys @ Houston Texans,2026-10-04T17:00:00Z,-109,-115
C.J. Stroud,rush_yds,11.5,draftkings,Dallas Cowboys @ Houston Texans,2026-10-04T17:00:00Z,-111,-113
Dak Prescott,rush_yds,11.5,draftkings,Dallas Cowboys @ Houston Texans,2026-10-04T17:00:00Z,-106,-119
Javonte Williams,anytime_td,0.5,fanduel,Dallas Cowboys @ Houston Texans,2026-10-04T17:00:00Z,-135,
David Montgomery,anytime_td,0.5,fanduel,Dallas Cowboys @ Houston Texans,2026-10-04T17:00:00Z,-125,
CeeDee Lamb,anytime_td,0.5,fanduel,Dallas Cowboys @ Houston Texans,2026-10-04T17:00:00Z,130,
Nico Collins,anytime_td,0.5,fanduel,Dallas Cowboys @ Houston Texans,2026-10-04T17:00:00Z,135,
George Pickens,anytime_td,0.5,fanduel,Dallas Cowboys @ Houston Texans,2026-10-04T17:00:00Z,170,
Dalton Schultz,anytime_td,0.5,fanduel,Dallas Cowboys @ Houston Texans,2026-10-04T17:00:00Z,200,
Woody Marks,anytime_td,0.5,fanduel,Dallas Cowboys @ Houston Texans,2026-10-04T17:00:00Z,220,
Jake Ferguson,anytime_td,0.5,fanduel,Dallas Cowboys @ Houston Texans,2026-10-04T17:00:00Z,320,
Kayshon Boutte,anytime_td,0.5,fanduel,Dallas Cowboys @ Houston Texans,2026-10-04T17:00:00Z,330,
Xavier Hutchinson,anytime_td,0.5,fanduel,Dallas Cowboys @ Houston Texans,2026-10-04T17:00:00Z,340,
Ryan Flournoy,anytime_td,0.5,fanduel,Dallas Cowboys @ Houston Texans,2026-10-04T17:00:00Z,360,
C.J. Stroud,anytime_td,0.5,fanduel,Dallas Cowboys @ Houston Texans,2026-10-04T17:00:00Z,600,
Jaylin Noel,anytime_td,0.5,fanduel,Dallas Cowboys @ Houston Texans,2026-10-04T17:00:00Z,650,
Houston Texans Defense,anytime_td,0.5,fanduel,Dallas Cowboys @ Houston Texans,2026-10-04T17:00:00Z,700,
Dak Prescott,anytime_td,0.5,fanduel,Dallas Cowboys @ Houston Texans,2026-10-04T17:00:00Z,700,
Dallas Cowboys Defense,anytime_td,0.5,fanduel,Dallas Cowboys @ Houston Texans,2026-10-04T17:00:00Z,750,
Foster Moreau,anytime_td,0.5,fanduel,Dallas Cowboys @ Houston Texans,2026-10-04T17:00:00Z,750,
Jared Wayne,anytime_td,0.5,fanduel,Dallas Cowboys @ Houston Texans,2026-10-04T17:00:00Z,900,
KaVontae Turpin,anytime_td,0.5,fanduel,Dallas Cowboys @ Houston Texans,2026-10-04T17:00:00Z,950,
Tyler Goodson,anytime_td,0.5,fanduel,Dallas Cowboys @ Houston Texans,2026-10-04T17:00:00Z,1000,
Emari Demercado,anytime_td,0.5,fanduel,Dallas Cowboys @ Houston Texans,2026-10-04T17:00:00Z,1000,
Brevyn Spann-Ford,anytime_td,0.5,fanduel,Dallas Cowboys @ Houston Texans,2026-10-04T17:00:00Z,1100,
Hunter Luepke,anytime_td,0.5,fanduel,Dallas Cowboys @ Houston Texans,2026-10-04T17:00:00Z,1100,
Cade Stover,anytime_td,0.5,fanduel,Dallas Cowboys @ Houston Texans,2026-10-04T17:00:00Z,1500,
Luke Schoonmaker,anytime_td,0.5,fanduel,Dallas Cowboys @ Houston Texans,2026-10-04T17:00:00Z,1500,
Dare Ogunbowale,anytime_td,0.5,fanduel,Dallas Cowboys @ Houston Texans,2026-10-04T17:00:00Z,1500,
Marlin Klein,anytime_td,0.5,fanduel,Dallas Cowboys @ Houston Texans,2026-10-04T17:00:00Z,2700,
Camden Brown,anytime_td,0.5,fanduel,Dallas Cowboys @ Houston Texans,2026-10-04T17:00:00Z,2700,
Brevin Jordan,anytime_td,0.5,fanduel,Dallas Cowboys @ Houston Texans,2026-10-04T17:00:00Z,2700,
Jonathan Mingo,anytime_td,0.5,fanduel,Dallas Cowboys @ Houston Texans,2026-10-04T17:00:00Z,2700,
C.J. Stroud,pass_yds,244.5,fanduel,Dallas Cowboys @ Houston Texans,2026-10-04T17:00:00Z,-113,-113
Dak Prescott,pass_yds,266.5,fanduel,Dallas Cowboys @ Houston Texans,2026-10-04T17:00:00Z,-113,-113
Jaylin Noel,rec_yds,11.5,fanduel,Dallas Cowboys @ Houston Texans,2026-10-04T17:00:00Z,-113,-113
Ryan Flournoy,rec_yds,33.5,fanduel,Dallas Cowboys @ Houston Texans,2026-10-04T17:00:00Z,-113,-113
George Pickens,rec_yds,68.5,fanduel,Dallas Cowboys @ Houston Texans,2026-10-04T17:00:00Z,-113,-113
Woody Marks,rec_yds,9.5,fanduel,Dallas Cowboys @ Houston Texans,2026-10-04T17:00:00Z,-113,-113
Javonte Williams,rec_yds,13.5,fanduel,Dallas Cowboys @ Houston Texans,2026-10-04T17:00:00Z,-113,-113
David Montgomery,rec_yds,10.5,fanduel,Dallas Cowboys @ Houston Texans,2026-10-04T17:00:00Z,-113,-113
Nico Collins,rec_yds,72.5,fanduel,Dallas Cowboys @ Houston Texans,2026-10-04T17:00:00Z,-113,-113
Foster Moreau,rec_yds,6.5,fanduel,Dallas Cowboys @ Houston Texans,2026-10-04T17:00:00Z,-113,-113
Xavier Hutchinson,rec_yds,27.5,fanduel,Dallas Cowboys @ Houston Texans,2026-10-04T17:00:00Z,-113,-113
Jake Ferguson,rec_yds,23.5,fanduel,Dallas Cowboys @ Houston Texans,2026-10-04T17:00:00Z,-113,-113
CeeDee Lamb,rec_yds,76.5,fanduel,Dallas Cowboys @ Houston Texans,2026-10-04T17:00:00Z,-113,-113
Dalton Schultz,rec_yds,40.5,fanduel,Dallas Cowboys @ Houston Texans,2026-10-04T17:00:00Z,-113,-113
Kayshon Boutte,rec_yds,23.5,fanduel,Dallas Cowboys @ Houston Texans,2026-10-04T17:00:00Z,-113,-113
Dalton Schultz,receptions,4.5,fanduel,Dallas Cowboys @ Houston Texans,2026-10-04T17:00:00Z,-110,-120
Jake Ferguson,receptions,3.5,fanduel,Dallas Cowboys @ Houston Texans,2026-10-04T17:00:00Z,100,-132
Nico Collins,receptions,5.5,fanduel,Dallas Cowboys @ Houston Texans,2026-10-04T17:00:00Z,102,-136
Woody Marks,receptions,1.5,fanduel,Dallas Cowboys @ Houston Texans,2026-10-04T17:00:00Z,-130,-102
George Pickens,receptions,4.5,fanduel,Dallas Cowboys @ Houston Texans,2026-10-04T17:00:00Z,-144,108
Ryan Flournoy,receptions,3.5,fanduel,Dallas Cowboys @ Houston Texans,2026-10-04T17:00:00Z,102,-136
Xavier Hutchinson,receptions,2.5,fanduel,Dallas Cowboys @ Houston Texans,2026-10-04T17:00:00Z,-130,-102
Jaylin Noel,receptions,1.5,fanduel,Dallas Cowboys @ Houston Texans,2026-10-04T17:00:00Z,148,-200
David Montgomery,receptions,1.5,fanduel,Dallas Cowboys @ Houston Texans,2026-10-04T17:00:00Z,-128,-104
CeeDee Lamb,receptions,5.5,fanduel,Dallas Cowboys @ Houston Texans,2026-10-04T17:00:00Z,-130,-102
Kayshon Boutte,receptions,2.5,fanduel,Dallas Cowboys @ Houston Texans,2026-10-04T17:00:00Z,154,-210
Foster Moreau,receptions,1.5,fanduel,Dallas Cowboys @ Houston Texans,2026-10-04T17:00:00Z,154,-210
Javonte Williams,receptions,2.5,fanduel,Dallas Cowboys @ Houston Texans,2026-10-04T17:00:00Z,-130,-102
David Montgomery,rush_yds,44.5,fanduel,Dallas Cowboys @ Houston Texans,2026-10-04T17:00:00Z,-113,-113
Woody Marks,rush_yds,33.5,fanduel,Dallas Cowboys @ Houston Texans,2026-10-04T17:00:00Z,-113,-113
C.J. Stroud,rush_yds,11.5,fanduel,Dallas Cowboys @ Houston Texans,2026-10-04T17:00:00Z,-113,-113
Javonte Williams,rush_yds,59.5,fanduel,Dallas Cowboys @ Houston Texans,2026-10-04T17:00:00Z,-113,-113
Dak Prescott,rush_yds,9.5,fanduel,Dallas Cowboys @ Houston Texans,2026-10-04T17:00:00Z,-113,-113
Woody Marks,anytime_td,0.5,betmgm,Dallas Cowboys @ Houston Texans,2026-10-04T17:00:00Z,220,
CeeDee Lamb,anytime_td,0.5,betmgm,Dallas Cowboys @ Houston Texans,2026-10-04T17:00:00Z,130,
Kayshon Boutte,anytime_td,0.5,betmgm,Dallas Cowboys @ Houston Texans,2026-10-04T17:00:00Z,390,
Dallas Cowboys D/ST,anytime_td,0.5,betmgm,Dallas Cowboys @ Houston Texans,2026-10-04T17:00:00Z,600,
George Pickens,anytime_td,0.5,betmgm,Dallas Cowboys @ Houston Texans,2026-10-04T17:00:00Z,160,
Ryan Flournoy,anytime_td,0.5,betmgm,Dallas Cowboys @ Houston Texans,2026-10-04T17:00:00Z,325,
Houston Texans D/ST,anytime_td,0.5,betmgm,Dallas Cowboys @ Houston Texans,2026-10-04T17:00:00Z,450,
KaVontae Turpin,anytime_td,0.5,betmgm,Dallas Cowboys @ Houston Texans,2026-10-04T17:00:00Z,1150,
Foster Moreau,anytime_td,0.5,betmgm,Dallas Cowboys @ Houston Texans,2026-10-04T17:00:00Z,700,
Javonte Williams,anytime_td,0.5,betmgm,Dallas Cowboys @ Houston Texans,2026-10-04T17:00:00Z,-125,
Dak Prescott,anytime_td,0.5,betmgm,Dallas Cowboys @ Houston Texans,2026-10-04T17:00:00Z,600,
Nico Collins,anytime_td,0.5,betmgm,Dallas Cowboys @ Houston Texans,2026-10-04T17:00:00Z,135,
Tyler Goodson,anytime_td,0.5,betmgm,Dallas Cowboys @ Houston Texans,2026-10-04T17:00:00Z,650,
C.J. Stroud,anytime_td,0.5,betmgm,Dallas Cowboys @ Houston Texans,2026-10-04T17:00:00Z,475,
Luke Schoonmaker,anytime_td,0.5,betmgm,Dallas Cowboys @ Houston Texans,2026-10-04T17:00:00Z,1550,
David Montgomery,anytime_td,0.5,betmgm,Dallas Cowboys @ Houston Texans,2026-10-04T17:00:00Z,-135,
Hunter Luepke,anytime_td,0.5,betmgm,Dallas Cowboys @ Houston Texans,2026-10-04T17:00:00Z,1200,
Jake Ferguson,anytime_td,0.5,betmgm,Dallas Cowboys @ Houston Texans,2026-10-04T17:00:00Z,310,
Xavier Hutchinson,anytime_td,0.5,betmgm,Dallas Cowboys @ Houston Texans,2026-10-04T17:00:00Z,350,
Jaylin Noel,anytime_td,0.5,betmgm,Dallas Cowboys @ Houston Texans,2026-10-04T17:00:00Z,475,
Dalton Schultz,anytime_td,0.5,betmgm,Dallas Cowboys @ Houston Texans,2026-10-04T17:00:00Z,210,
Brevyn Spann-Ford,anytime_td,0.5,betmgm,Dallas Cowboys @ Houston Texans,2026-10-04T17:00:00Z,950,
Cade Stover,anytime_td,0.5,betmgm,Dallas Cowboys @ Houston Texans,2026-10-04T17:00:00Z,1350,
Marlin Klein,anytime_td,0.5,betmgm,Dallas Cowboys @ Houston Texans,2026-10-04T17:00:00Z,2500,
Jonathan Mingo,anytime_td,0.5,betmgm,Dallas Cowboys @ Houston Texans,2026-10-04T17:00:00Z,2800,
Jared Wayne,anytime_td,0.5,betmgm,Dallas Cowboys @ Houston Texans,2026-10-04T17:00:00Z,1150,
Dak Prescott,pass_yds,262.5,betmgm,Dallas Cowboys @ Houston Texans,2026-10-04T17:00:00Z,-115,-115
C.J. Stroud,pass_yds,248.5,betmgm,Dallas Cowboys @ Houston Texans,2026-10-04T17:00:00Z,-115,-115
Ryan Flournoy,rec_yds,33.5,betmgm,Dallas Cowboys @ Houston Texans,2026-10-04T17:00:00Z,-115,-115
Jake Ferguson,rec_yds,25.5,betmgm,Dallas Cowboys @ Houston Texans,2026-10-04T17:00:00Z,-115,-115
Nico Collins,rec_yds,71.5,betmgm,Dallas Cowboys @ Houston Texans,2026-10-04T17:00:00Z,-115,-115
David Montgomery,rec_yds,10.5,betmgm,Dallas Cowboys @ Houston Texans,2026-10-04T17:00:00Z,-110,-120
CeeDee Lamb,rec_yds,77.5,betmgm,Dallas Cowboys @ Houston Texans,2026-10-04T17:00:00Z,-115,-115
Woody Marks,rec_yds,9.5,betmgm,Dallas Cowboys @ Houston Texans,2026-10-04T17:00:00Z,-120,-111
George Pickens,rec_yds,66.5,betmgm,Dallas Cowboys @ Houston Texans,2026-10-04T17:00:00Z,-115,-115
Dalton Schultz,rec_yds,41.5,betmgm,Dallas Cowboys @ Houston Texans,2026-10-04T17:00:00Z,-115,-115
Foster Moreau,rec_yds,8.5,betmgm,Dallas Cowboys @ Houston Texans,2026-10-04T17:00:00Z,-120,-110
Kayshon Boutte,rec_yds,24.5,betmgm,Dallas Cowboys @ Houston Texans,2026-10-04T17:00:00Z,-115,-115
Xavier Hutchinson,rec_yds,28.5,betmgm,Dallas Cowboys @ Houston Texans,2026-10-04T17:00:00Z,-111,-120
Javonte Williams,rec_yds,13.5,betmgm,Dallas Cowboys @ Houston Texans,2026-10-04T17:00:00Z,-120,-110
Jaylin Noel,rec_yds,10.5,betmgm,Dallas Cowboys @ Houston Texans,2026-10-04T17:00:00Z,-115,-115
Ryan Flournoy,receptions,3.5,betmgm,Dallas Cowboys @ Houston Texans,2026-10-04T17:00:00Z,-105,-125
George Pickens,receptions,5.5,betmgm,Dallas Cowboys @ Houston Texans,2026-10-04T17:00:00Z,130,-175
Woody Marks,receptions,1.5,betmgm,Dallas Cowboys @ Houston Texans,2026-10-04T17:00:00Z,-135,100
David Montgomery,receptions,1.5,betmgm,Dallas Cowboys @ Houston Texans,2026-10-04T17:00:00Z,-125,-105
Jake Ferguson,receptions,3.5,betmgm,Dallas Cowboys @ Houston Texans,2026-10-04T17:00:00Z,110,-150
Nico Collins,receptions,5.5,betmgm,Dallas Cowboys @ Houston Texans,2026-10-04T17:00:00Z,-105,-125
Javonte Williams,receptions,2.5,betmgm,Dallas Cowboys @ Houston Texans,2026-10-04T17:00:00Z,-120,-110
Dalton Schultz,receptions,4.5,betmgm,Dallas Cowboys @ Houston Texans,2026-10-04T17:00:00Z,110,-150
CeeDee Lamb,receptions,5.5,betmgm,Dallas Cowboys @ Houston Texans,2026-10-04T17:00:00Z,-155,115
Xavier Hutchinson,receptions,2.5,betmgm,Dallas Cowboys @ Houston Texans,2026-10-04T17:00:00Z,-115,-115
Kayshon Boutte,receptions,1.5,betmgm,Dallas Cowboys @ Houston Texans,2026-10-04T17:00:00Z,-175,130
Jaylin Noel,receptions,1.5,betmgm,Dallas Cowboys @ Houston Texans,2026-10-04T17:00:00Z,135,-185
Foster Moreau,receptions,1.5,betmgm,Dallas Cowboys @ Houston Texans,2026-10-04T17:00:00Z,180,-250
Dak Prescott,rush_yds,10.5,betmgm,Dallas Cowboys @ Houston Texans,2026-10-04T17:00:00Z,-115,-115
C.J. Stroud,rush_yds,11.5,betmgm,Dallas Cowboys @ Houston Texans,2026-10-04T17:00:00Z,-115,-115
Javonte Williams,rush_yds,56.5,betmgm,Dallas Cowboys @ Houston Texans,2026-10-04T17:00:00Z,-115,-115
David Montgomery,rush_yds,44.5,betmgm,Dallas Cowboys @ Houston Texans,2026-10-04T17:00:00Z,-111,-120
Woody Marks,rush_yds,34.5,betmgm,Dallas Cowboys @ Houston Texans,2026-10-04T17:00:00Z,-111,-120
Bucky Irving,anytime_td,0.5,draftkings,Green Bay Packers @ Tampa Bay Buccaneers,2026-10-04T17:00:00Z,150,
Christian Watson,anytime_td,0.5,draftkings,Green Bay Packers @ Tampa Bay Buccaneers,2026-10-04T17:00:00Z,170,
Matthew Golden,anytime_td,0.5,draftkings,Green Bay Packers @ Tampa Bay Buccaneers,2026-10-04T17:00:00Z,210,
Tucker Kraft,anytime_td,0.5,draftkings,Green Bay Packers @ Tampa Bay Buccaneers,2026-10-04T17:00:00Z,235,
Kaleb Johnson,anytime_td,0.5,draftkings,Green Bay Packers @ Tampa Bay Buccaneers,2026-10-04T17:00:00Z,250,
Emeka Egbuka,anytime_td,0.5,draftkings,Green Bay Packers @ Tampa Bay Buccaneers,2026-10-04T17:00:00Z,300,
MarShawn Lloyd,anytime_td,0.5,draftkings,Green Bay Packers @ Tampa Bay Buccaneers,2026-10-04T17:00:00Z,300,
Jalon Daniels,anytime_td,0.5,draftkings,Green Bay Packers @ Tampa Bay Buccaneers,2026-10-04T17:00:00Z,360,
Tampa Bay Buccaneers D/ST,anytime_td,0.5,draftkings,Green Bay Packers @ Tampa Bay Buccaneers,2026-10-04T17:00:00Z,475,
Chris Godwin,anytime_td,0.5,draftkings,Green Bay Packers @ Tampa Bay Buccaneers,2026-10-04T17:00:00Z,500,
Ted Hurst III,anytime_td,0.5,draftkings,Green Bay Packers @ Tampa Bay Buccaneers,2026-10-04T17:00:00Z,500,
Skyy Moore,anytime_td,0.5,draftkings,Green Bay Packers @ Tampa Bay Buccaneers,2026-10-04T17:00:00Z,500,
Green Bay Packers D/ST,anytime_td,0.5,draftkings,Green Bay Packers @ Tampa Bay Buccaneers,2026-10-04T17:00:00Z,500,
Kenny Gainwell,anytime_td,0.5,draftkings,Green Bay Packers @ Tampa Bay Buccaneers,2026-10-04T17:00:00Z,550,
Cade Otton,anytime_td,0.5,draftkings,Green Bay Packers @ Tampa Bay Buccaneers,2026-10-04T17:00:00Z,550,
Chris Brooks,anytime_td,0.5,draftkings,Green Bay Packers @ Tampa Bay Buccaneers,2026-10-04T17:00:00Z,700,
Jonnu Smith,anytime_td,0.5,draftkings,Green Bay Packers @ Tampa Bay Buccaneers,2026-10-04T17:00:00Z,700,
Jordan Love,anytime_td,0.5,draftkings,Green Bay Packers @ Tampa Bay Buccaneers,2026-10-04T17:00:00Z,700,
Tez Johnson,anytime_td,0.5,draftkings,Green Bay Packers @ Tampa Bay Buccaneers,2026-10-04T17:00:00Z,750,
Sean Tucker,anytime_td,0.5,draftkings,Green Bay Packers @ Tampa Bay Buccaneers,2026-10-04T17:00:00Z,1200,
Bo Melton,anytime_td,0.5,draftkings,Green Bay Packers @ Tampa Bay Buccaneers,2026-10-04T17:00:00Z,1200,
J. Michael Sturdivant,anytime_td,0.5,draftkings,Green Bay Packers @ Tampa Bay Buccaneers,2026-10-04T17:00:00Z,1300,
Kameron Johnson,anytime_td,0.5,draftkings,Green Bay Packers @ Tampa Bay Buccaneers,2026-10-04T17:00:00Z,1900,
Mark Redman,anytime_td,0.5,draftkings,Green Bay Packers @ Tampa Bay Buccaneers,2026-10-04T17:00:00Z,1900,
Josh Whyle,anytime_td,0.5,draftkings,Green Bay Packers @ Tampa Bay Buccaneers,2026-10-04T17:00:00Z,2500,
Payne Durham,anytime_td,0.5,draftkings,Green Bay Packers @ Tampa Bay Buccaneers,2026-10-04T17:00:00Z,4000,
Bauer Sharp,anytime_td,0.5,draftkings,Green Bay Packers @ Tampa Bay Buccaneers,2026-10-04T17:00:00Z,5000,
Ko Kieft,anytime_td,0.5,draftkings,Green Bay Packers @ Tampa Bay Buccaneers,2026-10-04T17:00:00Z,5000,
Jordan Love,pass_yds,238.5,draftkings,Green Bay Packers @ Tampa Bay Buccaneers,2026-10-04T17:00:00Z,-113,-111
Jalon Daniels,pass_yds,172.5,draftkings,Green Bay Packers @ Tampa Bay Buccaneers,2026-10-04T17:00:00Z,-113,-111
Christian Watson,rec_yds,64.5,draftkings,Green Bay Packers @ Tampa Bay Buccaneers,2026-10-04T17:00:00Z,-112,-112
Matthew Golden,rec_yds,57.5,draftkings,Green Bay Packers @ Tampa Bay Buccaneers,2026-10-04T17:00:00Z,-112,-112
Tucker Kraft,rec_yds,40.5,draftkings,Green Bay Packers @ Tampa Bay Buccaneers,2026-10-04T17:00:00Z,-114,-110
Emeka Egbuka,rec_yds,38.5,draftkings,Green Bay Packers @ Tampa Bay Buccaneers,2026-10-04T17:00:00Z,-112,-112
Chris Godwin,rec_yds,26.5,draftkings,Green Bay Packers @ Tampa Bay Buccaneers,2026-10-04T17:00:00Z,-110,-114
Cade Otton,rec_yds,25.5,draftkings,Green Bay Packers @ Tampa Bay Buccaneers,2026-10-04T17:00:00Z,-112,-112
Ted Hurst III,rec_yds,23.5,draftkings,Green Bay Packers @ Tampa Bay Buccaneers,2026-10-04T17:00:00Z,-109,-115
Skyy Moore,rec_yds,17.5,draftkings,Green Bay Packers @ Tampa Bay Buccaneers,2026-10-04T17:00:00Z,-109,-115
Bucky Irving,rec_yds,12.5,draftkings,Green Bay Packers @ Tampa Bay Buccaneers,2026-10-04T17:00:00Z,-118,-106
Kenny Gainwell,rec_yds,9.5,draftkings,Green Bay Packers @ Tampa Bay Buccaneers,2026-10-04T17:00:00Z,-120,-105
Tez Johnson,rec_yds,9.5,draftkings,Green Bay Packers @ Tampa Bay Buccaneers,2026-10-04T17:00:00Z,-109,-115
MarShawn Lloyd,rec_yds,7.5,draftkings,Green Bay Packers @ Tampa Bay Buccaneers,2026-10-04T17:00:00Z,-111,-113
Jonnu Smith,rec_yds,5.5,draftkings,Green Bay Packers @ Tampa Bay Buccaneers,2026-10-04T17:00:00Z,-121,-103
Christian Watson,receptions,4.5,draftkings,Green Bay Packers @ Tampa Bay Buccaneers,2026-10-04T17:00:00Z,-131,103
Matthew Golden,receptions,4.5,draftkings,Green Bay Packers @ Tampa Bay Buccaneers,2026-10-04T17:00:00Z,-127,-101
Tucker Kraft,receptions,3.5,draftkings,Green Bay Packers @ Tampa Bay Buccaneers,2026-10-04T17:00:00Z,-154,120
Emeka Egbuka,receptions,3.5,draftkings,Green Bay Packers @ Tampa Bay Buccaneers,2026-10-04T17:00:00Z,103,-131
Cade Otton,receptions,2.5,draftkings,Green Bay Packers @ Tampa Bay Buccaneers,2026-10-04T17:00:00Z,-162,127
Chris Godwin,receptions,2.5,draftkings,Green Bay Packers @ Tampa Bay Buccaneers,2026-10-04T17:00:00Z,-141,111
Bucky Irving,receptions,2.5,draftkings,Green Bay Packers @ Tampa Bay Buccaneers,2026-10-04T17:00:00Z,-131,102
Kenny Gainwell,receptions,1.5,draftkings,Green Bay Packers @ Tampa Bay Buccaneers,2026-10-04T17:00:00Z,-181,141
Ted Hurst III,receptions,1.5,draftkings,Green Bay Packers @ Tampa Bay Buccaneers,2026-10-04T17:00:00Z,-169,132
Skyy Moore,receptions,1.5,draftkings,Green Bay Packers @ Tampa Bay Buccaneers,2026-10-04T17:00:00Z,-135,106
MarShawn Lloyd,receptions,1.5,draftkings,Green Bay Packers @ Tampa Bay Buccaneers,2026-10-04T17:00:00Z,135,-173
Jonnu Smith,receptions,1.5,draftkings,Green Bay Packers @ Tampa Bay Buccaneers,2026-10-04T17:00:00Z,177,-229
Tez Johnson,receptions,1.5,draftkings,Green Bay Packers @ Tampa Bay Buccaneers,2026-10-04T17:00:00Z,179,-231
Bucky Irving,rush_yds,56.5,draftkings,Green Bay Packers @ Tampa Bay Buccaneers,2026-10-04T17:00:00Z,-110,-114
Jalon Daniels,rush_yds,34.5,draftkings,Green Bay Packers @ Tampa Bay Buccaneers,2026-10-04T17:00:00Z,-111,-113
Kaleb Johnson,rush_yds,30.5,draftkings,Green Bay Packers @ Tampa Bay Buccaneers,2026-10-04T17:00:00Z,-114,-110
MarShawn Lloyd,rush_yds,22.5,draftkings,Green Bay Packers @ Tampa Bay Buccaneers,2026-10-04T17:00:00Z,-113,-111
Kenny Gainwell,rush_yds,14.5,draftkings,Green Bay Packers @ Tampa Bay Buccaneers,2026-10-04T17:00:00Z,-105,-120
Jordan Love,rush_yds,4.5,draftkings,Green Bay Packers @ Tampa Bay Buccaneers,2026-10-04T17:00:00Z,-118,-106
Bucky Irving,anytime_td,0.5,fanduel,Green Bay Packers @ Tampa Bay Buccaneers,2026-10-04T17:00:00Z,165,
Christian Watson,anytime_td,0.5,fanduel,Green Bay Packers @ Tampa Bay Buccaneers,2026-10-04T17:00:00Z,175,
Matthew Golden,anytime_td,0.5,fanduel,Green Bay Packers @ Tampa Bay Buccaneers,2026-10-04T17:00:00Z,210,
Kaleb Johnson,anytime_td,0.5,fanduel,Green Bay Packers @ Tampa Bay Buccaneers,2026-10-04T17:00:00Z,220,
Tucker Kraft,anytime_td,0.5,fanduel,Green Bay Packers @ Tampa Bay Buccaneers,2026-10-04T17:00:00Z,250,
MarShawn Lloyd,anytime_td,0.5,fanduel,Green Bay Packers @ Tampa Bay Buccaneers,2026-10-04T17:00:00Z,270,
Emeka Egbuka,anytime_td,0.5,fanduel,Green Bay Packers @ Tampa Bay Buccaneers,2026-10-04T17:00:00Z,290,
Jalon Daniels,anytime_td,0.5,fanduel,Green Bay Packers @ Tampa Bay Buccaneers,2026-10-04T17:00:00Z,360,
Chris Godwin,anytime_td,0.5,fanduel,Green Bay Packers @ Tampa Bay Buccaneers,2026-10-04T17:00:00Z,500,
Ted Hurst III,anytime_td,0.5,fanduel,Green Bay Packers @ Tampa Bay Buccaneers,2026-10-04T17:00:00Z,500,
Kenny Gainwell,anytime_td,0.5,fanduel,Green Bay Packers @ Tampa Bay Buccaneers,2026-10-04T17:00:00Z,500,
Cade Otton,anytime_td,0.5,fanduel,Green Bay Packers @ Tampa Bay Buccaneers,2026-10-04T17:00:00Z,550,
Skyy Moore,anytime_td,0.5,fanduel,Green Bay Packers @ Tampa Bay Buccaneers,2026-10-04T17:00:00Z,550,
Tampa Bay Buccaneers Defense,anytime_td,0.5,fanduel,Green Bay Packers @ Tampa Bay Buccaneers,2026-10-04T17:00:00Z,650,
Green Bay Packers Defense,anytime_td,0.5,fanduel,Green Bay Packers @ Tampa Bay Buccaneers,2026-10-04T17:00:00Z,700,
Jordan Love,anytime_td,0.5,fanduel,Green Bay Packers @ Tampa Bay Buccaneers,2026-10-04T17:00:00Z,700,
Chris Brooks,anytime_td,0.5,fanduel,Green Bay Packers @ Tampa Bay Buccaneers,2026-10-04T17:00:00Z,750,
Tez Johnson,anytime_td,0.5,fanduel,Green Bay Packers @ Tampa Bay Buccaneers,2026-10-04T17:00:00Z,750,
Jonnu Smith,anytime_td,0.5,fanduel,Green Bay Packers @ Tampa Bay Buccaneers,2026-10-04T17:00:00Z,850,
Sean Tucker,anytime_td,0.5,fanduel,Green Bay Packers @ Tampa Bay Buccaneers,2026-10-04T17:00:00Z,1200,
Mark Redman,anytime_td,0.5,fanduel,Green Bay Packers @ Tampa Bay Buccaneers,2026-10-04T17:00:00Z,1500,
Bo Melton,anytime_td,0.5,fanduel,Green Bay Packers @ Tampa Bay Buccaneers,2026-10-04T17:00:00Z,1600,
J. Michael Sturdivant,anytime_td,0.5,fanduel,Green Bay Packers @ Tampa Bay Buccaneers,2026-10-04T17:00:00Z,1600,
Kameron Johnson,anytime_td,0.5,fanduel,Green Bay Packers @ Tampa Bay Buccaneers,2026-10-04T17:00:00Z,1800,
Josh Whyle,anytime_td,0.5,fanduel,Green Bay Packers @ Tampa Bay Buccaneers,2026-10-04T17:00:00Z,3000,
Payne Durham,anytime_td,0.5,fanduel,Green Bay Packers @ Tampa Bay Buccaneers,2026-10-04T17:00:00Z,3000,
Bauer Sharp,anytime_td,0.5,fanduel,Green Bay Packers @ Tampa Bay Buccaneers,2026-10-04T17:00:00Z,4000,
Jordan Love,pass_yds,238.5,fanduel,Green Bay Packers @ Tampa Bay Buccaneers,2026-10-04T17:00:00Z,-113,-113
Jalon Daniels,pass_yds,170.5,fanduel,Green Bay Packers @ Tampa Bay Buccaneers,2026-10-04T17:00:00Z,-113,-113
Tez Johnson,rec_yds,10.5,fanduel,Green Bay Packers @ Tampa Bay Buccaneers,2026-10-04T17:00:00Z,-113,-113
Cade Otton,rec_yds,25.5,fanduel,Green Bay Packers @ Tampa Bay Buccaneers,2026-10-04T17:00:00Z,-113,-113
Bucky Irving,rec_yds,11.5,fanduel,Green Bay Packers @ Tampa Bay Buccaneers,2026-10-04T17:00:00Z,-113,-113
Emeka Egbuka,rec_yds,37.5,fanduel,Green Bay Packers @ Tampa Bay Buccaneers,2026-10-04T17:00:00Z,-113,-113
Christian Watson,rec_yds,67.5,fanduel,Green Bay Packers @ Tampa Bay Buccaneers,2026-10-04T17:00:00Z,-113,-113
Chris Godwin,rec_yds,27.5,fanduel,Green Bay Packers @ Tampa Bay Buccaneers,2026-10-04T17:00:00Z,-113,-113
Kenny Gainwell,rec_yds,8.5,fanduel,Green Bay Packers @ Tampa Bay Buccaneers,2026-10-04T17:00:00Z,-113,-113
Tucker Kraft,rec_yds,40.5,fanduel,Green Bay Packers @ Tampa Bay Buccaneers,2026-10-04T17:00:00Z,-113,-113
Jonnu Smith,rec_yds,6.5,fanduel,Green Bay Packers @ Tampa Bay Buccaneers,2026-10-04T17:00:00Z,-113,-113
Skyy Moore,rec_yds,17.5,fanduel,Green Bay Packers @ Tampa Bay Buccaneers,2026-10-04T17:00:00Z,-113,-113
Matthew Golden,rec_yds,56.5,fanduel,Green Bay Packers @ Tampa Bay Buccaneers,2026-10-04T17:00:00Z,-113,-113
Ted Hurst III,rec_yds,21.5,fanduel,Green Bay Packers @ Tampa Bay Buccaneers,2026-10-04T17:00:00Z,-113,-113
MarShawn Lloyd,rec_yds,5.5,fanduel,Green Bay Packers @ Tampa Bay Buccaneers,2026-10-04T17:00:00Z,-113,-113
Emeka Egbuka,receptions,3.5,fanduel,Green Bay Packers @ Tampa Bay Buccaneers,2026-10-04T17:00:00Z,102,-136
Ted Hurst III,receptions,1.5,fanduel,Green Bay Packers @ Tampa Bay Buccaneers,2026-10-04T17:00:00Z,-180,134
Cade Otton,receptions,2.5,fanduel,Green Bay Packers @ Tampa Bay Buccaneers,2026-10-04T17:00:00Z,-158,118
Matthew Golden,receptions,4.5,fanduel,Green Bay Packers @ Tampa Bay Buccaneers,2026-10-04T17:00:00Z,-114,-114
Tez Johnson,receptions,1.5,fanduel,Green Bay Packers @ Tampa Bay Buccaneers,2026-10-04T17:00:00Z,162,-220
Bucky Irving,receptions,2.5,fanduel,Green Bay Packers @ Tampa Bay Buccaneers,2026-10-04T17:00:00Z,-122,-108
Kenny Gainwell,receptions,2.5,fanduel,Green Bay Packers @ Tampa Bay Buccaneers,2026-10-04T17:00:00Z,144,-194
Christian Watson,receptions,4.5,fanduel,Green Bay Packers @ Tampa Bay Buccaneers,2026-10-04T17:00:00Z,-154,116
Skyy Moore,receptions,1.5,fanduel,Green Bay Packers @ Tampa Bay Buccaneers,2026-10-04T17:00:00Z,-130,-102
Tucker Kraft,receptions,3.5,fanduel,Green Bay Packers @ Tampa Bay Buccaneers,2026-10-04T17:00:00Z,-158,118
Chris Godwin,receptions,2.5,fanduel,Green Bay Packers @ Tampa Bay Buccaneers,2026-10-04T17:00:00Z,-130,-102
Jonnu Smith,receptions,0.5,fanduel,Green Bay Packers @ Tampa Bay Buccaneers,2026-10-04T17:00:00Z,-225,164
MarShawn Lloyd,receptions,1.5,fanduel,Green Bay Packers @ Tampa Bay Buccaneers,2026-10-04T17:00:00Z,144,-194
MarShawn Lloyd,rush_yds,23.5,fanduel,Green Bay Packers @ Tampa Bay Buccaneers,2026-10-04T17:00:00Z,-113,-113
Bucky Irving,rush_yds,55.5,fanduel,Green Bay Packers @ Tampa Bay Buccaneers,2026-10-04T17:00:00Z,-113,-113
Jalon Daniels,rush_yds,32.5,fanduel,Green Bay Packers @ Tampa Bay Buccaneers,2026-10-04T17:00:00Z,-113,-113
Jordan Love,rush_yds,4.5,fanduel,Green Bay Packers @ Tampa Bay Buccaneers,2026-10-04T17:00:00Z,-113,-113
Kaleb Johnson,rush_yds,31.5,fanduel,Green Bay Packers @ Tampa Bay Buccaneers,2026-10-04T17:00:00Z,-113,-113
Kenny Gainwell,rush_yds,14.5,fanduel,Green Bay Packers @ Tampa Bay Buccaneers,2026-10-04T17:00:00Z,-113,-113
Christian Watson,anytime_td,0.5,betmgm,Green Bay Packers @ Tampa Bay Buccaneers,2026-10-04T17:00:00Z,165,
Josh Whyle,anytime_td,0.5,betmgm,Green Bay Packers @ Tampa Bay Buccaneers,2026-10-04T17:00:00Z,2800,
MarShawn Lloyd,anytime_td,0.5,betmgm,Green Bay Packers @ Tampa Bay Buccaneers,2026-10-04T17:00:00Z,270,
Tucker Kraft,anytime_td,0.5,betmgm,Green Bay Packers @ Tampa Bay Buccaneers,2026-10-04T17:00:00Z,240,
J. Michael Sturdivant,anytime_td,0.5,betmgm,Green Bay Packers @ Tampa Bay Buccaneers,2026-10-04T17:00:00Z,1600,
Ted Hurst III,anytime_td,0.5,betmgm,Green Bay Packers @ Tampa Bay Buccaneers,2026-10-04T17:00:00Z,500,
Chris Brooks,anytime_td,0.5,betmgm,Green Bay Packers @ Tampa Bay Buccaneers,2026-10-04T17:00:00Z,550,
Kenny Gainwell,anytime_td,0.5,betmgm,Green Bay Packers @ Tampa Bay Buccaneers,2026-10-04T17:00:00Z,450,
Sean Tucker,anytime_td,0.5,betmgm,Green Bay Packers @ Tampa Bay Buccaneers,2026-10-04T17:00:00Z,775,
Mark Redman,anytime_td,0.5,betmgm,Green Bay Packers @ Tampa Bay Buccaneers,2026-10-04T17:00:00Z,1900,
Tez Johnson,anytime_td,0.5,betmgm,Green Bay Packers @ Tampa Bay Buccaneers,2026-10-04T17:00:00Z,775,
Tampa Bay Buccaneers D/ST,anytime_td,0.5,betmgm,Green Bay Packers @ Tampa Bay Buccaneers,2026-10-04T17:00:00Z,575,
Jonnu Smith,anytime_td,0.5,betmgm,Green Bay Packers @ Tampa Bay Buccaneers,2026-10-04T17:00:00Z,775,
Bo Melton,anytime_td,0.5,betmgm,Green Bay Packers @ Tampa Bay Buccaneers,2026-10-04T17:00:00Z,1200,
Skyy Moore,anytime_td,0.5,betmgm,Green Bay Packers @ Tampa Bay Buccaneers,2026-10-04T17:00:00Z,575,
Matthew Golden,anytime_td,0.5,betmgm,Green Bay Packers @ Tampa Bay Buccaneers,2026-10-04T17:00:00Z,185,
Payne Durham,anytime_td,0.5,betmgm,Green Bay Packers @ Tampa Bay Buccaneers,2026-10-04T17:00:00Z,2800,
Chris Godwin,anytime_td,0.5,betmgm,Green Bay Packers @ Tampa Bay Buccaneers,2026-10-04T17:00:00Z,450,
Bauer Sharp,anytime_td,0.5,betmgm,Green Bay Packers @ Tampa Bay Buccaneers,2026-10-04T17:00:00Z,3000,
Cade Otton,anytime_td,0.5,betmgm,Green Bay Packers @ Tampa Bay Buccaneers,2026-10-04T17:00:00Z,475,
Kaleb Johnson,anytime_td,0.5,betmgm,Green Bay Packers @ Tampa Bay Buccaneers,2026-10-04T17:00:00Z,200,
Bucky Irving,anytime_td,0.5,betmgm,Green Bay Packers @ Tampa Bay Buccaneers,2026-10-04T17:00:00Z,145,
Jordan Love,anytime_td,0.5,betmgm,Green Bay Packers @ Tampa Bay Buccaneers,2026-10-04T17:00:00Z,825,
Green Bay Packers D/ST,anytime_td,0.5,betmgm,Green Bay Packers @ Tampa Bay Buccaneers,2026-10-04T17:00:00Z,500,
Emeka Egbuka,anytime_td,0.5,betmgm,Green Bay Packers @ Tampa Bay Buccaneers,2026-10-04T17:00:00Z,290,
Kameron Johnson,anytime_td,0.5,betmgm,Green Bay Packers @ Tampa Bay Buccaneers,2026-10-04T17:00:00Z,2200,
Jalon Daniels,anytime_td,0.5,betmgm,Green Bay Packers @ Tampa Bay Buccaneers,2026-10-04T17:00:00Z,260,
Jalon Daniels,pass_yds,172.5,betmgm,Green Bay Packers @ Tampa Bay Buccaneers,2026-10-04T17:00:00Z,-115,-115
Jordan Love,pass_yds,240.5,betmgm,Green Bay Packers @ Tampa Bay Buccaneers,2026-10-04T17:00:00Z,-115,-115
Cade Otton,rec_yds,25.5,betmgm,Green Bay Packers @ Tampa Bay Buccaneers,2026-10-04T17:00:00Z,-111,-118
Skyy Moore,rec_yds,16.5,betmgm,Green Bay Packers @ Tampa Bay Buccaneers,2026-10-04T17:00:00Z,-115,-115
Bucky Irving,rec_yds,13.5,betmgm,Green Bay Packers @ Tampa Bay Buccaneers,2026-10-04T17:00:00Z,-111,-120
Kenny Gainwell,rec_yds,10.5,betmgm,Green Bay Packers @ Tampa Bay Buccaneers,2026-10-04T17:00:00Z,-115,-115
Ted Hurst III,rec_yds,22.5,betmgm,Green Bay Packers @ Tampa Bay Buccaneers,2026-10-04T17:00:00Z,-115,-115
Tucker Kraft,rec_yds,41.5,betmgm,Green Bay Packers @ Tampa Bay Buccaneers,2026-10-04T17:00:00Z,-115,-115
Emeka Egbuka,rec_yds,36.5,betmgm,Green Bay Packers @ Tampa Bay Buccaneers,2026-10-04T17:00:00Z,-115,-115
Chris Godwin,rec_yds,26.5,betmgm,Green Bay Packers @ Tampa Bay Buccaneers,2026-10-04T17:00:00Z,-111,-120
MarShawn Lloyd,rec_yds,6.5,betmgm,Green Bay Packers @ Tampa Bay Buccaneers,2026-10-04T17:00:00Z,-120,-110
Matthew Golden,rec_yds,56.5,betmgm,Green Bay Packers @ Tampa Bay Buccaneers,2026-10-04T17:00:00Z,-115,-115
Christian Watson,rec_yds,63.5,betmgm,Green Bay Packers @ Tampa Bay Buccaneers,2026-10-04T17:00:00Z,-115,-115
Emeka Egbuka,receptions,3.5,betmgm,Green Bay Packers @ Tampa Bay Buccaneers,2026-10-04T17:00:00Z,110,-150
Chris Godwin,receptions,2.5,betmgm,Green Bay Packers @ Tampa Bay Buccaneers,2026-10-04T17:00:00Z,-125,-105
Cade Otton,receptions,2.5,betmgm,Green Bay Packers @ Tampa Bay Buccaneers,2026-10-04T17:00:00Z,-150,110
Tucker Kraft,receptions,3.5,betmgm,Green Bay Packers @ Tampa Bay Buccaneers,2026-10-04T17:00:00Z,-150,110
Christian Watson,receptions,4.5,betmgm,Green Bay Packers @ Tampa Bay Buccaneers,2026-10-04T17:00:00Z,-145,105
Matthew Golden,receptions,4.5,betmgm,Green Bay Packers @ Tampa Bay Buccaneers,2026-10-04T17:00:00Z,-105,-125
Bucky Irving,receptions,2.5,betmgm,Green Bay Packers @ Tampa Bay Buccaneers,2026-10-04T17:00:00Z,-110,-120
Kenny Gainwell,receptions,1.5,betmgm,Green Bay Packers @ Tampa Bay Buccaneers,2026-10-04T17:00:00Z,-165,125
Skyy Moore,receptions,1.5,betmgm,Green Bay Packers @ Tampa Bay Buccaneers,2026-10-04T17:00:00Z,-155,115
Ted Hurst III,receptions,1.5,betmgm,Green Bay Packers @ Tampa Bay Buccaneers,2026-10-04T17:00:00Z,-190,140
MarShawn Lloyd,receptions,1.5,betmgm,Green Bay Packers @ Tampa Bay Buccaneers,2026-10-04T17:00:00Z,130,-175
Jalon Daniels,rush_yds,33.5,betmgm,Green Bay Packers @ Tampa Bay Buccaneers,2026-10-04T17:00:00Z,-115,-115
Bucky Irving,rush_yds,54.5,betmgm,Green Bay Packers @ Tampa Bay Buccaneers,2026-10-04T17:00:00Z,-115,-115
Jordan Love,rush_yds,5.5,betmgm,Green Bay Packers @ Tampa Bay Buccaneers,2026-10-04T17:00:00Z,-110,-120
Kaleb Johnson,rush_yds,32.5,betmgm,Green Bay Packers @ Tampa Bay Buccaneers,2026-10-04T17:00:00Z,-111,-120
Kenny Gainwell,rush_yds,14.5,betmgm,Green Bay Packers @ Tampa Bay Buccaneers,2026-10-04T17:00:00Z,-120,-110
Kyren Williams,anytime_td,0.5,draftkings,Los Angeles Rams @ Philadelphia Eagles,2026-10-04T17:00:00Z,-115,
Saquon Barkley,anytime_td,0.5,draftkings,Los Angeles Rams @ Philadelphia Eagles,2026-10-04T17:00:00Z,110,
Davante Adams,anytime_td,0.5,draftkings,Los Angeles Rams @ Philadelphia Eagles,2026-10-04T17:00:00Z,115,
Puka Nacua,anytime_td,0.5,draftkings,Los Angeles Rams @ Philadelphia Eagles,2026-10-04T17:00:00Z,135,
Jalen Hurts,anytime_td,0.5,draftkings,Los Angeles Rams @ Philadelphia Eagles,2026-10-04T17:00:00Z,175,
Dontayvion Wicks,anytime_td,0.5,draftkings,Los Angeles Rams @ Philadelphia Eagles,2026-10-04T17:00:00Z,255,
Blake Corum,anytime_td,0.5,draftkings,Los Angeles Rams @ Philadelphia Eagles,2026-10-04T17:00:00Z,280,
Tyler Higbee,anytime_td,0.5,draftkings,Los Angeles Rams @ Philadelphia Eagles,2026-10-04T17:00:00Z,300,
Makai Lemon,anytime_td,0.5,draftkings,Los Angeles Rams @ Philadelphia Eagles,2026-10-04T17:00:00Z,320,
Colby Parkinson,anytime_td,0.5,draftkings,Los Angeles Rams @ Philadelphia Eagles,2026-10-04T17:00:00Z,320,
Los Angeles Rams D/ST,anytime_td,0.5,draftkings,Los Angeles Rams @ Philadelphia Eagles,2026-10-04T17:00:00Z,425,
Philadelphia Eagles D/ST,anytime_td,0.5,draftkings,Los Angeles Rams @ Philadelphia Eagles,2026-10-04T17:00:00Z,475,
Zach Ertz,anytime_td,0.5,draftkings,Los Angeles Rams @ Philadelphia Eagles,2026-10-04T17:00:00Z,500,
Konata Mumpfield,anytime_td,0.5,draftkings,Los Angeles Rams @ Philadelphia Eagles,2026-10-04T17:00:00Z,600,
Darius Cooper,anytime_td,0.5,draftkings,Los Angeles Rams @ Philadelphia Eagles,2026-10-04T17:00:00Z,700,
Davis Allen,anytime_td,0.5,draftkings,Los Angeles Rams @ Philadelphia Eagles,2026-10-04T17:00:00Z,850,
Tank Bigsby,anytime_td,0.5,draftkings,Los Angeles Rams @ Philadelphia Eagles,2026-10-04T17:00:00Z,900,
Johnny Mundt,anytime_td,0.5,draftkings,Los Angeles Rams @ Philadelphia Eagles,2026-10-04T17:00:00Z,1100,
Jordan Whittington,anytime_td,0.5,draftkings,Los Angeles Rams @ Philadelphia Eagles,2026-10-04T17:00:00Z,1100,
Will Shipley,anytime_td,0.5,draftkings,Los Angeles Rams @ Philadelphia Eagles,2026-10-04T17:00:00Z,1200,
Tutu Atwell,anytime_td,0.5,draftkings,Los Angeles Rams @ Philadelphia Eagles,2026-10-04T17:00:00Z,1400,
Max Klare,anytime_td,0.5,draftkings,Los Angeles Rams @ Philadelphia Eagles,2026-10-04T17:00:00Z,1900,
Britain Covey,anytime_td,0.5,draftkings,Los Angeles Rams @ Philadelphia Eagles,2026-10-04T17:00:00Z,2000,
Elijah Moore,anytime_td,0.5,draftkings,Los Angeles Rams @ Philadelphia Eagles,2026-10-04T17:00:00Z,2200,
Matthew Stafford,anytime_td,0.5,draftkings,Los Angeles Rams @ Philadelphia Eagles,2026-10-04T17:00:00Z,2200,
E.J. Jenkins,anytime_td,0.5,draftkings,Los Angeles Rams @ Philadelphia Eagles,2026-10-04T17:00:00Z,4000,
Dean Connors,anytime_td,0.5,draftkings,Los Angeles Rams @ Philadelphia Eagles,2026-10-04T17:00:00Z,4000,
CJ Daniels,anytime_td,0.5,draftkings,Los Angeles Rams @ Philadelphia Eagles,2026-10-04T17:00:00Z,5000,
Matthew Stafford,pass_yds,246.5,draftkings,Los Angeles Rams @ Philadelphia Eagles,2026-10-04T17:00:00Z,-113,-111
Jalen Hurts,pass_yds,184.5,draftkings,Los Angeles Rams @ Philadelphia Eagles,2026-10-04T17:00:00Z,-112,-112
Davante Adams,rec_yds,66.5,draftkings,Los Angeles Rams @ Philadelphia Eagles,2026-10-04T17:00:00Z,-114,-110
Puka Nacua,rec_yds,66.5,draftkings,Los Angeles Rams @ Philadelphia Eagles,2026-10-04T17:00:00Z,-114,-111
Dontayvion Wicks,rec_yds,54.5,draftkings,Los Angeles Rams @ Philadelphia Eagles,2026-10-04T17:00:00Z,-114,-110
Makai Lemon,rec_yds,36.5,draftkings,Los Angeles Rams @ Philadelphia Eagles,2026-10-04T17:00:00Z,-112,-112
Zach Ertz,rec_yds,22.5,draftkings,Los Angeles Rams @ Philadelphia Eagles,2026-10-04T17:00:00Z,-112,-112
Darius Cooper,rec_yds,18.5,draftkings,Los Angeles Rams @ Philadelphia Eagles,2026-10-04T17:00:00Z,-115,-109
Saquon Barkley,rec_yds,15.5,draftkings,Los Angeles Rams @ Philadelphia Eagles,2026-10-04T17:00:00Z,-111,-113
Kyren Williams,rec_yds,13.5,draftkings,Los Angeles Rams @ Philadelphia Eagles,2026-10-04T17:00:00Z,-107,-117
Johnny Mundt,rec_yds,8.5,draftkings,Los Angeles Rams @ Philadelphia Eagles,2026-10-04T17:00:00Z,-110,-114
Puka Nacua,receptions,6.5,draftkings,Los Angeles Rams @ Philadelphia Eagles,2026-10-04T17:00:00Z,111,-141
Davante Adams,receptions,4.5,draftkings,Los Angeles Rams @ Philadelphia Eagles,2026-10-04T17:00:00Z,-139,109
Dontayvion Wicks,receptions,3.5,draftkings,Los Angeles Rams @ Philadelphia Eagles,2026-10-04T17:00:00Z,-145,114
Makai Lemon,receptions,3.5,draftkings,Los Angeles Rams @ Philadelphia Eagles,2026-10-04T17:00:00Z,-124,-103
Zach Ertz,receptions,2.5,draftkings,Los Angeles Rams @ Philadelphia Eagles,2026-10-04T17:00:00Z,-108,-118
Saquon Barkley,receptions,2.5,draftkings,Los Angeles Rams @ Philadelphia Eagles,2026-10-04T17:00:00Z,122,-156
Kyren Williams,receptions,2.5,draftkings,Los Angeles Rams @ Philadelphia Eagles,2026-10-04T17:00:00Z,132,-169
Darius Cooper,receptions,2.5,draftkings,Los Angeles Rams @ Philadelphia Eagles,2026-10-04T17:00:00Z,145,-186
Johnny Mundt,receptions,1.5,draftkings,Los Angeles Rams @ Philadelphia Eagles,2026-10-04T17:00:00Z,171,-221
Saquon Barkley,rush_yds,70.5,draftkings,Los Angeles Rams @ Philadelphia Eagles,2026-10-04T17:00:00Z,-113,-111
Kyren Williams,rush_yds,59.5,draftkings,Los Angeles Rams @ Philadelphia Eagles,2026-10-04T17:00:00Z,-109,-115
Blake Corum,rush_yds,39.5,draftkings,Los Angeles Rams @ Philadelphia Eagles,2026-10-04T17:00:00Z,-110,-114
Jalen Hurts,rush_yds,26.5,draftkings,Los Angeles Rams @ Philadelphia Eagles,2026-10-04T17:00:00Z,-112,-112
Tank Bigsby,rush_yds,8.5,draftkings,Los Angeles Rams @ Philadelphia Eagles,2026-10-04T17:00:00Z,-110,-114
Matthew Stafford,rush_yds,0.5,draftkings,Los Angeles Rams @ Philadelphia Eagles,2026-10-04T17:00:00Z,-101,-125
Kyren Williams,anytime_td,0.5,fanduel,Los Angeles Rams @ Philadelphia Eagles,2026-10-04T17:00:00Z,-115,
Saquon Barkley,anytime_td,0.5,fanduel,Los Angeles Rams @ Philadelphia Eagles,2026-10-04T17:00:00Z,115,
Davante Adams,anytime_td,0.5,fanduel,Los Angeles Rams @ Philadelphia Eagles,2026-10-04T17:00:00Z,115,
Puka Nacua,anytime_td,0.5,fanduel,Los Angeles Rams @ Philadelphia Eagles,2026-10-04T17:00:00Z,135,
Jalen Hurts,anytime_td,0.5,fanduel,Los Angeles Rams @ Philadelphia Eagles,2026-10-04T17:00:00Z,175,
Dontayvion Wicks,anytime_td,0.5,fanduel,Los Angeles Rams @ Philadelphia Eagles,2026-10-04T17:00:00Z,250,
Blake Corum,anytime_td,0.5,fanduel,Los Angeles Rams @ Philadelphia Eagles,2026-10-04T17:00:00Z,270,
Colby Parkinson,anytime_td,0.5,fanduel,Los Angeles Rams @ Philadelphia Eagles,2026-10-04T17:00:00Z,320,
Tyler Higbee,anytime_td,0.5,fanduel,Los Angeles Rams @ Philadelphia Eagles,2026-10-04T17:00:00Z,320,
Makai Lemon,anytime_td,0.5,fanduel,Los Angeles Rams @ Philadelphia Eagles,2026-10-04T17:00:00Z,330,
Zach Ertz,anytime_td,0.5,fanduel,Los Angeles Rams @ Philadelphia Eagles,2026-10-04T17:00:00Z,470,
Konata Mumpfield,anytime_td,0.5,fanduel,Los Angeles Rams @ Philadelphia Eagles,2026-10-04T17:00:00Z,650,
Darius Cooper,anytime_td,0.5,fanduel,Los Angeles Rams @ Philadelphia Eagles,2026-10-04T17:00:00Z,650,
Philadelphia Eagles Defense,anytime_td,0.5,fanduel,Los Angeles Rams @ Philadelphia Eagles,2026-10-04T17:00:00Z,750,
Los Angeles Rams Defense,anytime_td,0.5,fanduel,Los Angeles Rams @ Philadelphia Eagles,2026-10-04T17:00:00Z,750,
Davis Allen,anytime_td,0.5,fanduel,Los Angeles Rams @ Philadelphia Eagles,2026-10-04T17:00:00Z,850,
Tank Bigsby,anytime_td,0.5,fanduel,Los Angeles Rams @ Philadelphia Eagles,2026-10-04T17:00:00Z,900,
Johnny Mundt,anytime_td,0.5,fanduel,Los Angeles Rams @ Philadelphia Eagles,2026-10-04T17:00:00Z,1000,
Jordan Whittington,anytime_td,0.5,fanduel,Los Angeles Rams @ Philadelphia Eagles,2026-10-04T17:00:00Z,1100,
Will Shipley,anytime_td,0.5,fanduel,Los Angeles Rams @ Philadelphia Eagles,2026-10-04T17:00:00Z,1300,
Tutu Atwell,anytime_td,0.5,fanduel,Los Angeles Rams @ Philadelphia Eagles,2026-10-04T17:00:00Z,1400,
Max Klare,anytime_td,0.5,fanduel,Los Angeles Rams @ Philadelphia Eagles,2026-10-04T17:00:00Z,1700,
Elijah Moore,anytime_td,0.5,fanduel,Los Angeles Rams @ Philadelphia Eagles,2026-10-04T17:00:00Z,1800,
Britain Covey,anytime_td,0.5,fanduel,Los Angeles Rams @ Philadelphia Eagles,2026-10-04T17:00:00Z,1800,
Matthew Stafford,anytime_td,0.5,fanduel,Los Angeles Rams @ Philadelphia Eagles,2026-10-04T17:00:00Z,2000,
Dean Connors,anytime_td,0.5,fanduel,Los Angeles Rams @ Philadelphia Eagles,2026-10-04T17:00:00Z,2700,
E.J. Jenkins,anytime_td,0.5,fanduel,Los Angeles Rams @ Philadelphia Eagles,2026-10-04T17:00:00Z,2700,
CJ Daniels,anytime_td,0.5,fanduel,Los Angeles Rams @ Philadelphia Eagles,2026-10-04T17:00:00Z,3500,
Matthew Stafford,pass_yds,249.5,fanduel,Los Angeles Rams @ Philadelphia Eagles,2026-10-04T17:00:00Z,-113,-113
Jalen Hurts,pass_yds,187.5,fanduel,Los Angeles Rams @ Philadelphia Eagles,2026-10-04T17:00:00Z,-113,-113
Darius Cooper,rec_yds,18.5,fanduel,Los Angeles Rams @ Philadelphia Eagles,2026-10-04T17:00:00Z,-113,-113
Puka Nacua,rec_yds,66.5,fanduel,Los Angeles Rams @ Philadelphia Eagles,2026-10-04T17:00:00Z,-113,-113
Davante Adams,rec_yds,68.5,fanduel,Los Angeles Rams @ Philadelphia Eagles,2026-10-04T17:00:00Z,-113,-113
Johnny Mundt,rec_yds,8.5,fanduel,Los Angeles Rams @ Philadelphia Eagles,2026-10-04T17:00:00Z,-113,-113
Zach Ertz,rec_yds,21.5,fanduel,Los Angeles Rams @ Philadelphia Eagles,2026-10-04T17:00:00Z,-113,-113
Dontayvion Wicks,rec_yds,56.5,fanduel,Los Angeles Rams @ Philadelphia Eagles,2026-10-04T17:00:00Z,-113,-113
Kyren Williams,rec_yds,13.5,fanduel,Los Angeles Rams @ Philadelphia Eagles,2026-10-04T17:00:00Z,-113,-113
Makai Lemon,rec_yds,35.5,fanduel,Los Angeles Rams @ Philadelphia Eagles,2026-10-04T17:00:00Z,-113,-113
Saquon Barkley,rec_yds,15.5,fanduel,Los Angeles Rams @ Philadelphia Eagles,2026-10-04T17:00:00Z,-113,-113
Puka Nacua,receptions,5.5,fanduel,Los Angeles Rams @ Philadelphia Eagles,2026-10-04T17:00:00Z,-172,128
Darius Cooper,receptions,2.5,fanduel,Los Angeles Rams @ Philadelphia Eagles,2026-10-04T17:00:00Z,154,-210
Dontayvion Wicks,receptions,3.5,fanduel,Los Angeles Rams @ Philadelphia Eagles,2026-10-04T17:00:00Z,-148,112
Johnny Mundt,receptions,1.5,fanduel,Los Angeles Rams @ Philadelphia Eagles,2026-10-04T17:00:00Z,162,-220
Zach Ertz,receptions,2.5,fanduel,Los Angeles Rams @ Philadelphia Eagles,2026-10-04T17:00:00Z,106,-140
Kyren Williams,receptions,2.5,fanduel,Los Angeles Rams @ Philadelphia Eagles,2026-10-04T17:00:00Z,118,-158
Saquon Barkley,receptions,2.5,fanduel,Los Angeles Rams @ Philadelphia Eagles,2026-10-04T17:00:00Z,124,-166
Davante Adams,receptions,4.5,fanduel,Los Angeles Rams @ Philadelphia Eagles,2026-10-04T17:00:00Z,-148,112
Makai Lemon,receptions,3.5,fanduel,Los Angeles Rams @ Philadelphia Eagles,2026-10-04T17:00:00Z,-110,-120
Tank Bigsby,rush_yds,8.5,fanduel,Los Angeles Rams @ Philadelphia Eagles,2026-10-04T17:00:00Z,-113,-113
Jalen Hurts,rush_yds,26.5,fanduel,Los Angeles Rams @ Philadelphia Eagles,2026-10-04T17:00:00Z,-113,-113
Matthew Stafford,rush_yds,1.5,fanduel,Los Angeles Rams @ Philadelphia Eagles,2026-10-04T17:00:00Z,108,-138
Kyren Williams,rush_yds,56.5,fanduel,Los Angeles Rams @ Philadelphia Eagles,2026-10-04T17:00:00Z,-113,-113
Saquon Barkley,rush_yds,69.5,fanduel,Los Angeles Rams @ Philadelphia Eagles,2026-10-04T17:00:00Z,-113,-113
Blake Corum,rush_yds,39.5,fanduel,Los Angeles Rams @ Philadelphia Eagles,2026-10-04T17:00:00Z,-113,-113
Blake Corum,anytime_td,0.5,betmgm,Los Angeles Rams @ Philadelphia Eagles,2026-10-04T17:00:00Z,250,
Tyler Higbee,anytime_td,0.5,betmgm,Los Angeles Rams @ Philadelphia Eagles,2026-10-04T17:00:00Z,320,
Davante Adams,anytime_td,0.5,betmgm,Los Angeles Rams @ Philadelphia Eagles,2026-10-04T17:00:00Z,110,
Saquon Barkley,anytime_td,0.5,betmgm,Los Angeles Rams @ Philadelphia Eagles,2026-10-04T17:00:00Z,110,
Makai Lemon,anytime_td,0.5,betmgm,Los Angeles Rams @ Philadelphia Eagles,2026-10-04T17:00:00Z,360,
Kyren Williams,anytime_td,0.5,betmgm,Los Angeles Rams @ Philadelphia Eagles,2026-10-04T17:00:00Z,-145,
Jalen Hurts,anytime_td,0.5,betmgm,Los Angeles Rams @ Philadelphia Eagles,2026-10-04T17:00:00Z,170,
Will Shipley,anytime_td,0.5,betmgm,Los Angeles Rams @ Philadelphia Eagles,2026-10-04T17:00:00Z,850,
Los Angeles Rams D/ST,anytime_td,0.5,betmgm,Los Angeles Rams @ Philadelphia Eagles,2026-10-04T17:00:00Z,600,
Dontayvion Wicks,anytime_td,0.5,betmgm,Los Angeles Rams @ Philadelphia Eagles,2026-10-04T17:00:00Z,230,
Philadelphia Eagles D/ST,anytime_td,0.5,betmgm,Los Angeles Rams @ Philadelphia Eagles,2026-10-04T17:00:00Z,575,
Zach Ertz,anytime_td,0.5,betmgm,Los Angeles Rams @ Philadelphia Eagles,2026-10-04T17:00:00Z,500,
Johnny Mundt,anytime_td,0.5,betmgm,Los Angeles Rams @ Philadelphia Eagles,2026-10-04T17:00:00Z,950,
Konata Mumpfield,anytime_td,0.5,betmgm,Los Angeles Rams @ Philadelphia Eagles,2026-10-04T17:00:00Z,700,
Puka Nacua,anytime_td,0.5,betmgm,Los Angeles Rams @ Philadelphia Eagles,2026-10-04T17:00:00Z,120,
Colby Parkinson,anytime_td,0.5,betmgm,Los Angeles Rams @ Philadelphia Eagles,2026-10-04T17:00:00Z,380,
Davis Allen,anytime_td,0.5,betmgm,Los Angeles Rams @ Philadelphia Eagles,2026-10-04T17:00:00Z,825,
Matthew Stafford,anytime_td,0.5,betmgm,Los Angeles Rams @ Philadelphia Eagles,2026-10-04T17:00:00Z,1550,
Tank Bigsby,anytime_td,0.5,betmgm,Los Angeles Rams @ Philadelphia Eagles,2026-10-04T17:00:00Z,850,
Darius Cooper,anytime_td,0.5,betmgm,Los Angeles Rams @ Philadelphia Eagles,2026-10-04T17:00:00Z,575,
Max Klare,anytime_td,0.5,betmgm,Los Angeles Rams @ Philadelphia Eagles,2026-10-04T17:00:00Z,1350,
E.J. Jenkins,anytime_td,0.5,betmgm,Los Angeles Rams @ Philadelphia Eagles,2026-10-04T17:00:00Z,2500,
Elijah Moore,anytime_td,0.5,betmgm,Los Angeles Rams @ Philadelphia Eagles,2026-10-04T17:00:00Z,1400,
Britain Covey,anytime_td,0.5,betmgm,Los Angeles Rams @ Philadelphia Eagles,2026-10-04T17:00:00Z,2200,
Jordan Whittington,anytime_td,0.5,betmgm,Los Angeles Rams @ Philadelphia Eagles,2026-10-04T17:00:00Z,1050,
Matthew Stafford,pass_yds,250.5,betmgm,Los Angeles Rams @ Philadelphia Eagles,2026-10-04T17:00:00Z,-115,-115
Jalen Hurts,pass_yds,191.5,betmgm,Los Angeles Rams @ Philadelphia Eagles,2026-10-04T17:00:00Z,-115,-115
Kyren Williams,rec_yds,14.5,betmgm,Los Angeles Rams @ Philadelphia Eagles,2026-10-04T17:00:00Z,-120,-110
Saquon Barkley,rec_yds,12.5,betmgm,Los Angeles Rams @ Philadelphia Eagles,2026-10-04T17:00:00Z,-135,100
Johnny Mundt,rec_yds,9.5,betmgm,Los Angeles Rams @ Philadelphia Eagles,2026-10-04T17:00:00Z,-110,-120
Makai Lemon,rec_yds,35.5,betmgm,Los Angeles Rams @ Philadelphia Eagles,2026-10-04T17:00:00Z,-115,-115
Davante Adams,rec_yds,65.5,betmgm,Los Angeles Rams @ Philadelphia Eagles,2026-10-04T17:00:00Z,-115,-115
Darius Cooper,rec_yds,18.5,betmgm,Los Angeles Rams @ Philadelphia Eagles,2026-10-04T17:00:00Z,-115,-115
Zach Ertz,rec_yds,19.5,betmgm,Los Angeles Rams @ Philadelphia Eagles,2026-10-04T17:00:00Z,-115,-115
Dontayvion Wicks,rec_yds,54.5,betmgm,Los Angeles Rams @ Philadelphia Eagles,2026-10-04T17:00:00Z,-115,-115
Kyren Williams,receptions,2.5,betmgm,Los Angeles Rams @ Philadelphia Eagles,2026-10-04T17:00:00Z,115,-155
Davante Adams,receptions,4.5,betmgm,Los Angeles Rams @ Philadelphia Eagles,2026-10-04T17:00:00Z,-140,105
Saquon Barkley,receptions,2.5,betmgm,Los Angeles Rams @ Philadelphia Eagles,2026-10-04T17:00:00Z,115,-155
Johnny Mundt,receptions,1.5,betmgm,Los Angeles Rams @ Philadelphia Eagles,2026-10-04T17:00:00Z,175,-235
Makai Lemon,receptions,3.5,betmgm,Los Angeles Rams @ Philadelphia Eagles,2026-10-04T17:00:00Z,-111,-118
Darius Cooper,receptions,1.5,betmgm,Los Angeles Rams @ Philadelphia Eagles,2026-10-04T17:00:00Z,-165,125
Zach Ertz,receptions,2.5,betmgm,Los Angeles Rams @ Philadelphia Eagles,2026-10-04T17:00:00Z,105,-140
Dontayvion Wicks,receptions,3.5,betmgm,Los Angeles Rams @ Philadelphia Eagles,2026-10-04T17:00:00Z,-165,125
Kyren Williams,rush_yds,60.5,betmgm,Los Angeles Rams @ Philadelphia Eagles,2026-10-04T17:00:00Z,-111,-118
Jalen Hurts,rush_yds,26.5,betmgm,Los Angeles Rams @ Philadelphia Eagles,2026-10-04T17:00:00Z,-115,-115
Blake Corum,rush_yds,43.5,betmgm,Los Angeles Rams @ Philadelphia Eagles,2026-10-04T17:00:00Z,-115,-115
Saquon Barkley,rush_yds,70.5,betmgm,Los Angeles Rams @ Philadelphia Eagles,2026-10-04T17:00:00Z,-115,-115
Aaron Jones,anytime_td,0.5,draftkings,Miami Dolphins @ Minnesota Vikings,2026-10-04T20:05:00Z,-150,
Jordan Addison,anytime_td,0.5,draftkings,Miami Dolphins @ Minnesota Vikings,2026-10-04T20:05:00Z,125,
T.J. Hockenson,anytime_td,0.5,draftkings,Miami Dolphins @ Minnesota Vikings,2026-10-04T20:05:00Z,175,
Kyler Murray,anytime_td,0.5,draftkings,Miami Dolphins @ Minnesota Vikings,2026-10-04T20:05:00Z,310,
Ollie Gordon II,anytime_td,0.5,draftkings,Miami Dolphins @ Minnesota Vikings,2026-10-04T20:05:00Z,320,
Malik Washington,anytime_td,0.5,draftkings,Miami Dolphins @ Minnesota Vikings,2026-10-04T20:05:00Z,350,
Jaylen Wright,anytime_td,0.5,draftkings,Miami Dolphins @ Minnesota Vikings,2026-10-04T20:05:00Z,360,
Jauan Jennings,anytime_td,0.5,draftkings,Miami Dolphins @ Minnesota Vikings,2026-10-04T20:05:00Z,400,
Malik Willis,anytime_td,0.5,draftkings,Miami Dolphins @ Minnesota Vikings,2026-10-04T20:05:00Z,450,
Minnesota Vikings D/ST,anytime_td,0.5,draftkings,Miami Dolphins @ Minnesota Vikings,2026-10-04T20:05:00Z,475,
Greg Dulcich,anytime_td,0.5,draftkings,Miami Dolphins @ Minnesota Vikings,2026-10-04T20:05:00Z,550,
Tai Felton,anytime_td,0.5,draftkings,Miami Dolphins @ Minnesota Vikings,2026-10-04T20:05:00Z,600,
Chris Bell,anytime_td,0.5,draftkings,Miami Dolphins @ Minnesota Vikings,2026-10-04T20:05:00Z,600,
Miami Dolphins D/ST,anytime_td,0.5,draftkings,Miami Dolphins @ Minnesota Vikings,2026-10-04T20:05:00Z,650,
DeeJay Dallas,anytime_td,0.5,draftkings,Miami Dolphins @ Minnesota Vikings,2026-10-04T20:05:00Z,750,
Myles Price,anytime_td,0.5,draftkings,Miami Dolphins @ Minnesota Vikings,2026-10-04T20:05:00Z,900,
Demond Claiborne,anytime_td,0.5,draftkings,Miami Dolphins @ Minnesota Vikings,2026-10-04T20:05:00Z,1000,
Kevin Coleman Jr.,anytime_td,0.5,draftkings,Miami Dolphins @ Minnesota Vikings,2026-10-04T20:05:00Z,1000,
Gavin Bartholomew,anytime_td,0.5,draftkings,Miami Dolphins @ Minnesota Vikings,2026-10-04T20:05:00Z,1200,
Will Kacmarek,anytime_td,0.5,draftkings,Miami Dolphins @ Minnesota Vikings,2026-10-04T20:05:00Z,1500,
Ryan Miller,anytime_td,0.5,draftkings,Miami Dolphins @ Minnesota Vikings,2026-10-04T20:05:00Z,1700,
Max Bredeson,anytime_td,0.5,draftkings,Miami Dolphins @ Minnesota Vikings,2026-10-04T20:05:00Z,1800,
Jalen Tolbert,anytime_td,0.5,draftkings,Miami Dolphins @ Minnesota Vikings,2026-10-04T20:05:00Z,2500,
DJ Herman,anytime_td,0.5,draftkings,Miami Dolphins @ Minnesota Vikings,2026-10-04T20:05:00Z,3000,
Justin Joly,anytime_td,0.5,draftkings,Miami Dolphins @ Minnesota Vikings,2026-10-04T20:05:00Z,4000,
Seydou Traore,anytime_td,0.5,draftkings,Miami Dolphins @ Minnesota Vikings,2026-10-04T20:05:00Z,4500,
Kyler Murray,pass_yds,204.5,draftkings,Miami Dolphins @ Minnesota Vikings,2026-10-04T20:05:00Z,-113,-111
Malik Willis,pass_yds,168.5,draftkings,Miami Dolphins @ Minnesota Vikings,2026-10-04T20:05:00Z,-113,-111
Jordan Addison,rec_yds,63.5,draftkings,Miami Dolphins @ Minnesota Vikings,2026-10-04T20:05:00Z,-114,-110
Malik Washington,rec_yds,40.5,draftkings,Miami Dolphins @ Minnesota Vikings,2026-10-04T20:05:00Z,-113,-111
T.J. Hockenson,rec_yds,38.5,draftkings,Miami Dolphins @ Minnesota Vikings,2026-10-04T20:05:00Z,-113,-111
Chris Bell,rec_yds,34.5,draftkings,Miami Dolphins @ Minnesota Vikings,2026-10-04T20:05:00Z,-110,-114
Greg Dulcich,rec_yds,31.5,draftkings,Miami Dolphins @ Minnesota Vikings,2026-10-04T20:05:00Z,-113,-111
Jauan Jennings,rec_yds,26.5,draftkings,Miami Dolphins @ Minnesota Vikings,2026-10-04T20:05:00Z,-114,-110
Aaron Jones,rec_yds,19.5,draftkings,Miami Dolphins @ Minnesota Vikings,2026-10-04T20:05:00Z,-114,-110
Kevin Coleman Jr.,rec_yds,17.5,draftkings,Miami Dolphins @ Minnesota Vikings,2026-10-04T20:05:00Z,-109,-115
Tai Felton,rec_yds,13.5,draftkings,Miami Dolphins @ Minnesota Vikings,2026-10-04T20:05:00Z,-111,-113
Ollie Gordon II,rec_yds,6.5,draftkings,Miami Dolphins @ Minnesota Vikings,2026-10-04T20:05:00Z,-113,-111
Jaylen Wright,rec_yds,6.5,draftkings,Miami Dolphins @ Minnesota Vikings,2026-10-04T20:05:00Z,-107,-117
Ryan Miller,rec_yds,3.5,draftkings,Miami Dolphins @ Minnesota Vikings,2026-10-04T20:05:00Z,-114,-110
Jordan Addison,receptions,4.5,draftkings,Miami Dolphins @ Minnesota Vikings,2026-10-04T20:05:00Z,-101,-127
Malik Washington,receptions,4.5,draftkings,Miami Dolphins @ Minnesota Vikings,2026-10-04T20:05:00Z,100,-128
T.J. Hockenson,receptions,4.5,draftkings,Miami Dolphins @ Minnesota Vikings,2026-10-04T20:05:00Z,122,-156
Aaron Jones,receptions,3.5,draftkings,Miami Dolphins @ Minnesota Vikings,2026-10-04T20:05:00Z,131,-168
Greg Dulcich,receptions,2.5,draftkings,Miami Dolphins @ Minnesota Vikings,2026-10-04T20:05:00Z,-169,132
Chris Bell,receptions,2.5,draftkings,Miami Dolphins @ Minnesota Vikings,2026-10-04T20:05:00Z,-115,-111
Jauan Jennings,receptions,2.5,draftkings,Miami Dolphins @ Minnesota Vikings,2026-10-04T20:05:00Z,102,-130
Kevin Coleman Jr.,receptions,1.5,draftkings,Miami Dolphins @ Minnesota Vikings,2026-10-04T20:05:00Z,-130,102
Tai Felton,receptions,1.5,draftkings,Miami Dolphins @ Minnesota Vikings,2026-10-04T20:05:00Z,-111,-115
Ollie Gordon II,receptions,1.5,draftkings,Miami Dolphins @ Minnesota Vikings,2026-10-04T20:05:00Z,141,-182
Jaylen Wright,receptions,1.5,draftkings,Miami Dolphins @ Minnesota Vikings,2026-10-04T20:05:00Z,177,-228
Ryan Miller,receptions,0.5,draftkings,Miami Dolphins @ Minnesota Vikings,2026-10-04T20:05:00Z,-141,110
Aaron Jones,rush_yds,67.5,draftkings,Miami Dolphins @ Minnesota Vikings,2026-10-04T20:05:00Z,-111,-113
Malik Willis,rush_yds,31.5,draftkings,Miami Dolphins @ Minnesota Vikings,2026-10-04T20:05:00Z,-112,-112
Jaylen Wright,rush_yds,29.5,draftkings,Miami Dolphins @ Minnesota Vikings,2026-10-04T20:05:00Z,-116,-108
Ollie Gordon II,rush_yds,24.5,draftkings,Miami Dolphins @ Minnesota Vikings,2026-10-04T20:05:00Z,-114,-110
Kyler Murray,rush_yds,22.5,draftkings,Miami Dolphins @ Minnesota Vikings,2026-10-04T20:05:00Z,-110,-114
Malik Washington,rush_yds,4.5,draftkings,Miami Dolphins @ Minnesota Vikings,2026-10-04T20:05:00Z,-123,-102
Aaron Jones,anytime_td,0.5,fanduel,Miami Dolphins @ Minnesota Vikings,2026-10-04T20:05:00Z,-150,
Jordan Addison,anytime_td,0.5,fanduel,Miami Dolphins @ Minnesota Vikings,2026-10-04T20:05:00Z,130,
T.J. Hockenson,anytime_td,0.5,fanduel,Miami Dolphins @ Minnesota Vikings,2026-10-04T20:05:00Z,175,
Ollie Gordon II,anytime_td,0.5,fanduel,Miami Dolphins @ Minnesota Vikings,2026-10-04T20:05:00Z,320,
Kyler Murray,anytime_td,0.5,fanduel,Miami Dolphins @ Minnesota Vikings,2026-10-04T20:05:00Z,360,
Jaylen Wright,anytime_td,0.5,fanduel,Miami Dolphins @ Minnesota Vikings,2026-10-04T20:05:00Z,380,
Malik Washington,anytime_td,0.5,fanduel,Miami Dolphins @ Minnesota Vikings,2026-10-04T20:05:00Z,390,
Jauan Jennings,anytime_td,0.5,fanduel,Miami Dolphins @ Minnesota Vikings,2026-10-04T20:05:00Z,410,
Malik Willis,anytime_td,0.5,fanduel,Miami Dolphins @ Minnesota Vikings,2026-10-04T20:05:00Z,490,
Greg Dulcich,anytime_td,0.5,fanduel,Miami Dolphins @ Minnesota Vikings,2026-10-04T20:05:00Z,550,
Tai Felton,anytime_td,0.5,fanduel,Miami Dolphins @ Minnesota Vikings,2026-10-04T20:05:00Z,550,
Minnesota Vikings Defense,anytime_td,0.5,fanduel,Miami Dolphins @ Minnesota Vikings,2026-10-04T20:05:00Z,600,
Chris Bell,anytime_td,0.5,fanduel,Miami Dolphins @ Minnesota Vikings,2026-10-04T20:05:00Z,600,
Miami Dolphins Defense,anytime_td,0.5,fanduel,Miami Dolphins @ Minnesota Vikings,2026-10-04T20:05:00Z,650,
DeeJay Dallas,anytime_td,0.5,fanduel,Miami Dolphins @ Minnesota Vikings,2026-10-04T20:05:00Z,750,
Myles Price,anytime_td,0.5,fanduel,Miami Dolphins @ Minnesota Vikings,2026-10-04T20:05:00Z,900,
Kevin Coleman Jr.,anytime_td,0.5,fanduel,Miami Dolphins @ Minnesota Vikings,2026-10-04T20:05:00Z,1000,
Demond Claiborne,anytime_td,0.5,fanduel,Miami Dolphins @ Minnesota Vikings,2026-10-04T20:05:00Z,1200,
Gavin Bartholomew,anytime_td,0.5,fanduel,Miami Dolphins @ Minnesota Vikings,2026-10-04T20:05:00Z,1200,
Max Bredeson,anytime_td,0.5,fanduel,Miami Dolphins @ Minnesota Vikings,2026-10-04T20:05:00Z,1400,
Will Kacmarek,anytime_td,0.5,fanduel,Miami Dolphins @ Minnesota Vikings,2026-10-04T20:05:00Z,1500,
Ryan Miller,anytime_td,0.5,fanduel,Miami Dolphins @ Minnesota Vikings,2026-10-04T20:05:00Z,1600,
DJ Herman,anytime_td,0.5,fanduel,Miami Dolphins @ Minnesota Vikings,2026-10-04T20:05:00Z,2000,
Jalen Tolbert,anytime_td,0.5,fanduel,Miami Dolphins @ Minnesota Vikings,2026-10-04T20:05:00Z,2500,
Seydou Traore,anytime_td,0.5,fanduel,Miami Dolphins @ Minnesota Vikings,2026-10-04T20:05:00Z,3000,
Justin Joly,anytime_td,0.5,fanduel,Miami Dolphins @ Minnesota Vikings,2026-10-04T20:05:00Z,3000,
Kyler Murray,pass_yds,207.5,fanduel,Miami Dolphins @ Minnesota Vikings,2026-10-04T20:05:00Z,-113,-113
Malik Willis,pass_yds,169.5,fanduel,Miami Dolphins @ Minnesota Vikings,2026-10-04T20:05:00Z,-113,-113
Jordan Addison,rec_yds,62.5,fanduel,Miami Dolphins @ Minnesota Vikings,2026-10-04T20:05:00Z,-113,-113
Ollie Gordon II,rec_yds,5.5,fanduel,Miami Dolphins @ Minnesota Vikings,2026-10-04T20:05:00Z,-113,-113
Jaylen Wright,rec_yds,5.5,fanduel,Miami Dolphins @ Minnesota Vikings,2026-10-04T20:05:00Z,-128,100
Kevin Coleman Jr.,rec_yds,16.5,fanduel,Miami Dolphins @ Minnesota Vikings,2026-10-04T20:05:00Z,-113,-113
Ryan Miller,rec_yds,6.5,fanduel,Miami Dolphins @ Minnesota Vikings,2026-10-04T20:05:00Z,102,-130
Greg Dulcich,rec_yds,29.5,fanduel,Miami Dolphins @ Minnesota Vikings,2026-10-04T20:05:00Z,-113,-113
Jauan Jennings,rec_yds,26.5,fanduel,Miami Dolphins @ Minnesota Vikings,2026-10-04T20:05:00Z,-113,-113
Malik Washington,rec_yds,38.5,fanduel,Miami Dolphins @ Minnesota Vikings,2026-10-04T20:05:00Z,-113,-113
Chris Bell,rec_yds,34.5,fanduel,Miami Dolphins @ Minnesota Vikings,2026-10-04T20:05:00Z,-113,-113
Tai Felton,rec_yds,13.5,fanduel,Miami Dolphins @ Minnesota Vikings,2026-10-04T20:05:00Z,-113,-113
T.J. Hockenson,rec_yds,38.5,fanduel,Miami Dolphins @ Minnesota Vikings,2026-10-04T20:05:00Z,-113,-113
Aaron Jones,rec_yds,19.5,fanduel,Miami Dolphins @ Minnesota Vikings,2026-10-04T20:05:00Z,-113,-113
T.J. Hockenson,receptions,4.5,fanduel,Miami Dolphins @ Minnesota Vikings,2026-10-04T20:05:00Z,-102,-130
Jordan Addison,receptions,4.5,fanduel,Miami Dolphins @ Minnesota Vikings,2026-10-04T20:05:00Z,-108,-122
Greg Dulcich,receptions,2.5,fanduel,Miami Dolphins @ Minnesota Vikings,2026-10-04T20:05:00Z,-172,128
Ryan Miller,receptions,0.5,fanduel,Miami Dolphins @ Minnesota Vikings,2026-10-04T20:05:00Z,-140,106
Aaron Jones,receptions,3.5,fanduel,Miami Dolphins @ Minnesota Vikings,2026-10-04T20:05:00Z,116,-154
Ollie Gordon II,receptions,1.5,fanduel,Miami Dolphins @ Minnesota Vikings,2026-10-04T20:05:00Z,154,-210
Jauan Jennings,receptions,2.5,fanduel,Miami Dolphins @ Minnesota Vikings,2026-10-04T20:05:00Z,100,-132
Tai Felton,receptions,1.5,fanduel,Miami Dolphins @ Minnesota Vikings,2026-10-04T20:05:00Z,-118,-112
Chris Bell,receptions,2.5,fanduel,Miami Dolphins @ Minnesota Vikings,2026-10-04T20:05:00Z,-114,-114
Malik Washington,receptions,3.5,fanduel,Miami Dolphins @ Minnesota Vikings,2026-10-04T20:05:00Z,-198,146
Jaylen Wright,receptions,0.5,fanduel,Miami Dolphins @ Minnesota Vikings,2026-10-04T20:05:00Z,-250,182
Kevin Coleman Jr.,receptions,1.5,fanduel,Miami Dolphins @ Minnesota Vikings,2026-10-04T20:05:00Z,-144,108
Kyler Murray,rush_yds,21.5,fanduel,Miami Dolphins @ Minnesota Vikings,2026-10-04T20:05:00Z,-113,-113
Malik Willis,rush_yds,29.5,fanduel,Miami Dolphins @ Minnesota Vikings,2026-10-04T20:05:00Z,-113,-113
Ollie Gordon II,rush_yds,23.5,fanduel,Miami Dolphins @ Minnesota Vikings,2026-10-04T20:05:00Z,-113,-113
Malik Washington,rush_yds,5.5,fanduel,Miami Dolphins @ Minnesota Vikings,2026-10-04T20:05:00Z,-113,-113
Aaron Jones,rush_yds,65.5,fanduel,Miami Dolphins @ Minnesota Vikings,2026-10-04T20:05:00Z,-113,-113
Jaylen Wright,rush_yds,27.5,fanduel,Miami Dolphins @ Minnesota Vikings,2026-10-04T20:05:00Z,-113,-113
Tai Felton,anytime_td,0.5,betmgm,Miami Dolphins @ Minnesota Vikings,2026-10-04T20:05:00Z,600,
Myles Price,anytime_td,0.5,betmgm,Miami Dolphins @ Minnesota Vikings,2026-10-04T20:05:00Z,900,
Miami Dolphins D/ST,anytime_td,0.5,betmgm,Miami Dolphins @ Minnesota Vikings,2026-10-04T20:05:00Z,750,
Gavin Bartholomew,anytime_td,0.5,betmgm,Miami Dolphins @ Minnesota Vikings,2026-10-04T20:05:00Z,1200,
Seydou Traore,anytime_td,0.5,betmgm,Miami Dolphins @ Minnesota Vikings,2026-10-04T20:05:00Z,3500,
Will Kacmarek,anytime_td,0.5,betmgm,Miami Dolphins @ Minnesota Vikings,2026-10-04T20:05:00Z,1500,
Demond Claiborne,anytime_td,0.5,betmgm,Miami Dolphins @ Minnesota Vikings,2026-10-04T20:05:00Z,700,
T.J. Hockenson,anytime_td,0.5,betmgm,Miami Dolphins @ Minnesota Vikings,2026-10-04T20:05:00Z,190,
Ollie Gordon II,anytime_td,0.5,betmgm,Miami Dolphins @ Minnesota Vikings,2026-10-04T20:05:00Z,290,
Jauan Jennings,anytime_td,0.5,betmgm,Miami Dolphins @ Minnesota Vikings,2026-10-04T20:05:00Z,310,
DJ Herman,anytime_td,0.5,betmgm,Miami Dolphins @ Minnesota Vikings,2026-10-04T20:05:00Z,1550,
DeeJay Dallas,anytime_td,0.5,betmgm,Miami Dolphins @ Minnesota Vikings,2026-10-04T20:05:00Z,650,
Max Bredeson,anytime_td,0.5,betmgm,Miami Dolphins @ Minnesota Vikings,2026-10-04T20:05:00Z,1650,
Malik Willis,anytime_td,0.5,betmgm,Miami Dolphins @ Minnesota Vikings,2026-10-04T20:05:00Z,360,
Greg Dulcich,anytime_td,0.5,betmgm,Miami Dolphins @ Minnesota Vikings,2026-10-04T20:05:00Z,475,
Ryan Miller,anytime_td,0.5,betmgm,Miami Dolphins @ Minnesota Vikings,2026-10-04T20:05:00Z,1700,
Jaylen Wright,anytime_td,0.5,betmgm,Miami Dolphins @ Minnesota Vikings,2026-10-04T20:05:00Z,325,
Aaron Jones,anytime_td,0.5,betmgm,Miami Dolphins @ Minnesota Vikings,2026-10-04T20:05:00Z,-140,
Kevin Coleman Jr.,anytime_td,0.5,betmgm,Miami Dolphins @ Minnesota Vikings,2026-10-04T20:05:00Z,850,
Malik Washington,anytime_td,0.5,betmgm,Miami Dolphins @ Minnesota Vikings,2026-10-04T20:05:00Z,320,
Chris Bell,anytime_td,0.5,betmgm,Miami Dolphins @ Minnesota Vikings,2026-10-04T20:05:00Z,425,
Jordan Addison,anytime_td,0.5,betmgm,Miami Dolphins @ Minnesota Vikings,2026-10-04T20:05:00Z,135,
Kyler Murray,anytime_td,0.5,betmgm,Miami Dolphins @ Minnesota Vikings,2026-10-04T20:05:00Z,310,
Minnesota Vikings D/ST,anytime_td,0.5,betmgm,Miami Dolphins @ Minnesota Vikings,2026-10-04T20:05:00Z,390,
Jalen Tolbert,anytime_td,0.5,betmgm,Miami Dolphins @ Minnesota Vikings,2026-10-04T20:05:00Z,3500,
Kyler Murray,pass_yds,203.5,betmgm,Miami Dolphins @ Minnesota Vikings,2026-10-04T20:05:00Z,-115,-115
Malik Willis,pass_yds,168.5,betmgm,Miami Dolphins @ Minnesota Vikings,2026-10-04T20:05:00Z,-115,-115
Aaron Jones,rec_yds,20.5,betmgm,Miami Dolphins @ Minnesota Vikings,2026-10-04T20:05:00Z,-120,-110
Tai Felton,rec_yds,11.5,betmgm,Miami Dolphins @ Minnesota Vikings,2026-10-04T20:05:00Z,-125,-105
T.J. Hockenson,rec_yds,37.5,betmgm,Miami Dolphins @ Minnesota Vikings,2026-10-04T20:05:00Z,-115,-115
Jordan Addison,rec_yds,62.5,betmgm,Miami Dolphins @ Minnesota Vikings,2026-10-04T20:05:00Z,-115,-115
Jaylen Wright,rec_yds,6.5,betmgm,Miami Dolphins @ Minnesota Vikings,2026-10-04T20:05:00Z,-115,-115
Ollie Gordon II,rec_yds,5.5,betmgm,Miami Dolphins @ Minnesota Vikings,2026-10-04T20:05:00Z,-111,-120
Greg Dulcich,rec_yds,25.5,betmgm,Miami Dolphins @ Minnesota Vikings,2026-10-04T20:05:00Z,-135,100
Chris Bell,rec_yds,32.5,betmgm,Miami Dolphins @ Minnesota Vikings,2026-10-04T20:05:00Z,-120,-111
Malik Washington,rec_yds,39.5,betmgm,Miami Dolphins @ Minnesota Vikings,2026-10-04T20:05:00Z,-115,-115
Kevin Coleman Jr.,rec_yds,14.5,betmgm,Miami Dolphins @ Minnesota Vikings,2026-10-04T20:05:00Z,-115,-115
Aaron Jones,receptions,3.5,betmgm,Miami Dolphins @ Minnesota Vikings,2026-10-04T20:05:00Z,115,-155
Tai Felton,receptions,1.5,betmgm,Miami Dolphins @ Minnesota Vikings,2026-10-04T20:05:00Z,100,-135
T.J. Hockenson,receptions,4.5,betmgm,Miami Dolphins @ Minnesota Vikings,2026-10-04T20:05:00Z,105,-140
Jordan Addison,receptions,4.5,betmgm,Miami Dolphins @ Minnesota Vikings,2026-10-04T20:05:00Z,-115,-115
Jaylen Wright,receptions,1.5,betmgm,Miami Dolphins @ Minnesota Vikings,2026-10-04T20:05:00Z,150,-200
Ollie Gordon II,receptions,1.5,betmgm,Miami Dolphins @ Minnesota Vikings,2026-10-04T20:05:00Z,175,-235
Greg Dulcich,receptions,2.5,betmgm,Miami Dolphins @ Minnesota Vikings,2026-10-04T20:05:00Z,-145,105
Malik Washington,receptions,4.5,betmgm,Miami Dolphins @ Minnesota Vikings,2026-10-04T20:05:00Z,120,-160
Aaron Jones,rush_yds,66.5,betmgm,Miami Dolphins @ Minnesota Vikings,2026-10-04T20:05:00Z,-115,-115
Malik Willis,rush_yds,30.5,betmgm,Miami Dolphins @ Minnesota Vikings,2026-10-04T20:05:00Z,-120,-111
Jaylen Wright,rush_yds,27.5,betmgm,Miami Dolphins @ Minnesota Vikings,2026-10-04T20:05:00Z,-120,-111
Ollie Gordon II,rush_yds,24.5,betmgm,Miami Dolphins @ Minnesota Vikings,2026-10-04T20:05:00Z,-110,-120
Christian McCaffrey,anytime_td,0.5,draftkings,Denver Broncos @ San Francisco 49ers,2026-10-04T20:25:00Z,-190,
J.K. Dobbins,anytime_td,0.5,draftkings,Denver Broncos @ San Francisco 49ers,2026-10-04T20:25:00Z,110,
George Kittle,anytime_td,0.5,draftkings,Denver Broncos @ San Francisco 49ers,2026-10-04T20:25:00Z,150,
Mike Evans,anytime_td,0.5,draftkings,Denver Broncos @ San Francisco 49ers,2026-10-04T20:25:00Z,150,
Deebo Samuel,anytime_td,0.5,draftkings,Denver Broncos @ San Francisco 49ers,2026-10-04T20:25:00Z,155,
Jaylen Waddle,anytime_td,0.5,draftkings,Denver Broncos @ San Francisco 49ers,2026-10-04T20:25:00Z,190,
Courtland Sutton,anytime_td,0.5,draftkings,Denver Broncos @ San Francisco 49ers,2026-10-04T20:25:00Z,205,
RJ Harvey,anytime_td,0.5,draftkings,Denver Broncos @ San Francisco 49ers,2026-10-04T20:25:00Z,240,
Kaelon Black,anytime_td,0.5,draftkings,Denver Broncos @ San Francisco 49ers,2026-10-04T20:25:00Z,330,
Brock Purdy,anytime_td,0.5,draftkings,Denver Broncos @ San Francisco 49ers,2026-10-04T20:25:00Z,360,
Bo Nix,anytime_td,0.5,draftkings,Denver Broncos @ San Francisco 49ers,2026-10-04T20:25:00Z,360,
Pat Bryant,anytime_td,0.5,draftkings,Denver Broncos @ San Francisco 49ers,2026-10-04T20:25:00Z,360,
Evan Engram,anytime_td,0.5,draftkings,Denver Broncos @ San Francisco 49ers,2026-10-04T20:25:00Z,475,
San Francisco 49ers D/ST,anytime_td,0.5,draftkings,Denver Broncos @ San Francisco 49ers,2026-10-04T20:25:00Z,550,
Jacob Cowing,anytime_td,0.5,draftkings,Denver Broncos @ San Francisco 49ers,2026-10-04T20:25:00Z,650,
Denver Broncos D/ST,anytime_td,0.5,draftkings,Denver Broncos @ San Francisco 49ers,2026-10-04T20:25:00Z,650,
Brandin Cooks,anytime_td,0.5,draftkings,Denver Broncos @ San Francisco 49ers,2026-10-04T20:25:00Z,650,
Jordan Watkins,anytime_td,0.5,draftkings,Denver Broncos @ San Francisco 49ers,2026-10-04T20:25:00Z,700,
Kyle Juszczyk,anytime_td,0.5,draftkings,Denver Broncos @ San Francisco 49ers,2026-10-04T20:25:00Z,800,
Adam Trautman,anytime_td,0.5,draftkings,Denver Broncos @ San Francisco 49ers,2026-10-04T20:25:00Z,850,
Luke Farrell,anytime_td,0.5,draftkings,Denver Broncos @ San Francisco 49ers,2026-10-04T20:25:00Z,900,
Marvin Mims Jr.,anytime_td,0.5,draftkings,Denver Broncos @ San Francisco 49ers,2026-10-04T20:25:00Z,900,
Troy Franklin,anytime_td,0.5,draftkings,Denver Broncos @ San Francisco 49ers,2026-10-04T20:25:00Z,950,
Tyler Badie,anytime_td,0.5,draftkings,Denver Broncos @ San Francisco 49ers,2026-10-04T20:25:00Z,1100,
Dallen Bentley,anytime_td,0.5,draftkings,Denver Broncos @ San Francisco 49ers,2026-10-04T20:25:00Z,1200,
Nate Adkins,anytime_td,0.5,draftkings,Denver Broncos @ San Francisco 49ers,2026-10-04T20:25:00Z,1300,
Brayden Willis,anytime_td,0.5,draftkings,Denver Broncos @ San Francisco 49ers,2026-10-04T20:25:00Z,2000,
James Jordan,anytime_td,0.5,draftkings,Denver Broncos @ San Francisco 49ers,2026-10-04T20:25:00Z,2500,
Adam Prentice,anytime_td,0.5,draftkings,Denver Broncos @ San Francisco 49ers,2026-10-04T20:25:00Z,2800,
Brock Purdy,pass_yds,234.5,draftkings,Denver Broncos @ San Francisco 49ers,2026-10-04T20:25:00Z,-112,-112
Bo Nix,pass_yds,227.5,draftkings,Denver Broncos @ San Francisco 49ers,2026-10-04T20:25:00Z,-111,-113
George Kittle,rec_yds,64.5,draftkings,Denver Broncos @ San Francisco 49ers,2026-10-04T20:25:00Z,-114,-110
Jaylen Waddle,rec_yds,59.5,draftkings,Denver Broncos @ San Francisco 49ers,2026-10-04T20:25:00Z,-113,-111
Christian McCaffrey,rec_yds,41.5,draftkings,Denver Broncos @ San Francisco 49ers,2026-10-04T20:25:00Z,-113,-111
Courtland Sutton,rec_yds,40.5,draftkings,Denver Broncos @ San Francisco 49ers,2026-10-04T20:25:00Z,-109,-115
Pat Bryant,rec_yds,23.5,draftkings,Denver Broncos @ San Francisco 49ers,2026-10-04T20:25:00Z,-112,-112
RJ Harvey,rec_yds,23.5,draftkings,Denver Broncos @ San Francisco 49ers,2026-10-04T20:25:00Z,-109,-116
Evan Engram,rec_yds,17.5,draftkings,Denver Broncos @ San Francisco 49ers,2026-10-04T20:25:00Z,-114,-110
Kyle Juszczyk,rec_yds,8.5,draftkings,Denver Broncos @ San Francisco 49ers,2026-10-04T20:25:00Z,-107,-117
Troy Franklin,rec_yds,5.5,draftkings,Denver Broncos @ San Francisco 49ers,2026-10-04T20:25:00Z,-113,-111
Adam Trautman,rec_yds,5.5,draftkings,Denver Broncos @ San Francisco 49ers,2026-10-04T20:25:00Z,-105,-119
George Kittle,receptions,4.5,draftkings,Denver Broncos @ San Francisco 49ers,2026-10-04T20:25:00Z,-150,118
Christian McCaffrey,receptions,4.5,draftkings,Denver Broncos @ San Francisco 49ers,2026-10-04T20:25:00Z,-137,107
Jaylen Waddle,receptions,4.5,draftkings,Denver Broncos @ San Francisco 49ers,2026-10-04T20:25:00Z,-118,-108
RJ Harvey,receptions,3.5,draftkings,Denver Broncos @ San Francisco 49ers,2026-10-04T20:25:00Z,-111,-115
Courtland Sutton,receptions,3.5,draftkings,Denver Broncos @ San Francisco 49ers,2026-10-04T20:25:00Z,103,-131
Evan Engram,receptions,2.5,draftkings,Denver Broncos @ San Francisco 49ers,2026-10-04T20:25:00Z,110,-140
Pat Bryant,receptions,2.5,draftkings,Denver Broncos @ San Francisco 49ers,2026-10-04T20:25:00Z,113,-145
Kyle Juszczyk,receptions,1.5,draftkings,Denver Broncos @ San Francisco 49ers,2026-10-04T20:25:00Z,164,-211
Adam Trautman,receptions,0.5,draftkings,Denver Broncos @ San Francisco 49ers,2026-10-04T20:25:00Z,-204,159
Troy Franklin,receptions,0.5,draftkings,Denver Broncos @ San Francisco 49ers,2026-10-04T20:25:00Z,-203,158
Christian McCaffrey,rush_yds,67.5,draftkings,Denver Broncos @ San Francisco 49ers,2026-10-04T20:25:00Z,-112,-112
J.K. Dobbins,rush_yds,59.5,draftkings,Denver Broncos @ San Francisco 49ers,2026-10-04T20:25:00Z,-112,-112
Kaelon Black,rush_yds,23.5,draftkings,Denver Broncos @ San Francisco 49ers,2026-10-04T20:25:00Z,-112,-112
Brock Purdy,rush_yds,17.5,draftkings,Denver Broncos @ San Francisco 49ers,2026-10-04T20:25:00Z,-112,-112
RJ Harvey,rush_yds,16.5,draftkings,Denver Broncos @ San Francisco 49ers,2026-10-04T20:25:00Z,-113,-111
Bo Nix,rush_yds,16.5,draftkings,Denver Broncos @ San Francisco 49ers,2026-10-04T20:25:00Z,-109,-115
Christian McCaffrey,anytime_td,0.5,fanduel,Denver Broncos @ San Francisco 49ers,2026-10-04T20:25:00Z,-185,
J.K. Dobbins,anytime_td,0.5,fanduel,Denver Broncos @ San Francisco 49ers,2026-10-04T20:25:00Z,130,
George Kittle,anytime_td,0.5,fanduel,Denver Broncos @ San Francisco 49ers,2026-10-04T20:25:00Z,150,
Deebo Samuel,anytime_td,0.5,fanduel,Denver Broncos @ San Francisco 49ers,2026-10-04T20:25:00Z,150,
Mike Evans,anytime_td,0.5,fanduel,Denver Broncos @ San Francisco 49ers,2026-10-04T20:25:00Z,150,
Jaylen Waddle,anytime_td,0.5,fanduel,Denver Broncos @ San Francisco 49ers,2026-10-04T20:25:00Z,200,
Courtland Sutton,anytime_td,0.5,fanduel,Denver Broncos @ San Francisco 49ers,2026-10-04T20:25:00Z,210,
RJ Harvey,anytime_td,0.5,fanduel,Denver Broncos @ San Francisco 49ers,2026-10-04T20:25:00Z,220,
Kaelon Black,anytime_td,0.5,fanduel,Denver Broncos @ San Francisco 49ers,2026-10-04T20:25:00Z,340,
Pat Bryant,anytime_td,0.5,fanduel,Denver Broncos @ San Francisco 49ers,2026-10-04T20:25:00Z,350,
Brock Purdy,anytime_td,0.5,fanduel,Denver Broncos @ San Francisco 49ers,2026-10-04T20:25:00Z,360,
Bo Nix,anytime_td,0.5,fanduel,Denver Broncos @ San Francisco 49ers,2026-10-04T20:25:00Z,400,
Evan Engram,anytime_td,0.5,fanduel,Denver Broncos @ San Francisco 49ers,2026-10-04T20:25:00Z,460,
Jacob Cowing,anytime_td,0.5,fanduel,Denver Broncos @ San Francisco 49ers,2026-10-04T20:25:00Z,600,
Brandin Cooks,anytime_td,0.5,fanduel,Denver Broncos @ San Francisco 49ers,2026-10-04T20:25:00Z,600,
Denver Broncos Defense,anytime_td,0.5,fanduel,Denver Broncos @ San Francisco 49ers,2026-10-04T20:25:00Z,650,
Jordan Watkins,anytime_td,0.5,fanduel,Denver Broncos @ San Francisco 49ers,2026-10-04T20:25:00Z,700,
San Francisco 49ers Defense,anytime_td,0.5,fanduel,Denver Broncos @ San Francisco 49ers,2026-10-04T20:25:00Z,750,
Kyle Juszczyk,anytime_td,0.5,fanduel,Denver Broncos @ San Francisco 49ers,2026-10-04T20:25:00Z,800,
Adam Trautman,anytime_td,0.5,fanduel,Denver Broncos @ San Francisco 49ers,2026-10-04T20:25:00Z,850,
Marvin Mims Jr.,anytime_td,0.5,fanduel,Denver Broncos @ San Francisco 49ers,2026-10-04T20:25:00Z,950,
Lil'Jordan Humphrey,anytime_td,0.5,fanduel,Denver Broncos @ San Francisco 49ers,2026-10-04T20:25:00Z,950,
Troy Franklin,anytime_td,0.5,fanduel,Denver Broncos @ San Francisco 49ers,2026-10-04T20:25:00Z,1000,
Dallen Bentley,anytime_td,0.5,fanduel,Denver Broncos @ San Francisco 49ers,2026-10-04T20:25:00Z,1000,
Nate Adkins,anytime_td,0.5,fanduel,Denver Broncos @ San Francisco 49ers,2026-10-04T20:25:00Z,1000,
Luke Farrell,anytime_td,0.5,fanduel,Denver Broncos @ San Francisco 49ers,2026-10-04T20:25:00Z,1000,
Tyler Badie,anytime_td,0.5,fanduel,Denver Broncos @ San Francisco 49ers,2026-10-04T20:25:00Z,1100,
Brayden Willis,anytime_td,0.5,fanduel,Denver Broncos @ San Francisco 49ers,2026-10-04T20:25:00Z,2000,
Adam Prentice,anytime_td,0.5,fanduel,Denver Broncos @ San Francisco 49ers,2026-10-04T20:25:00Z,2200,
James Jordan,anytime_td,0.5,fanduel,Denver Broncos @ San Francisco 49ers,2026-10-04T20:25:00Z,2700,
Bo Nix,pass_yds,221.5,fanduel,Denver Broncos @ San Francisco 49ers,2026-10-04T20:25:00Z,-113,-113
Brock Purdy,pass_yds,233.5,fanduel,Denver Broncos @ San Francisco 49ers,2026-10-04T20:25:00Z,-113,-113
Jaylen Waddle,rec_yds,56.5,fanduel,Denver Broncos @ San Francisco 49ers,2026-10-04T20:25:00Z,-113,-113
RJ Harvey,rec_yds,21.5,fanduel,Denver Broncos @ San Francisco 49ers,2026-10-04T20:25:00Z,-113,-113
Pat Bryant,rec_yds,22.5,fanduel,Denver Broncos @ San Francisco 49ers,2026-10-04T20:25:00Z,-113,-113
Kyle Juszczyk,rec_yds,8.5,fanduel,Denver Broncos @ San Francisco 49ers,2026-10-04T20:25:00Z,-113,-113
Adam Trautman,rec_yds,5.5,fanduel,Denver Broncos @ San Francisco 49ers,2026-10-04T20:25:00Z,-113,-113
Troy Franklin,rec_yds,5.5,fanduel,Denver Broncos @ San Francisco 49ers,2026-10-04T20:25:00Z,-113,-113
Evan Engram,rec_yds,17.5,fanduel,Denver Broncos @ San Francisco 49ers,2026-10-04T20:25:00Z,-113,-113
Christian McCaffrey,rec_yds,39.5,fanduel,Denver Broncos @ San Francisco 49ers,2026-10-04T20:25:00Z,-113,-113
George Kittle,rec_yds,64.5,fanduel,Denver Broncos @ San Francisco 49ers,2026-10-04T20:25:00Z,-113,-113
Courtland Sutton,rec_yds,38.5,fanduel,Denver Broncos @ San Francisco 49ers,2026-10-04T20:25:00Z,-113,-113
Kyle Juszczyk,receptions,1.5,fanduel,Denver Broncos @ San Francisco 49ers,2026-10-04T20:25:00Z,148,-200
RJ Harvey,receptions,3.5,fanduel,Denver Broncos @ San Francisco 49ers,2026-10-04T20:25:00Z,102,-136
Courtland Sutton,receptions,3.5,fanduel,Denver Broncos @ San Francisco 49ers,2026-10-04T20:25:00Z,114,-152
George Kittle,receptions,4.5,fanduel,Denver Broncos @ San Francisco 49ers,2026-10-04T20:25:00Z,-148,112
Troy Franklin,receptions,0.5,fanduel,Denver Broncos @ San Francisco 49ers,2026-10-04T20:25:00Z,-205,152
Christian McCaffrey,receptions,4.5,fanduel,Denver Broncos @ San Francisco 49ers,2026-10-04T20:25:00Z,-138,104
Pat Bryant,receptions,2.5,fanduel,Denver Broncos @ San Francisco 49ers,2026-10-04T20:25:00Z,118,-158
Evan Engram,receptions,2.5,fanduel,Denver Broncos @ San Francisco 49ers,2026-10-04T20:25:00Z,110,-146
Jaylen Waddle,receptions,4.5,fanduel,Denver Broncos @ San Francisco 49ers,2026-10-04T20:25:00Z,-106,-125
Adam Trautman,receptions,0.5,fanduel,Denver Broncos @ San Francisco 49ers,2026-10-04T20:25:00Z,-205,152
Christian McCaffrey,rush_yds,65.5,fanduel,Denver Broncos @ San Francisco 49ers,2026-10-04T20:25:00Z,-113,-113
RJ Harvey,rush_yds,15.5,fanduel,Denver Broncos @ San Francisco 49ers,2026-10-04T20:25:00Z,-113,-113
J.K. Dobbins,rush_yds,59.5,fanduel,Denver Broncos @ San Francisco 49ers,2026-10-04T20:25:00Z,-113,-113
Bo Nix,rush_yds,16.5,fanduel,Denver Broncos @ San Francisco 49ers,2026-10-04T20:25:00Z,-113,-113
Kaelon Black,rush_yds,23.5,fanduel,Denver Broncos @ San Francisco 49ers,2026-10-04T20:25:00Z,-113,-113
Brock Purdy,rush_yds,17.5,fanduel,Denver Broncos @ San Francisco 49ers,2026-10-04T20:25:00Z,-113,-113
Kenneth Walker III,anytime_td,0.5,draftkings,Kansas City Chiefs @ Las Vegas Raiders,2026-10-04T20:25:00Z,-175,
Ashton Jeanty,anytime_td,0.5,draftkings,Kansas City Chiefs @ Las Vegas Raiders,2026-10-04T20:25:00Z,-120,
Rashee Rice,anytime_td,0.5,draftkings,Kansas City Chiefs @ Las Vegas Raiders,2026-10-04T20:25:00Z,145,
Brock Bowers,anytime_td,0.5,draftkings,Kansas City Chiefs @ Las Vegas Raiders,2026-10-04T20:25:00Z,160,
Travis Kelce,anytime_td,0.5,draftkings,Kansas City Chiefs @ Las Vegas Raiders,2026-10-04T20:25:00Z,160,
Xavier Worthy,anytime_td,0.5,draftkings,Kansas City Chiefs @ Las Vegas Raiders,2026-10-04T20:25:00Z,235,
Tre Tucker,anytime_td,0.5,draftkings,Kansas City Chiefs @ Las Vegas Raiders,2026-10-04T20:25:00Z,330,
Patrick Mahomes,anytime_td,0.5,draftkings,Kansas City Chiefs @ Las Vegas Raiders,2026-10-04T20:25:00Z,400,
Michael Mayer,anytime_td,0.5,draftkings,Kansas City Chiefs @ Las Vegas Raiders,2026-10-04T20:25:00Z,425,
Tyquan Thornton,anytime_td,0.5,draftkings,Kansas City Chiefs @ Las Vegas Raiders,2026-10-04T20:25:00Z,475,
Emmett Johnson,anytime_td,0.5,draftkings,Kansas City Chiefs @ Las Vegas Raiders,2026-10-04T20:25:00Z,475,
Mike Washington Jr.,anytime_td,0.5,draftkings,Kansas City Chiefs @ Las Vegas Raiders,2026-10-04T20:25:00Z,500,
Jalen Nailor,anytime_td,0.5,draftkings,Kansas City Chiefs @ Las Vegas Raiders,2026-10-04T20:25:00Z,500,
Kansas City Chiefs D/ST,anytime_td,0.5,draftkings,Kansas City Chiefs @ Las Vegas Raiders,2026-10-04T20:25:00Z,550,
Brashard Smith,anytime_td,0.5,draftkings,Kansas City Chiefs @ Las Vegas Raiders,2026-10-04T20:25:00Z,600,
Las Vegas Raiders D/ST,anytime_td,0.5,draftkings,Kansas City Chiefs @ Las Vegas Raiders,2026-10-04T20:25:00Z,600,
Cody White,anytime_td,0.5,draftkings,Kansas City Chiefs @ Las Vegas Raiders,2026-10-04T20:25:00Z,600,
Noah Gray,anytime_td,0.5,draftkings,Kansas City Chiefs @ Las Vegas Raiders,2026-10-04T20:25:00Z,700,
Jalen Royals,anytime_td,0.5,draftkings,Kansas City Chiefs @ Las Vegas Raiders,2026-10-04T20:25:00Z,1000,
Malik Benson,anytime_td,0.5,draftkings,Kansas City Chiefs @ Las Vegas Raiders,2026-10-04T20:25:00Z,1100,
Dareke Young,anytime_td,0.5,draftkings,Kansas City Chiefs @ Las Vegas Raiders,2026-10-04T20:25:00Z,1400,
Kirk Cousins,anytime_td,0.5,draftkings,Kansas City Chiefs @ Las Vegas Raiders,2026-10-04T20:25:00Z,1500,
Connor Heyward,anytime_td,0.5,draftkings,Kansas City Chiefs @ Las Vegas Raiders,2026-10-04T20:25:00Z,1900,
Dylan Laube,anytime_td,0.5,draftkings,Kansas City Chiefs @ Las Vegas Raiders,2026-10-04T20:25:00Z,1900,
Jake Briningstool,anytime_td,0.5,draftkings,Kansas City Chiefs @ Las Vegas Raiders,2026-10-04T20:25:00Z,1900,
Ian Thomas,anytime_td,0.5,draftkings,Kansas City Chiefs @ Las Vegas Raiders,2026-10-04T20:25:00Z,2000,
Cyrus Allen,anytime_td,0.5,draftkings,Kansas City Chiefs @ Las Vegas Raiders,2026-10-04T20:25:00Z,2000,
Nikko Remigio,anytime_td,0.5,draftkings,Kansas City Chiefs @ Las Vegas Raiders,2026-10-04T20:25:00Z,2000,
Jared Wiley,anytime_td,0.5,draftkings,Kansas City Chiefs @ Las Vegas Raiders,2026-10-04T20:25:00Z,2000,
Patrick Mahomes,pass_yds,240.5,draftkings,Kansas City Chiefs @ Las Vegas Raiders,2026-10-04T20:25:00Z,-111,-113
Kirk Cousins,pass_yds,222.5,draftkings,Kansas City Chiefs @ Las Vegas Raiders,2026-10-04T20:25:00Z,-111,-113
Brock Bowers,rec_yds,73.5,draftkings,Kansas City Chiefs @ Las Vegas Raiders,2026-10-04T20:25:00Z,-111,-113
Rashee Rice,rec_yds,56.5,draftkings,Kansas City Chiefs @ Las Vegas Raiders,2026-10-04T20:25:00Z,-113,-111
Travis Kelce,rec_yds,49.5,draftkings,Kansas City Chiefs @ Las Vegas Raiders,2026-10-04T20:25:00Z,-110,-114
Tre Tucker,rec_yds,37.5,draftkings,Kansas City Chiefs @ Las Vegas Raiders,2026-10-04T20:25:00Z,-110,-114
Xavier Worthy,rec_yds,34.5,draftkings,Kansas City Chiefs @ Las Vegas Raiders,2026-10-04T20:25:00Z,-112,-112
Michael Mayer,rec_yds,23.5,draftkings,Kansas City Chiefs @ Las Vegas Raiders,2026-10-04T20:25:00Z,-110,-114
Kenneth Walker III,rec_yds,21.5,draftkings,Kansas City Chiefs @ Las Vegas Raiders,2026-10-04T20:25:00Z,-114,-110
Tyquan Thornton,rec_yds,20.5,draftkings,Kansas City Chiefs @ Las Vegas Raiders,2026-10-04T20:25:00Z,-116,-108
Ashton Jeanty,rec_yds,19.5,draftkings,Kansas City Chiefs @ Las Vegas Raiders,2026-10-04T20:25:00Z,-112,-112
Jalen Nailor,rec_yds,19.5,draftkings,Kansas City Chiefs @ Las Vegas Raiders,2026-10-04T20:25:00Z,-108,-116
Cody White,rec_yds,9.5,draftkings,Kansas City Chiefs @ Las Vegas Raiders,2026-10-04T20:25:00Z,-113,-111
Noah Gray,rec_yds,8.5,draftkings,Kansas City Chiefs @ Las Vegas Raiders,2026-10-04T20:25:00Z,-116,-108
Emmett Johnson,rec_yds,8.5,draftkings,Kansas City Chiefs @ Las Vegas Raiders,2026-10-04T20:25:00Z,-112,-112
Brock Bowers,receptions,6.5,draftkings,Kansas City Chiefs @ Las Vegas Raiders,2026-10-04T20:25:00Z,-145,114
Rashee Rice,receptions,4.5,draftkings,Kansas City Chiefs @ Las Vegas Raiders,2026-10-04T20:25:00Z,-143,112
Travis Kelce,receptions,4.5,draftkings,Kansas City Chiefs @ Las Vegas Raiders,2026-10-04T20:25:00Z,109,-139
Ashton Jeanty,receptions,3.5,draftkings,Kansas City Chiefs @ Las Vegas Raiders,2026-10-04T20:25:00Z,122,-155
Tre Tucker,receptions,3.5,draftkings,Kansas City Chiefs @ Las Vegas Raiders,2026-10-04T20:25:00Z,128,-164
Xavier Worthy,receptions,3.5,draftkings,Kansas City Chiefs @ Las Vegas Raiders,2026-10-04T20:25:00Z,138,-176
Kenneth Walker III,receptions,2.5,draftkings,Kansas City Chiefs @ Las Vegas Raiders,2026-10-04T20:25:00Z,-174,136
Michael Mayer,receptions,2.5,draftkings,Kansas City Chiefs @ Las Vegas Raiders,2026-10-04T20:25:00Z,-128,100
Jalen Nailor,receptions,1.5,draftkings,Kansas City Chiefs @ Las Vegas Raiders,2026-10-04T20:25:00Z,-156,122
Tyquan Thornton,receptions,1.5,draftkings,Kansas City Chiefs @ Las Vegas Raiders,2026-10-04T20:25:00Z,-108,-118
Noah Gray,receptions,1.5,draftkings,Kansas City Chiefs @ Las Vegas Raiders,2026-10-04T20:25:00Z,158,-204
Emmett Johnson,receptions,1.5,draftkings,Kansas City Chiefs @ Las Vegas Raiders,2026-10-04T20:25:00Z,161,-207
Cody White,receptions,1.5,draftkings,Kansas City Chiefs @ Las Vegas Raiders,2026-10-04T20:25:00Z,170,-220
Kenneth Walker III,rush_yds,88.5,draftkings,Kansas City Chiefs @ Las Vegas Raiders,2026-10-04T20:25:00Z,-110,-114
Ashton Jeanty,rush_yds,59.5,draftkings,Kansas City Chiefs @ Las Vegas Raiders,2026-10-04T20:25:00Z,-114,-110
Mike Washington Jr.,rush_yds,16.5,draftkings,Kansas City Chiefs @ Las Vegas Raiders,2026-10-04T20:25:00Z,-112,-112
Patrick Mahomes,rush_yds,15.5,draftkings,Kansas City Chiefs @ Las Vegas Raiders,2026-10-04T20:25:00Z,-114,-110
Emmett Johnson,rush_yds,15.5,draftkings,Kansas City Chiefs @ Las Vegas Raiders,2026-10-04T20:25:00Z,-112,-112
Kirk Cousins,rush_yds,0.5,draftkings,Kansas City Chiefs @ Las Vegas Raiders,2026-10-04T20:25:00Z,-103,-121
Kenneth Walker III,anytime_td,0.5,fanduel,Kansas City Chiefs @ Las Vegas Raiders,2026-10-04T20:25:00Z,-155,
Ashton Jeanty,anytime_td,0.5,fanduel,Kansas City Chiefs @ Las Vegas Raiders,2026-10-04T20:25:00Z,-135,
Rashee Rice,anytime_td,0.5,fanduel,Kansas City Chiefs @ Las Vegas Raiders,2026-10-04T20:25:00Z,135,
Travis Kelce,anytime_td,0.5,fanduel,Kansas City Chiefs @ Las Vegas Raiders,2026-10-04T20:25:00Z,145,
Brock Bowers,anytime_td,0.5,fanduel,Kansas City Chiefs @ Las Vegas Raiders,2026-10-04T20:25:00Z,170,
Xavier Worthy,anytime_td,0.5,fanduel,Kansas City Chiefs @ Las Vegas Raiders,2026-10-04T20:25:00Z,210,
Tre Tucker,anytime_td,0.5,fanduel,Kansas City Chiefs @ Las Vegas Raiders,2026-10-04T20:25:00Z,290,
Michael Mayer,anytime_td,0.5,fanduel,Kansas City Chiefs @ Las Vegas Raiders,2026-10-04T20:25:00Z,310,
Patrick Mahomes,anytime_td,0.5,fanduel,Kansas City Chiefs @ Las Vegas Raiders,2026-10-04T20:25:00Z,420,
Emmett Johnson,anytime_td,0.5,fanduel,Kansas City Chiefs @ Las Vegas Raiders,2026-10-04T20:25:00Z,420,
Jalen Nailor,anytime_td,0.5,fanduel,Kansas City Chiefs @ Las Vegas Raiders,2026-10-04T20:25:00Z,440,
Mike Washington Jr.,anytime_td,0.5,fanduel,Kansas City Chiefs @ Las Vegas Raiders,2026-10-04T20:25:00Z,440,
Tyquan Thornton,anytime_td,0.5,fanduel,Kansas City Chiefs @ Las Vegas Raiders,2026-10-04T20:25:00Z,440,
Cody White,anytime_td,0.5,fanduel,Kansas City Chiefs @ Las Vegas Raiders,2026-10-04T20:25:00Z,550,
Brashard Smith,anytime_td,0.5,fanduel,Kansas City Chiefs @ Las Vegas Raiders,2026-10-04T20:25:00Z,600,
Las Vegas Raiders Defense,anytime_td,0.5,fanduel,Kansas City Chiefs @ Las Vegas Raiders,2026-10-04T20:25:00Z,650,
Kansas City Chiefs Defense,anytime_td,0.5,fanduel,Kansas City Chiefs @ Las Vegas Raiders,2026-10-04T20:25:00Z,650,
Noah Gray,anytime_td,0.5,fanduel,Kansas City Chiefs @ Las Vegas Raiders,2026-10-04T20:25:00Z,650,
Jalen Royals,anytime_td,0.5,fanduel,Kansas City Chiefs @ Las Vegas Raiders,2026-10-04T20:25:00Z,950,
Malik Benson,anytime_td,0.5,fanduel,Kansas City Chiefs @ Las Vegas Raiders,2026-10-04T20:25:00Z,1300,
Dareke Young,anytime_td,0.5,fanduel,Kansas City Chiefs @ Las Vegas Raiders,2026-10-04T20:25:00Z,1700,
Kirk Cousins,anytime_td,0.5,fanduel,Kansas City Chiefs @ Las Vegas Raiders,2026-10-04T20:25:00Z,1800,
Jared Wiley,anytime_td,0.5,fanduel,Kansas City Chiefs @ Las Vegas Raiders,2026-10-04T20:25:00Z,2000,
Jake Briningstool,anytime_td,0.5,fanduel,Kansas City Chiefs @ Las Vegas Raiders,2026-10-04T20:25:00Z,2000,
Connor Heyward,anytime_td,0.5,fanduel,Kansas City Chiefs @ Las Vegas Raiders,2026-10-04T20:25:00Z,2200,
Ian Thomas,anytime_td,0.5,fanduel,Kansas City Chiefs @ Las Vegas Raiders,2026-10-04T20:25:00Z,2200,
Nikko Remigio,anytime_td,0.5,fanduel,Kansas City Chiefs @ Las Vegas Raiders,2026-10-04T20:25:00Z,2700,
Cyrus Allen,anytime_td,0.5,fanduel,Kansas City Chiefs @ Las Vegas Raiders,2026-10-04T20:25:00Z,2700,
Dylan Laube,anytime_td,0.5,fanduel,Kansas City Chiefs @ Las Vegas Raiders,2026-10-04T20:25:00Z,2700,
Kirk Cousins,pass_yds,223.5,fanduel,Kansas City Chiefs @ Las Vegas Raiders,2026-10-04T20:25:00Z,-113,-113
Patrick Mahomes,pass_yds,236.5,fanduel,Kansas City Chiefs @ Las Vegas Raiders,2026-10-04T20:25:00Z,-113,-113
Xavier Worthy,rec_yds,33.5,fanduel,Kansas City Chiefs @ Las Vegas Raiders,2026-10-04T20:25:00Z,-113,-113
Tyquan Thornton,rec_yds,22.5,fanduel,Kansas City Chiefs @ Las Vegas Raiders,2026-10-04T20:25:00Z,-113,-113
Michael Mayer,rec_yds,21.5,fanduel,Kansas City Chiefs @ Las Vegas Raiders,2026-10-04T20:25:00Z,-113,-113
Cody White,rec_yds,9.5,fanduel,Kansas City Chiefs @ Las Vegas Raiders,2026-10-04T20:25:00Z,-113,-113
Travis Kelce,rec_yds,47.5,fanduel,Kansas City Chiefs @ Las Vegas Raiders,2026-10-04T20:25:00Z,-113,-113
Emmett Johnson,rec_yds,8.5,fanduel,Kansas City Chiefs @ Las Vegas Raiders,2026-10-04T20:25:00Z,-113,-113
Rashee Rice,rec_yds,55.5,fanduel,Kansas City Chiefs @ Las Vegas Raiders,2026-10-04T20:25:00Z,-113,-113
Ashton Jeanty,rec_yds,19.5,fanduel,Kansas City Chiefs @ Las Vegas Raiders,2026-10-04T20:25:00Z,-113,-113
Tre Tucker,rec_yds,38.5,fanduel,Kansas City Chiefs @ Las Vegas Raiders,2026-10-04T20:25:00Z,-113,-113
Noah Gray,rec_yds,8.5,fanduel,Kansas City Chiefs @ Las Vegas Raiders,2026-10-04T20:25:00Z,-113,-113
Jalen Nailor,rec_yds,19.5,fanduel,Kansas City Chiefs @ Las Vegas Raiders,2026-10-04T20:25:00Z,-113,-113
Kenneth Walker III,rec_yds,20.5,fanduel,Kansas City Chiefs @ Las Vegas Raiders,2026-10-04T20:25:00Z,-113,-113
Brock Bowers,rec_yds,72.5,fanduel,Kansas City Chiefs @ Las Vegas Raiders,2026-10-04T20:25:00Z,-113,-113
Rashee Rice,receptions,4.5,fanduel,Kansas City Chiefs @ Las Vegas Raiders,2026-10-04T20:25:00Z,-130,-102
Cody White,receptions,1.5,fanduel,Kansas City Chiefs @ Las Vegas Raiders,2026-10-04T20:25:00Z,148,-200
Xavier Worthy,receptions,3.5,fanduel,Kansas City Chiefs @ Las Vegas Raiders,2026-10-04T20:25:00Z,134,-180
Jalen Nailor,receptions,1.5,fanduel,Kansas City Chiefs @ Las Vegas Raiders,2026-10-04T20:25:00Z,-172,128
Emmett Johnson,receptions,1.5,fanduel,Kansas City Chiefs @ Las Vegas Raiders,2026-10-04T20:25:00Z,144,-194
Travis Kelce,receptions,4.5,fanduel,Kansas City Chiefs @ Las Vegas Raiders,2026-10-04T20:25:00Z,106,-140
Tyquan Thornton,receptions,1.5,fanduel,Kansas City Chiefs @ Las Vegas Raiders,2026-10-04T20:25:00Z,-102,-130
Noah Gray,receptions,1.5,fanduel,Kansas City Chiefs @ Las Vegas Raiders,2026-10-04T20:25:00Z,154,-210
Michael Mayer,receptions,2.5,fanduel,Kansas City Chiefs @ Las Vegas Raiders,2026-10-04T20:25:00Z,-128,-104
Tre Tucker,receptions,3.5,fanduel,Kansas City Chiefs @ Las Vegas Raiders,2026-10-04T20:25:00Z,118,-158
Brock Bowers,receptions,6.5,fanduel,Kansas City Chiefs @ Las Vegas Raiders,2026-10-04T20:25:00Z,-138,104
Ashton Jeanty,receptions,3.5,fanduel,Kansas City Chiefs @ Las Vegas Raiders,2026-10-04T20:25:00Z,120,-160
Kenneth Walker III,receptions,2.5,fanduel,Kansas City Chiefs @ Las Vegas Raiders,2026-10-04T20:25:00Z,-154,116
Emmett Johnson,rush_yds,17.5,fanduel,Kansas City Chiefs @ Las Vegas Raiders,2026-10-04T20:25:00Z,-113,-113
Patrick Mahomes,rush_yds,15.5,fanduel,Kansas City Chiefs @ Las Vegas Raiders,2026-10-04T20:25:00Z,-113,-113
Mike Washington Jr.,rush_yds,16.5,fanduel,Kansas City Chiefs @ Las Vegas Raiders,2026-10-04T20:25:00Z,-113,-113
Kirk Cousins,rush_yds,0.5,fanduel,Kansas City Chiefs @ Las Vegas Raiders,2026-10-04T20:25:00Z,-102,-125
Kenneth Walker III,rush_yds,86.5,fanduel,Kansas City Chiefs @ Las Vegas Raiders,2026-10-04T20:25:00Z,-113,-113
Ashton Jeanty,rush_yds,57.5,fanduel,Kansas City Chiefs @ Las Vegas Raiders,2026-10-04T20:25:00Z,-113,-113
Xavier Worthy,anytime_td,0.5,betmgm,Kansas City Chiefs @ Las Vegas Raiders,2026-10-04T20:25:00Z,260,
Emmett Johnson,anytime_td,0.5,betmgm,Kansas City Chiefs @ Las Vegas Raiders,2026-10-04T20:25:00Z,310,
Patrick Mahomes,anytime_td,0.5,betmgm,Kansas City Chiefs @ Las Vegas Raiders,2026-10-04T20:25:00Z,425,
Michael Mayer,anytime_td,0.5,betmgm,Kansas City Chiefs @ Las Vegas Raiders,2026-10-04T20:25:00Z,400,
Noah Gray,anytime_td,0.5,betmgm,Kansas City Chiefs @ Las Vegas Raiders,2026-10-04T20:25:00Z,700,
Connor Heyward,anytime_td,0.5,betmgm,Kansas City Chiefs @ Las Vegas Raiders,2026-10-04T20:25:00Z,850,
Travis Kelce,anytime_td,0.5,betmgm,Kansas City Chiefs @ Las Vegas Raiders,2026-10-04T20:25:00Z,165,
Kenneth Walker III,anytime_td,0.5,betmgm,Kansas City Chiefs @ Las Vegas Raiders,2026-10-04T20:25:00Z,-175,
Jalen Nailor,anytime_td,0.5,betmgm,Kansas City Chiefs @ Las Vegas Raiders,2026-10-04T20:25:00Z,500,
Cody White,anytime_td,0.5,betmgm,Kansas City Chiefs @ Las Vegas Raiders,2026-10-04T20:25:00Z,650,
Kansas City Chiefs D/ST,anytime_td,0.5,betmgm,Kansas City Chiefs @ Las Vegas Raiders,2026-10-04T20:25:00Z,500,
Tre Tucker,anytime_td,0.5,betmgm,Kansas City Chiefs @ Las Vegas Raiders,2026-10-04T20:25:00Z,310,
Brock Bowers,anytime_td,0.5,betmgm,Kansas City Chiefs @ Las Vegas Raiders,2026-10-04T20:25:00Z,135,
Mike Washington Jr.,anytime_td,0.5,betmgm,Kansas City Chiefs @ Las Vegas Raiders,2026-10-04T20:25:00Z,575,
Tyquan Thornton,anytime_td,0.5,betmgm,Kansas City Chiefs @ Las Vegas Raiders,2026-10-04T20:25:00Z,390,
Ashton Jeanty,anytime_td,0.5,betmgm,Kansas City Chiefs @ Las Vegas Raiders,2026-10-04T20:25:00Z,-120,
Kirk Cousins,anytime_td,0.5,betmgm,Kansas City Chiefs @ Las Vegas Raiders,2026-10-04T20:25:00Z,1400,
Rashee Rice,anytime_td,0.5,betmgm,Kansas City Chiefs @ Las Vegas Raiders,2026-10-04T20:25:00Z,165,
Dylan Laube,anytime_td,0.5,betmgm,Kansas City Chiefs @ Las Vegas Raiders,2026-10-04T20:25:00Z,1700,
Las Vegas Raiders D/ST,anytime_td,0.5,betmgm,Kansas City Chiefs @ Las Vegas Raiders,2026-10-04T20:25:00Z,525,
Malik Benson,anytime_td,0.5,betmgm,Kansas City Chiefs @ Las Vegas Raiders,2026-10-04T20:25:00Z,1350,
Cyrus Allen,anytime_td,0.5,betmgm,Kansas City Chiefs @ Las Vegas Raiders,2026-10-04T20:25:00Z,2800,
Jalen Royals,anytime_td,0.5,betmgm,Kansas City Chiefs @ Las Vegas Raiders,2026-10-04T20:25:00Z,1150,
Jake Briningstool,anytime_td,0.5,betmgm,Kansas City Chiefs @ Las Vegas Raiders,2026-10-04T20:25:00Z,1900,
Kirk Cousins,pass_yds,229.5,betmgm,Kansas City Chiefs @ Las Vegas Raiders,2026-10-04T20:25:00Z,-115,-115
Patrick Mahomes,pass_yds,236.5,betmgm,Kansas City Chiefs @ Las Vegas Raiders,2026-10-04T20:25:00Z,-115,-115
Xavier Worthy,rec_yds,35.5,betmgm,Kansas City Chiefs @ Las Vegas Raiders,2026-10-04T20:25:00Z,-111,-118
Noah Gray,rec_yds,8.5,betmgm,Kansas City Chiefs @ Las Vegas Raiders,2026-10-04T20:25:00Z,-120,-110
Rashee Rice,rec_yds,55.5,betmgm,Kansas City Chiefs @ Las Vegas Raiders,2026-10-04T20:25:00Z,-115,-115
Tyquan Thornton,rec_yds,21.5,betmgm,Kansas City Chiefs @ Las Vegas Raiders,2026-10-04T20:25:00Z,-115,-115
Kenneth Walker III,rec_yds,23.5,betmgm,Kansas City Chiefs @ Las Vegas Raiders,2026-10-04T20:25:00Z,-115,-115
Ashton Jeanty,rec_yds,21.5,betmgm,Kansas City Chiefs @ Las Vegas Raiders,2026-10-04T20:25:00Z,-115,-115
Jalen Nailor,rec_yds,21.5,betmgm,Kansas City Chiefs @ Las Vegas Raiders,2026-10-04T20:25:00Z,-115,-115
Tre Tucker,rec_yds,37.5,betmgm,Kansas City Chiefs @ Las Vegas Raiders,2026-10-04T20:25:00Z,-115,-115
Travis Kelce,rec_yds,46.5,betmgm,Kansas City Chiefs @ Las Vegas Raiders,2026-10-04T20:25:00Z,-115,-115
Michael Mayer,rec_yds,23.5,betmgm,Kansas City Chiefs @ Las Vegas Raiders,2026-10-04T20:25:00Z,-115,-115
Brock Bowers,rec_yds,74.5,betmgm,Kansas City Chiefs @ Las Vegas Raiders,2026-10-04T20:25:00Z,-115,-115
Cody White,rec_yds,11.5,betmgm,Kansas City Chiefs @ Las Vegas Raiders,2026-10-04T20:25:00Z,-115,-115
Emmett Johnson,rec_yds,7.5,betmgm,Kansas City Chiefs @ Las Vegas Raiders,2026-10-04T20:25:00Z,-120,-111
Tyquan Thornton,receptions,1.5,betmgm,Kansas City Chiefs @ Las Vegas Raiders,2026-10-04T20:25:00Z,100,-135
Jalen Nailor,receptions,1.5,betmgm,Kansas City Chiefs @ Las Vegas Raiders,2026-10-04T20:25:00Z,-190,140
Tre Tucker,receptions,3.5,betmgm,Kansas City Chiefs @ Las Vegas Raiders,2026-10-04T20:25:00Z,110,-150
Xavier Worthy,receptions,3.5,betmgm,Kansas City Chiefs @ Las Vegas Raiders,2026-10-04T20:25:00Z,125,-165
Noah Gray,receptions,1.5,betmgm,Kansas City Chiefs @ Las Vegas Raiders,2026-10-04T20:25:00Z,145,-200
Travis Kelce,receptions,4.5,betmgm,Kansas City Chiefs @ Las Vegas Raiders,2026-10-04T20:25:00Z,105,-140
Brock Bowers,receptions,6.5,betmgm,Kansas City Chiefs @ Las Vegas Raiders,2026-10-04T20:25:00Z,-155,115
Michael Mayer,receptions,2.5,betmgm,Kansas City Chiefs @ Las Vegas Raiders,2026-10-04T20:25:00Z,-145,105
Rashee Rice,receptions,4.5,betmgm,Kansas City Chiefs @ Las Vegas Raiders,2026-10-04T20:25:00Z,-155,115
Ashton Jeanty,receptions,3.5,betmgm,Kansas City Chiefs @ Las Vegas Raiders,2026-10-04T20:25:00Z,100,-135
Cody White,receptions,1.5,betmgm,Kansas City Chiefs @ Las Vegas Raiders,2026-10-04T20:25:00Z,175,-235
Kenneth Walker III,receptions,3.5,betmgm,Kansas City Chiefs @ Las Vegas Raiders,2026-10-04T20:25:00Z,130,-175
Emmett Johnson,receptions,1.5,betmgm,Kansas City Chiefs @ Las Vegas Raiders,2026-10-04T20:25:00Z,135,-185
Patrick Mahomes,rush_yds,15.5,betmgm,Kansas City Chiefs @ Las Vegas Raiders,2026-10-04T20:25:00Z,-111,-118
Mike Washington Jr.,rush_yds,16.5,betmgm,Kansas City Chiefs @ Las Vegas Raiders,2026-10-04T20:25:00Z,-115,-115
Emmett Johnson,rush_yds,16.5,betmgm,Kansas City Chiefs @ Las Vegas Raiders,2026-10-04T20:25:00Z,-111,-118
Ashton Jeanty,rush_yds,58.5,betmgm,Kansas City Chiefs @ Las Vegas Raiders,2026-10-04T20:25:00Z,-111,-118
Kenneth Walker III,rush_yds,85.5,betmgm,Kansas City Chiefs @ Las Vegas Raiders,2026-10-04T20:25:00Z,-115,-115
Jaxon Smith-Njigba,anytime_td,0.5,draftkings,Los Angeles Chargers @ Seattle Seahawks,2026-10-04T20:25:00Z,-130,
Omarion Hampton,anytime_td,0.5,draftkings,Los Angeles Chargers @ Seattle Seahawks,2026-10-04T20:25:00Z,130,
Emanuel Wilson,anytime_td,0.5,draftkings,Los Angeles Chargers @ Seattle Seahawks,2026-10-04T20:25:00Z,135,
George Holani,anytime_td,0.5,draftkings,Los Angeles Chargers @ Seattle Seahawks,2026-10-04T20:25:00Z,150,
AJ Barner,anytime_td,0.5,draftkings,Los Angeles Chargers @ Seattle Seahawks,2026-10-04T20:25:00Z,260,
Ladd McConkey,anytime_td,0.5,draftkings,Los Angeles Chargers @ Seattle Seahawks,2026-10-04T20:25:00Z,290,
Rashid Shaheed,anytime_td,0.5,draftkings,Los Angeles Chargers @ Seattle Seahawks,2026-10-04T20:25:00Z,320,
Cooper Kupp,anytime_td,0.5,draftkings,Los Angeles Chargers @ Seattle Seahawks,2026-10-04T20:25:00Z,320,
Quentin Johnston,anytime_td,0.5,draftkings,Los Angeles Chargers @ Seattle Seahawks,2026-10-04T20:25:00Z,350,
Oronde Gadsden II,anytime_td,0.5,draftkings,Los Angeles Chargers @ Seattle Seahawks,2026-10-04T20:25:00Z,370,
Tre Harris,anytime_td,0.5,draftkings,Los Angeles Chargers @ Seattle Seahawks,2026-10-04T20:25:00Z,450,
Keaton Mitchell,anytime_td,0.5,draftkings,Los Angeles Chargers @ Seattle Seahawks,2026-10-04T20:25:00Z,450,
Seattle Seahawks D/ST,anytime_td,0.5,draftkings,Los Angeles Chargers @ Seattle Seahawks,2026-10-04T20:25:00Z,550,
Justin Herbert,anytime_td,0.5,draftkings,Los Angeles Chargers @ Seattle Seahawks,2026-10-04T20:25:00Z,650,
Los Angeles Chargers D/ST,anytime_td,0.5,draftkings,Los Angeles Chargers @ Seattle Seahawks,2026-10-04T20:25:00Z,700,
Tory Horton,anytime_td,0.5,draftkings,Los Angeles Chargers @ Seattle Seahawks,2026-10-04T20:25:00Z,800,
Sam Darnold,anytime_td,0.5,draftkings,Los Angeles Chargers @ Seattle Seahawks,2026-10-04T20:25:00Z,950,
Eric Saubert,anytime_td,0.5,draftkings,Los Angeles Chargers @ Seattle Seahawks,2026-10-04T20:25:00Z,1100,
Elijah Arroyo,anytime_td,0.5,draftkings,Los Angeles Chargers @ Seattle Seahawks,2026-10-04T20:25:00Z,1200,
Derius Davis,anytime_td,0.5,draftkings,Los Angeles Chargers @ Seattle Seahawks,2026-10-04T20:25:00Z,1200,
Nick Kallerup,anytime_td,0.5,draftkings,Los Angeles Chargers @ Seattle Seahawks,2026-10-04T20:25:00Z,1500,
Kimani Vidal,anytime_td,0.5,draftkings,Los Angeles Chargers @ Seattle Seahawks,2026-10-04T20:25:00Z,1500,
Marquez Valdes-Scantling,anytime_td,0.5,draftkings,Los Angeles Chargers @ Seattle Seahawks,2026-10-04T20:25:00Z,2000,
Hayden Rucci,anytime_td,0.5,draftkings,Los Angeles Chargers @ Seattle Seahawks,2026-10-04T20:25:00Z,2500,
Montorie Foster Jr.,anytime_td,0.5,draftkings,Los Angeles Chargers @ Seattle Seahawks,2026-10-04T20:25:00Z,2500,
Brady Russell,anytime_td,0.5,draftkings,Los Angeles Chargers @ Seattle Seahawks,2026-10-04T20:25:00Z,2800,
Alec Ingold,anytime_td,0.5,draftkings,Los Angeles Chargers @ Seattle Seahawks,2026-10-04T20:25:00Z,3000,
Sam Darnold,pass_yds,234.5,draftkings,Los Angeles Chargers @ Seattle Seahawks,2026-10-04T20:25:00Z,-113,-111
Justin Herbert,pass_yds,200.5,draftkings,Los Angeles Chargers @ Seattle Seahawks,2026-10-04T20:25:00Z,-111,-113
Jaxon Smith-Njigba,rec_yds,92.5,draftkings,Los Angeles Chargers @ Seattle Seahawks,2026-10-04T20:25:00Z,-111,-113
Ladd McConkey,rec_yds,47.5,draftkings,Los Angeles Chargers @ Seattle Seahawks,2026-10-04T20:25:00Z,-111,-113
Tre Harris,rec_yds,38.5,draftkings,Los Angeles Chargers @ Seattle Seahawks,2026-10-04T20:25:00Z,-111,-113
Quentin Johnston,rec_yds,34.5,draftkings,Los Angeles Chargers @ Seattle Seahawks,2026-10-04T20:25:00Z,-114,-110
AJ Barner,rec_yds,30.5,draftkings,Los Angeles Chargers @ Seattle Seahawks,2026-10-04T20:25:00Z,-109,-115
Oronde Gadsden II,rec_yds,28.5,draftkings,Los Angeles Chargers @ Seattle Seahawks,2026-10-04T20:25:00Z,-109,-115
Cooper Kupp,rec_yds,24.5,draftkings,Los Angeles Chargers @ Seattle Seahawks,2026-10-04T20:25:00Z,-111,-113
Rashid Shaheed,rec_yds,21.5,draftkings,Los Angeles Chargers @ Seattle Seahawks,2026-10-04T20:25:00Z,-114,-110
Keaton Mitchell,rec_yds,11.5,draftkings,Los Angeles Chargers @ Seattle Seahawks,2026-10-04T20:25:00Z,-111,-113
George Holani,rec_yds,11.5,draftkings,Los Angeles Chargers @ Seattle Seahawks,2026-10-04T20:25:00Z,-106,-118
Tory Horton,rec_yds,10.5,draftkings,Los Angeles Chargers @ Seattle Seahawks,2026-10-04T20:25:00Z,-117,-108
Omarion Hampton,rec_yds,5.5,draftkings,Los Angeles Chargers @ Seattle Seahawks,2026-10-04T20:25:00Z,-120,-105
Jaxon Smith-Njigba,receptions,7.5,draftkings,Los Angeles Chargers @ Seattle Seahawks,2026-10-04T20:25:00Z,112,-143
Ladd McConkey,receptions,4.5,draftkings,Los Angeles Chargers @ Seattle Seahawks,2026-10-04T20:25:00Z,127,-163
Tre Harris,receptions,3.5,draftkings,Los Angeles Chargers @ Seattle Seahawks,2026-10-04T20:25:00Z,119,-152
AJ Barner,receptions,3.5,draftkings,Los Angeles Chargers @ Seattle Seahawks,2026-10-04T20:25:00Z,138,-177
Quentin Johnston,receptions,2.5,draftkings,Los Angeles Chargers @ Seattle Seahawks,2026-10-04T20:25:00Z,-175,136
Oronde Gadsden II,receptions,2.5,draftkings,Los Angeles Chargers @ Seattle Seahawks,2026-10-04T20:25:00Z,-156,122
Cooper Kupp,receptions,2.5,draftkings,Los Angeles Chargers @ Seattle Seahawks,2026-10-04T20:25:00Z,107,-136
Rashid Shaheed,receptions,2.5,draftkings,Los Angeles Chargers @ Seattle Seahawks,2026-10-04T20:25:00Z,147,-188
George Holani,receptions,1.5,draftkings,Los Angeles Chargers @ Seattle Seahawks,2026-10-04T20:25:00Z,-139,109
Keaton Mitchell,receptions,1.5,draftkings,Los Angeles Chargers @ Seattle Seahawks,2026-10-04T20:25:00Z,-114,-112
Omarion Hampton,receptions,1.5,draftkings,Los Angeles Chargers @ Seattle Seahawks,2026-10-04T20:25:00Z,122,-156
Tory Horton,receptions,1.5,draftkings,Los Angeles Chargers @ Seattle Seahawks,2026-10-04T20:25:00Z,154,-198
Emanuel Wilson,rush_yds,47.5,draftkings,Los Angeles Chargers @ Seattle Seahawks,2026-10-04T20:25:00Z,-114,-110
Omarion Hampton,rush_yds,46.5,draftkings,Los Angeles Chargers @ Seattle Seahawks,2026-10-04T20:25:00Z,-114,-110
George Holani,rush_yds,34.5,draftkings,Los Angeles Chargers @ Seattle Seahawks,2026-10-04T20:25:00Z,-113,-111
Justin Herbert,rush_yds,20.5,draftkings,Los Angeles Chargers @ Seattle Seahawks,2026-10-04T20:25:00Z,-117,-107
Keaton Mitchell,rush_yds,17.5,draftkings,Los Angeles Chargers @ Seattle Seahawks,2026-10-04T20:25:00Z,-110,-114
Sam Darnold,rush_yds,4.5,draftkings,Los Angeles Chargers @ Seattle Seahawks,2026-10-04T20:25:00Z,-116,-109
Jaxon Smith-Njigba,anytime_td,0.5,fanduel,Los Angeles Chargers @ Seattle Seahawks,2026-10-04T20:25:00Z,-135,
Omarion Hampton,anytime_td,0.5,fanduel,Los Angeles Chargers @ Seattle Seahawks,2026-10-04T20:25:00Z,130,
Emanuel Wilson,anytime_td,0.5,fanduel,Los Angeles Chargers @ Seattle Seahawks,2026-10-04T20:25:00Z,140,
George Holani,anytime_td,0.5,fanduel,Los Angeles Chargers @ Seattle Seahawks,2026-10-04T20:25:00Z,160,
AJ Barner,anytime_td,0.5,fanduel,Los Angeles Chargers @ Seattle Seahawks,2026-10-04T20:25:00Z,260,
Rashid Shaheed,anytime_td,0.5,fanduel,Los Angeles Chargers @ Seattle Seahawks,2026-10-04T20:25:00Z,260,
Cooper Kupp,anytime_td,0.5,fanduel,Los Angeles Chargers @ Seattle Seahawks,2026-10-04T20:25:00Z,300,
Ladd McConkey,anytime_td,0.5,fanduel,Los Angeles Chargers @ Seattle Seahawks,2026-10-04T20:25:00Z,300,
Quentin Johnston,anytime_td,0.5,fanduel,Los Angeles Chargers @ Seattle Seahawks,2026-10-04T20:25:00Z,330,
Oronde Gadsden II,anytime_td,0.5,fanduel,Los Angeles Chargers @ Seattle Seahawks,2026-10-04T20:25:00Z,350,
Tre Harris,anytime_td,0.5,fanduel,Los Angeles Chargers @ Seattle Seahawks,2026-10-04T20:25:00Z,500,
Keaton Mitchell,anytime_td,0.5,fanduel,Los Angeles Chargers @ Seattle Seahawks,2026-10-04T20:25:00Z,600,
Justin Herbert,anytime_td,0.5,fanduel,Los Angeles Chargers @ Seattle Seahawks,2026-10-04T20:25:00Z,700,
Seattle Seahawks Defense,anytime_td,0.5,fanduel,Los Angeles Chargers @ Seattle Seahawks,2026-10-04T20:25:00Z,700,
Tory Horton,anytime_td,0.5,fanduel,Los Angeles Chargers @ Seattle Seahawks,2026-10-04T20:25:00Z,750,
Eric Saubert,anytime_td,0.5,fanduel,Los Angeles Chargers @ Seattle Seahawks,2026-10-04T20:25:00Z,950,
Sam Darnold,anytime_td,0.5,fanduel,Los Angeles Chargers @ Seattle Seahawks,2026-10-04T20:25:00Z,1000,
Brenen Thompson,anytime_td,0.5,fanduel,Los Angeles Chargers @ Seattle Seahawks,2026-10-04T20:25:00Z,1200,
Nick Kallerup,anytime_td,0.5,fanduel,Los Angeles Chargers @ Seattle Seahawks,2026-10-04T20:25:00Z,1200,
Elijah Arroyo,anytime_td,0.5,fanduel,Los Angeles Chargers @ Seattle Seahawks,2026-10-04T20:25:00Z,1200,
Derius Davis,anytime_td,0.5,fanduel,Los Angeles Chargers @ Seattle Seahawks,2026-10-04T20:25:00Z,1200,
Los Angeles Chargers Defense,anytime_td,0.5,fanduel,Los Angeles Chargers @ Seattle Seahawks,2026-10-04T20:25:00Z,1300,
Kimani Vidal,anytime_td,0.5,fanduel,Los Angeles Chargers @ Seattle Seahawks,2026-10-04T20:25:00Z,1700,
Marquez Valdes-Scantling,anytime_td,0.5,fanduel,Los Angeles Chargers @ Seattle Seahawks,2026-10-04T20:25:00Z,1900,
Hayden Rucci,anytime_td,0.5,fanduel,Los Angeles Chargers @ Seattle Seahawks,2026-10-04T20:25:00Z,1900,
Montorie Foster Jr.,anytime_td,0.5,fanduel,Los Angeles Chargers @ Seattle Seahawks,2026-10-04T20:25:00Z,2000,
Alec Ingold,anytime_td,0.5,fanduel,Los Angeles Chargers @ Seattle Seahawks,2026-10-04T20:25:00Z,3300,
Brady Russell,anytime_td,0.5,fanduel,Los Angeles Chargers @ Seattle Seahawks,2026-10-04T20:25:00Z,3500,
Justin Herbert,pass_yds,199.5,fanduel,Los Angeles Chargers @ Seattle Seahawks,2026-10-04T20:25:00Z,-113,-113
Sam Darnold,pass_yds,233.5,fanduel,Los Angeles Chargers @ Seattle Seahawks,2026-10-04T20:25:00Z,-113,-113
Tory Horton,rec_yds,11.5,fanduel,Los Angeles Chargers @ Seattle Seahawks,2026-10-04T20:25:00Z,-113,-113
Omarion Hampton,rec_yds,5.5,fanduel,Los Angeles Chargers @ Seattle Seahawks,2026-10-04T20:25:00Z,-120,-106
Keaton Mitchell,rec_yds,10.5,fanduel,Los Angeles Chargers @ Seattle Seahawks,2026-10-04T20:25:00Z,-113,-113
Oronde Gadsden II,rec_yds,27.5,fanduel,Los Angeles Chargers @ Seattle Seahawks,2026-10-04T20:25:00Z,-113,-113
Tre Harris,rec_yds,36.5,fanduel,Los Angeles Chargers @ Seattle Seahawks,2026-10-04T20:25:00Z,-113,-113
Rashid Shaheed,rec_yds,23.5,fanduel,Los Angeles Chargers @ Seattle Seahawks,2026-10-04T20:25:00Z,-113,-113
AJ Barner,rec_yds,30.5,fanduel,Los Angeles Chargers @ Seattle Seahawks,2026-10-04T20:25:00Z,-113,-113
Cooper Kupp,rec_yds,21.5,fanduel,Los Angeles Chargers @ Seattle Seahawks,2026-10-04T20:25:00Z,-113,-113
Jaxon Smith-Njigba,rec_yds,93.5,fanduel,Los Angeles Chargers @ Seattle Seahawks,2026-10-04T20:25:00Z,-113,-113
George Holani,rec_yds,9.5,fanduel,Los Angeles Chargers @ Seattle Seahawks,2026-10-04T20:25:00Z,-113,-113
Ladd McConkey,rec_yds,47.5,fanduel,Los Angeles Chargers @ Seattle Seahawks,2026-10-04T20:25:00Z,-113,-113
Quentin Johnston,rec_yds,35.5,fanduel,Los Angeles Chargers @ Seattle Seahawks,2026-10-04T20:25:00Z,-113,-113
Oronde Gadsden II,receptions,2.5,fanduel,Los Angeles Chargers @ Seattle Seahawks,2026-10-04T20:25:00Z,-148,112
Quentin Johnston,receptions,2.5,fanduel,Los Angeles Chargers @ Seattle Seahawks,2026-10-04T20:25:00Z,-188,140
Tre Harris,receptions,3.5,fanduel,Los Angeles Chargers @ Seattle Seahawks,2026-10-04T20:25:00Z,120,-160
Keaton Mitchell,receptions,1.5,fanduel,Los Angeles Chargers @ Seattle Seahawks,2026-10-04T20:25:00Z,-114,-114
Rashid Shaheed,receptions,2.5,fanduel,Los Angeles Chargers @ Seattle Seahawks,2026-10-04T20:25:00Z,124,-166
Jaxon Smith-Njigba,receptions,6.5,fanduel,Los Angeles Chargers @ Seattle Seahawks,2026-10-04T20:25:00Z,-148,112
Cooper Kupp,receptions,2.5,fanduel,Los Angeles Chargers @ Seattle Seahawks,2026-10-04T20:25:00Z,118,-158
Ladd McConkey,receptions,3.5,fanduel,Los Angeles Chargers @ Seattle Seahawks,2026-10-04T20:25:00Z,-172,128
AJ Barner,receptions,3.5,fanduel,Los Angeles Chargers @ Seattle Seahawks,2026-10-04T20:25:00Z,124,-166
Tory Horton,receptions,1.5,fanduel,Los Angeles Chargers @ Seattle Seahawks,2026-10-04T20:25:00Z,142,-192
George Holani,receptions,1.5,fanduel,Los Angeles Chargers @ Seattle Seahawks,2026-10-04T20:25:00Z,-125,-106
Justin Herbert,rush_yds,20.5,fanduel,Los Angeles Chargers @ Seattle Seahawks,2026-10-04T20:25:00Z,-113,-113
Keaton Mitchell,rush_yds,18.5,fanduel,Los Angeles Chargers @ Seattle Seahawks,2026-10-04T20:25:00Z,-113,-113
George Holani,rush_yds,35.5,fanduel,Los Angeles Chargers @ Seattle Seahawks,2026-10-04T20:25:00Z,-113,-113
Omarion Hampton,rush_yds,45.5,fanduel,Los Angeles Chargers @ Seattle Seahawks,2026-10-04T20:25:00Z,-113,-113
Emanuel Wilson,rush_yds,47.5,fanduel,Los Angeles Chargers @ Seattle Seahawks,2026-10-04T20:25:00Z,-113,-113
Sam Darnold,rush_yds,4.5,fanduel,Los Angeles Chargers @ Seattle Seahawks,2026-10-04T20:25:00Z,-113,-113
Los Angeles Chargers D/ST,anytime_td,0.5,betmgm,Los Angeles Chargers @ Seattle Seahawks,2026-10-04T20:25:00Z,650,
Patrick Herbert,anytime_td,0.5,betmgm,Los Angeles Chargers @ Seattle Seahawks,2026-10-04T20:25:00Z,3000,
Keaton Mitchell,anytime_td,0.5,betmgm,Los Angeles Chargers @ Seattle Seahawks,2026-10-04T20:25:00Z,575,
AJ Barner,anytime_td,0.5,betmgm,Los Angeles Chargers @ Seattle Seahawks,2026-10-04T20:25:00Z,250,
Jaxon Smith-Njigba,anytime_td,0.5,betmgm,Los Angeles Chargers @ Seattle Seahawks,2026-10-04T20:25:00Z,-115,
George Holani,anytime_td,0.5,betmgm,Los Angeles Chargers @ Seattle Seahawks,2026-10-04T20:25:00Z,160,
Omarion Hampton,anytime_td,0.5,betmgm,Los Angeles Chargers @ Seattle Seahawks,2026-10-04T20:25:00Z,125,
Ladd McConkey,anytime_td,0.5,betmgm,Los Angeles Chargers @ Seattle Seahawks,2026-10-04T20:25:00Z,290,
Seattle Seahawks D/ST,anytime_td,0.5,betmgm,Los Angeles Chargers @ Seattle Seahawks,2026-10-04T20:25:00Z,425,
Quentin Johnston,anytime_td,0.5,betmgm,Los Angeles Chargers @ Seattle Seahawks,2026-10-04T20:25:00Z,325,
Emanuel Wilson,anytime_td,0.5,betmgm,Los Angeles Chargers @ Seattle Seahawks,2026-10-04T20:25:00Z,110,
Rashid Shaheed,anytime_td,0.5,betmgm,Los Angeles Chargers @ Seattle Seahawks,2026-10-04T20:25:00Z,320,
Tre Harris,anytime_td,0.5,betmgm,Los Angeles Chargers @ Seattle Seahawks,2026-10-04T20:25:00Z,390,
Hayden Rucci,anytime_td,0.5,betmgm,Los Angeles Chargers @ Seattle Seahawks,2026-10-04T20:25:00Z,1350,
Kimani Vidal,anytime_td,0.5,betmgm,Los Angeles Chargers @ Seattle Seahawks,2026-10-04T20:25:00Z,1350,
Sam Darnold,anytime_td,0.5,betmgm,Los Angeles Chargers @ Seattle Seahawks,2026-10-04T20:25:00Z,950,
Tory Horton,anytime_td,0.5,betmgm,Los Angeles Chargers @ Seattle Seahawks,2026-10-04T20:25:00Z,700,
Oronde Gadsden II,anytime_td,0.5,betmgm,Los Angeles Chargers @ Seattle Seahawks,2026-10-04T20:25:00Z,350,
Alec Ingold,anytime_td,0.5,betmgm,Los Angeles Chargers @ Seattle Seahawks,2026-10-04T20:25:00Z,1500,
Justin Herbert,anytime_td,0.5,betmgm,Los Angeles Chargers @ Seattle Seahawks,2026-10-04T20:25:00Z,475,
Cooper Kupp,anytime_td,0.5,betmgm,Los Angeles Chargers @ Seattle Seahawks,2026-10-04T20:25:00Z,350,
Elijah Arroyo,anytime_td,0.5,betmgm,Los Angeles Chargers @ Seattle Seahawks,2026-10-04T20:25:00Z,850,
Brady Russell,anytime_td,0.5,betmgm,Los Angeles Chargers @ Seattle Seahawks,2026-10-04T20:25:00Z,2800,
Eric Saubert,anytime_td,0.5,betmgm,Los Angeles Chargers @ Seattle Seahawks,2026-10-04T20:25:00Z,1450,
Sam Darnold,pass_yds,235.5,betmgm,Los Angeles Chargers @ Seattle Seahawks,2026-10-04T20:25:00Z,-115,-115
Justin Herbert,pass_yds,198.5,betmgm,Los Angeles Chargers @ Seattle Seahawks,2026-10-04T20:25:00Z,-115,-115
Cooper Kupp,rec_yds,24.5,betmgm,Los Angeles Chargers @ Seattle Seahawks,2026-10-04T20:25:00Z,-115,-115
Jaxon Smith-Njigba,rec_yds,90.5,betmgm,Los Angeles Chargers @ Seattle Seahawks,2026-10-04T20:25:00Z,-115,-115
Rashid Shaheed,rec_yds,22.5,betmgm,Los Angeles Chargers @ Seattle Seahawks,2026-10-04T20:25:00Z,-115,-115
AJ Barner,rec_yds,30.5,betmgm,Los Angeles Chargers @ Seattle Seahawks,2026-10-04T20:25:00Z,-111,-118
Tory Horton,rec_yds,8.5,betmgm,Los Angeles Chargers @ Seattle Seahawks,2026-10-04T20:25:00Z,-115,-115
Keaton Mitchell,rec_yds,9.5,betmgm,Los Angeles Chargers @ Seattle Seahawks,2026-10-04T20:25:00Z,-115,-115
Cooper Kupp,receptions,2.5,betmgm,Los Angeles Chargers @ Seattle Seahawks,2026-10-04T20:25:00Z,110,-150
Rashid Shaheed,receptions,2.5,betmgm,Los Angeles Chargers @ Seattle Seahawks,2026-10-04T20:25:00Z,135,-185
AJ Barner,receptions,3.5,betmgm,Los Angeles Chargers @ Seattle Seahawks,2026-10-04T20:25:00Z,120,-160
Jaxon Smith-Njigba,receptions,7.5,betmgm,Los Angeles Chargers @ Seattle Seahawks,2026-10-04T20:25:00Z,105,-145
Justin Herbert,rush_yds,21.5,betmgm,Los Angeles Chargers @ Seattle Seahawks,2026-10-04T20:25:00Z,-115,-115
Sam Darnold,rush_yds,4.5,betmgm,Los Angeles Chargers @ Seattle Seahawks,2026-10-04T20:25:00Z,-120,-111
Keaton Mitchell,rush_yds,17.5,betmgm,Los Angeles Chargers @ Seattle Seahawks,2026-10-04T20:25:00Z,-115,-115
Omarion Hampton,rush_yds,44.5,betmgm,Los Angeles Chargers @ Seattle Seahawks,2026-10-04T20:25:00Z,-115,-115
Jahmyr Gibbs,anytime_td,0.5,draftkings,Detroit Lions @ Carolina Panthers,2026-10-05T00:20:00Z,-330,
Chuba Hubbard,anytime_td,0.5,draftkings,Detroit Lions @ Carolina Panthers,2026-10-05T00:20:00Z,-140,
Amon-Ra St. Brown,anytime_td,0.5,draftkings,Detroit Lions @ Carolina Panthers,2026-10-05T00:20:00Z,-135,
Tetairoa McMillan,anytime_td,0.5,draftkings,Detroit Lions @ Carolina Panthers,2026-10-05T00:20:00Z,150,
Sam LaPorta,anytime_td,0.5,draftkings,Detroit Lions @ Carolina Panthers,2026-10-05T00:20:00Z,185,
Jalen Coker,anytime_td,0.5,draftkings,Detroit Lions @ Carolina Panthers,2026-10-05T00:20:00Z,200,
Jameson Williams,anytime_td,0.5,draftkings,Detroit Lions @ Carolina Panthers,2026-10-05T00:20:00Z,200,
Darren Waller,anytime_td,0.5,draftkings,Detroit Lions @ Carolina Panthers,2026-10-05T00:20:00Z,235,
Detroit Lions D/ST,anytime_td,0.5,draftkings,Detroit Lions @ Carolina Panthers,2026-10-05T00:20:00Z,450,
Tommy Tremble,anytime_td,0.5,draftkings,Detroit Lions @ Carolina Panthers,2026-10-05T00:20:00Z,475,
Bryce Young,anytime_td,0.5,draftkings,Detroit Lions @ Carolina Panthers,2026-10-05T00:20:00Z,475,
Isaac TeSlaa,anytime_td,0.5,draftkings,Detroit Lions @ Carolina Panthers,2026-10-05T00:20:00Z,475,
Carolina Panthers D/ST,anytime_td,0.5,draftkings,Detroit Lions @ Carolina Panthers,2026-10-05T00:20:00Z,600,
John Metchie III,anytime_td,0.5,draftkings,Detroit Lions @ Carolina Panthers,2026-10-05T00:20:00Z,650,
AJ Dillon,anytime_td,0.5,draftkings,Detroit Lions @ Carolina Panthers,2026-10-05T00:20:00Z,700,
Brock Wright,anytime_td,0.5,draftkings,Detroit Lions @ Carolina Panthers,2026-10-05T00:20:00Z,700,
Brycen Tremayne,anytime_td,0.5,draftkings,Detroit Lions @ Carolina Panthers,2026-10-05T00:20:00Z,750,
Sione Vaki,anytime_td,0.5,draftkings,Detroit Lions @ Carolina Panthers,2026-10-05T00:20:00Z,800,
Mitchell Evans,anytime_td,0.5,draftkings,Detroit Lions @ Carolina Panthers,2026-10-05T00:20:00Z,850,
Jared Goff,anytime_td,0.5,draftkings,Detroit Lions @ Carolina Panthers,2026-10-05T00:20:00Z,1200,
Tom Kennedy,anytime_td,0.5,draftkings,Detroit Lions @ Carolina Panthers,2026-10-05T00:20:00Z,1900,
Jackson Meeks,anytime_td,0.5,draftkings,Detroit Lions @ Carolina Panthers,2026-10-05T00:20:00Z,1900,
Tyler Conklin,anytime_td,0.5,draftkings,Detroit Lions @ Carolina Panthers,2026-10-05T00:20:00Z,2200,
David Moore,anytime_td,0.5,draftkings,Detroit Lions @ Carolina Panthers,2026-10-05T00:20:00Z,2200,
Anthony Tyus III,anytime_td,0.5,draftkings,Detroit Lions @ Carolina Panthers,2026-10-05T00:20:00Z,2500,
Jacob Saylors,anytime_td,0.5,draftkings,Detroit Lions @ Carolina Panthers,2026-10-05T00:20:00Z,3000,
Tay Martin,anytime_td,0.5,draftkings,Detroit Lions @ Carolina Panthers,2026-10-05T00:20:00Z,3500,
Ja'Tavion Sanders,anytime_td,0.5,draftkings,Detroit Lions @ Carolina Panthers,2026-10-05T00:20:00Z,4000,
Feleipe Franks,anytime_td,0.5,draftkings,Detroit Lions @ Carolina Panthers,2026-10-05T00:20:00Z,4500,
Jared Goff,pass_yds,255.5,draftkings,Detroit Lions @ Carolina Panthers,2026-10-05T00:20:00Z,-113,-111
Bryce Young,pass_yds,242.5,draftkings,Detroit Lions @ Carolina Panthers,2026-10-05T00:20:00Z,-113,-111
Amon-Ra St. Brown,rec_yds,77.5,draftkings,Detroit Lions @ Carolina Panthers,2026-10-05T00:20:00Z,-110,-114
Tetairoa McMillan,rec_yds,70.5,draftkings,Detroit Lions @ Carolina Panthers,2026-10-05T00:20:00Z,-114,-110
Jameson Williams,rec_yds,49.5,draftkings,Detroit Lions @ Carolina Panthers,2026-10-05T00:20:00Z,-114,-110
Jalen Coker,rec_yds,48.5,draftkings,Detroit Lions @ Carolina Panthers,2026-10-05T00:20:00Z,-113,-111
Sam LaPorta,rec_yds,48.5,draftkings,Detroit Lions @ Carolina Panthers,2026-10-05T00:20:00Z,-111,-113
Jahmyr Gibbs,rec_yds,37.5,draftkings,Detroit Lions @ Carolina Panthers,2026-10-05T00:20:00Z,-115,-109
Darren Waller,rec_yds,30.5,draftkings,Detroit Lions @ Carolina Panthers,2026-10-05T00:20:00Z,-109,-115
Chuba Hubbard,rec_yds,19.5,draftkings,Detroit Lions @ Carolina Panthers,2026-10-05T00:20:00Z,-113,-111
Isaac TeSlaa,rec_yds,17.5,draftkings,Detroit Lions @ Carolina Panthers,2026-10-05T00:20:00Z,-109,-116
Tommy Tremble,rec_yds,12.5,draftkings,Detroit Lions @ Carolina Panthers,2026-10-05T00:20:00Z,-108,-116
Brock Wright,rec_yds,5.5,draftkings,Detroit Lions @ Carolina Panthers,2026-10-05T00:20:00Z,-114,-110
Amon-Ra St. Brown,receptions,6.5,draftkings,Detroit Lions @ Carolina Panthers,2026-10-05T00:20:00Z,-141,110
Tetairoa McMillan,receptions,4.5,draftkings,Detroit Lions @ Carolina Panthers,2026-10-05T00:20:00Z,-154,120
Jahmyr Gibbs,receptions,4.5,draftkings,Detroit Lions @ Carolina Panthers,2026-10-05T00:20:00Z,-128,100
Jalen Coker,receptions,4.5,draftkings,Detroit Lions @ Carolina Panthers,2026-10-05T00:20:00Z,105,-134
Sam LaPorta,receptions,4.5,draftkings,Detroit Lions @ Carolina Panthers,2026-10-05T00:20:00Z,123,-157
Jameson Williams,receptions,3.5,draftkings,Detroit Lions @ Carolina Panthers,2026-10-05T00:20:00Z,104,-132
Darren Waller,receptions,3.5,draftkings,Detroit Lions @ Carolina Panthers,2026-10-05T00:20:00Z,130,-167
Chuba Hubbard,receptions,2.5,draftkings,Detroit Lions @ Carolina Panthers,2026-10-05T00:20:00Z,-164,128
Tommy Tremble,receptions,1.5,draftkings,Detroit Lions @ Carolina Panthers,2026-10-05T00:20:00Z,-143,112
Isaac TeSlaa,receptions,1.5,draftkings,Detroit Lions @ Carolina Panthers,2026-10-05T00:20:00Z,101,-129
Brock Wright,receptions,0.5,draftkings,Detroit Lions @ Carolina Panthers,2026-10-05T00:20:00Z,-152,119
Jahmyr Gibbs,rush_yds,99.5,draftkings,Detroit Lions @ Carolina Panthers,2026-10-05T00:20:00Z,-113,-111
Chuba Hubbard,rush_yds,66.5,draftkings,Detroit Lions @ Carolina Panthers,2026-10-05T00:20:00Z,-112,-112
AJ Dillon,rush_yds,12.5,draftkings,Detroit Lions @ Carolina Panthers,2026-10-05T00:20:00Z,-115,-109
Bryce Young,rush_yds,12.5,draftkings,Detroit Lions @ Carolina Panthers,2026-10-05T00:20:00Z,-109,-115
Sione Vaki,rush_yds,11.5,draftkings,Detroit Lions @ Carolina Panthers,2026-10-05T00:20:00Z,-112,-112
Jared Goff,rush_yds,1.5,draftkings,Detroit Lions @ Carolina Panthers,2026-10-05T00:20:00Z,-103,-122
Jahmyr Gibbs,anytime_td,0.5,fanduel,Detroit Lions @ Carolina Panthers,2026-10-05T00:20:00Z,-350,
Amon-Ra St. Brown,anytime_td,0.5,fanduel,Detroit Lions @ Carolina Panthers,2026-10-05T00:20:00Z,-135,
Chuba Hubbard,anytime_td,0.5,fanduel,Detroit Lions @ Carolina Panthers,2026-10-05T00:20:00Z,-135,
Tetairoa McMillan,anytime_td,0.5,fanduel,Detroit Lions @ Carolina Panthers,2026-10-05T00:20:00Z,155,
Sam LaPorta,anytime_td,0.5,fanduel,Detroit Lions @ Carolina Panthers,2026-10-05T00:20:00Z,180,
Jameson Williams,anytime_td,0.5,fanduel,Detroit Lions @ Carolina Panthers,2026-10-05T00:20:00Z,195,
Jalen Coker,anytime_td,0.5,fanduel,Detroit Lions @ Carolina Panthers,2026-10-05T00:20:00Z,195,
Darren Waller,anytime_td,0.5,fanduel,Detroit Lions @ Carolina Panthers,2026-10-05T00:20:00Z,270,
Isaac TeSlaa,anytime_td,0.5,fanduel,Detroit Lions @ Carolina Panthers,2026-10-05T00:20:00Z,440,
Bryce Young,anytime_td,0.5,fanduel,Detroit Lions @ Carolina Panthers,2026-10-05T00:20:00Z,470,
Tommy Tremble,anytime_td,0.5,fanduel,Detroit Lions @ Carolina Panthers,2026-10-05T00:20:00Z,490,
AJ Dillon,anytime_td,0.5,fanduel,Detroit Lions @ Carolina Panthers,2026-10-05T00:20:00Z,650,
John Metchie III,anytime_td,0.5,fanduel,Detroit Lions @ Carolina Panthers,2026-10-05T00:20:00Z,650,
Brock Wright,anytime_td,0.5,fanduel,Detroit Lions @ Carolina Panthers,2026-10-05T00:20:00Z,700,
Sione Vaki,anytime_td,0.5,fanduel,Detroit Lions @ Carolina Panthers,2026-10-05T00:20:00Z,750,
Carolina Panthers Defense,anytime_td,0.5,fanduel,Detroit Lions @ Carolina Panthers,2026-10-05T00:20:00Z,750,
Brycen Tremayne,anytime_td,0.5,fanduel,Detroit Lions @ Carolina Panthers,2026-10-05T00:20:00Z,750,
Detroit Lions Defense,anytime_td,0.5,fanduel,Detroit Lions @ Carolina Panthers,2026-10-05T00:20:00Z,800,
Mitchell Evans,anytime_td,0.5,fanduel,Detroit Lions @ Carolina Panthers,2026-10-05T00:20:00Z,800,
Jared Goff,anytime_td,0.5,fanduel,Detroit Lions @ Carolina Panthers,2026-10-05T00:20:00Z,1100,
Jackson Meeks,anytime_td,0.5,fanduel,Detroit Lions @ Carolina Panthers,2026-10-05T00:20:00Z,1600,
Tyler Conklin,anytime_td,0.5,fanduel,Detroit Lions @ Carolina Panthers,2026-10-05T00:20:00Z,1600,
Tom Kennedy,anytime_td,0.5,fanduel,Detroit Lions @ Carolina Panthers,2026-10-05T00:20:00Z,1900,
David Moore,anytime_td,0.5,fanduel,Detroit Lions @ Carolina Panthers,2026-10-05T00:20:00Z,2000,
Tay Martin,anytime_td,0.5,fanduel,Detroit Lions @ Carolina Panthers,2026-10-05T00:20:00Z,3000,
Anthony Tyus III,anytime_td,0.5,fanduel,Detroit Lions @ Carolina Panthers,2026-10-05T00:20:00Z,3000,
Jacob Saylors,anytime_td,0.5,fanduel,Detroit Lions @ Carolina Panthers,2026-10-05T00:20:00Z,3300,
Feleipe Franks,anytime_td,0.5,fanduel,Detroit Lions @ Carolina Panthers,2026-10-05T00:20:00Z,3500,
Bryce Young,pass_yds,238.5,fanduel,Detroit Lions @ Carolina Panthers,2026-10-05T00:20:00Z,-114,-114
Jared Goff,pass_yds,257.5,fanduel,Detroit Lions @ Carolina Panthers,2026-10-05T00:20:00Z,-114,-114
Isaac TeSlaa,rec_yds,17.5,fanduel,Detroit Lions @ Carolina Panthers,2026-10-05T00:20:00Z,-114,-114
Jalen Coker,rec_yds,48.5,fanduel,Detroit Lions @ Carolina Panthers,2026-10-05T00:20:00Z,-114,-114
Chuba Hubbard,rec_yds,18.5,fanduel,Detroit Lions @ Carolina Panthers,2026-10-05T00:20:00Z,-114,-114
Jahmyr Gibbs,rec_yds,35.5,fanduel,Detroit Lions @ Carolina Panthers,2026-10-05T00:20:00Z,-114,-114
Brock Wright,rec_yds,5.5,fanduel,Detroit Lions @ Carolina Panthers,2026-10-05T00:20:00Z,-102,-128
Amon-Ra St. Brown,rec_yds,75.5,fanduel,Detroit Lions @ Carolina Panthers,2026-10-05T00:20:00Z,-114,-114
Tetairoa McMillan,rec_yds,70.5,fanduel,Detroit Lions @ Carolina Panthers,2026-10-05T00:20:00Z,-114,-114
Darren Waller,rec_yds,30.5,fanduel,Detroit Lions @ Carolina Panthers,2026-10-05T00:20:00Z,-114,-114
Tommy Tremble,rec_yds,12.5,fanduel,Detroit Lions @ Carolina Panthers,2026-10-05T00:20:00Z,-114,-114
Sam LaPorta,rec_yds,47.5,fanduel,Detroit Lions @ Carolina Panthers,2026-10-05T00:20:00Z,-114,-114
Jameson Williams,rec_yds,50.5,fanduel,Detroit Lions @ Carolina Panthers,2026-10-05T00:20:00Z,-114,-114
Tommy Tremble,receptions,1.5,fanduel,Detroit Lions @ Carolina Panthers,2026-10-05T00:20:00Z,-154,116
Jameson Williams,receptions,3.5,fanduel,Detroit Lions @ Carolina Panthers,2026-10-05T00:20:00Z,-102,-130
Amon-Ra St. Brown,receptions,6.5,fanduel,Detroit Lions @ Carolina Panthers,2026-10-05T00:20:00Z,-148,112
Jalen Coker,receptions,4.5,fanduel,Detroit Lions @ Carolina Panthers,2026-10-05T00:20:00Z,106,-140
Chuba Hubbard,receptions,2.5,fanduel,Detroit Lions @ Carolina Panthers,2026-10-05T00:20:00Z,-158,118
Brock Wright,receptions,0.5,fanduel,Detroit Lions @ Carolina Panthers,2026-10-05T00:20:00Z,-148,112
Darren Waller,receptions,3.5,fanduel,Detroit Lions @ Carolina Panthers,2026-10-05T00:20:00Z,130,-174
Sam LaPorta,receptions,4.5,fanduel,Detroit Lions @ Carolina Panthers,2026-10-05T00:20:00Z,106,-140
Isaac TeSlaa,receptions,1.5,fanduel,Detroit Lions @ Carolina Panthers,2026-10-05T00:20:00Z,106,-140
Tetairoa McMillan,receptions,4.5,fanduel,Detroit Lions @ Carolina Panthers,2026-10-05T00:20:00Z,-172,128
Jahmyr Gibbs,receptions,4.5,fanduel,Detroit Lions @ Carolina Panthers,2026-10-05T00:20:00Z,-130,-102
Jahmyr Gibbs,rush_yds,94.5,fanduel,Detroit Lions @ Carolina Panthers,2026-10-05T00:20:00Z,-114,-114
Sione Vaki,rush_yds,11.5,fanduel,Detroit Lions @ Carolina Panthers,2026-10-05T00:20:00Z,-114,-114
AJ Dillon,rush_yds,13.5,fanduel,Detroit Lions @ Carolina Panthers,2026-10-05T00:20:00Z,-114,-114
Jared Goff,rush_yds,1.5,fanduel,Detroit Lions @ Carolina Panthers,2026-10-05T00:20:00Z,-114,-114
Bryce Young,rush_yds,12.5,fanduel,Detroit Lions @ Carolina Panthers,2026-10-05T00:20:00Z,-114,-114
Chuba Hubbard,rush_yds,66.5,fanduel,Detroit Lions @ Carolina Panthers,2026-10-05T00:20:00Z,-114,-114
Tetairoa McMillan,anytime_td,0.5,betmgm,Detroit Lions @ Carolina Panthers,2026-10-05T00:20:00Z,130,
Bryce Young,anytime_td,0.5,betmgm,Detroit Lions @ Carolina Panthers,2026-10-05T00:20:00Z,575,
Tom Kennedy,anytime_td,0.5,betmgm,Detroit Lions @ Carolina Panthers,2026-10-05T00:20:00Z,2000,
Mitchell Evans,anytime_td,0.5,betmgm,Detroit Lions @ Carolina Panthers,2026-10-05T00:20:00Z,750,
Amon-Ra St. Brown,anytime_td,0.5,betmgm,Detroit Lions @ Carolina Panthers,2026-10-05T00:20:00Z,-115,
Detroit Lions D/ST,anytime_td,0.5,betmgm,Detroit Lions @ Carolina Panthers,2026-10-05T00:20:00Z,525,
Tommy Tremble,anytime_td,0.5,betmgm,Detroit Lions @ Carolina Panthers,2026-10-05T00:20:00Z,500,
Jackson Meeks,anytime_td,0.5,betmgm,Detroit Lions @ Carolina Panthers,2026-10-05T00:20:00Z,2000,
AJ Dillon,anytime_td,0.5,betmgm,Detroit Lions @ Carolina Panthers,2026-10-05T00:20:00Z,700,
Anthony Tyus III,anytime_td,0.5,betmgm,Detroit Lions @ Carolina Panthers,2026-10-05T00:20:00Z,2500,
Sam LaPorta,anytime_td,0.5,betmgm,Detroit Lions @ Carolina Panthers,2026-10-05T00:20:00Z,200,
Carolina Panthers D/ST,anytime_td,0.5,betmgm,Detroit Lions @ Carolina Panthers,2026-10-05T00:20:00Z,575,
John Metchie III,anytime_td,0.5,betmgm,Detroit Lions @ Carolina Panthers,2026-10-05T00:20:00Z,425,
Sione Vaki,anytime_td,0.5,betmgm,Detroit Lions @ Carolina Panthers,2026-10-05T00:20:00Z,425,
Jahmyr Gibbs,anytime_td,0.5,betmgm,Detroit Lions @ Carolina Panthers,2026-10-05T00:20:00Z,-300,
Chuba Hubbard,anytime_td,0.5,betmgm,Detroit Lions @ Carolina Panthers,2026-10-05T00:20:00Z,-140,
Brock Wright,anytime_td,0.5,betmgm,Detroit Lions @ Carolina Panthers,2026-10-05T00:20:00Z,850,
Darren Waller,anytime_td,0.5,betmgm,Detroit Lions @ Carolina Panthers,2026-10-05T00:20:00Z,270,
Isaac TeSlaa,anytime_td,0.5,betmgm,Detroit Lions @ Carolina Panthers,2026-10-05T00:20:00Z,425,
David Moore,anytime_td,0.5,betmgm,Detroit Lions @ Carolina Panthers,2026-10-05T00:20:00Z,1650,
Jameson Williams,anytime_td,0.5,betmgm,Detroit Lions @ Carolina Panthers,2026-10-05T00:20:00Z,220,
Brycen Tremayne,anytime_td,0.5,betmgm,Detroit Lions @ Carolina Panthers,2026-10-05T00:20:00Z,400,
Jalen Coker,anytime_td,0.5,betmgm,Detroit Lions @ Carolina Panthers,2026-10-05T00:20:00Z,175,
Jared Goff,anytime_td,0.5,betmgm,Detroit Lions @ Carolina Panthers,2026-10-05T00:20:00Z,1350,
Jacob Saylors,anytime_td,0.5,betmgm,Detroit Lions @ Carolina Panthers,2026-10-05T00:20:00Z,1600,
Tay Martin,anytime_td,0.5,betmgm,Detroit Lions @ Carolina Panthers,2026-10-05T00:20:00Z,4000,
Jared Goff,pass_yds,263.5,betmgm,Detroit Lions @ Carolina Panthers,2026-10-05T00:20:00Z,115,-155
Sam LaPorta,rec_yds,45.5,betmgm,Detroit Lions @ Carolina Panthers,2026-10-05T00:20:00Z,-115,-115
Chuba Hubbard,rec_yds,17.5,betmgm,Detroit Lions @ Carolina Panthers,2026-10-05T00:20:00Z,-115,-115
Jahmyr Gibbs,rec_yds,37.5,betmgm,Detroit Lions @ Carolina Panthers,2026-10-05T00:20:00Z,-115,-115
Amon-Ra St. Brown,rec_yds,78.5,betmgm,Detroit Lions @ Carolina Panthers,2026-10-05T00:20:00Z,-115,-115
Jameson Williams,rec_yds,48.5,betmgm,Detroit Lions @ Carolina Panthers,2026-10-05T00:20:00Z,-115,-115
Isaac TeSlaa,rec_yds,17.5,betmgm,Detroit Lions @ Carolina Panthers,2026-10-05T00:20:00Z,-115,-115
Isaac TeSlaa,receptions,1.5,betmgm,Detroit Lions @ Carolina Panthers,2026-10-05T00:20:00Z,-110,-120
Amon-Ra St. Brown,receptions,6.5,betmgm,Detroit Lions @ Carolina Panthers,2026-10-05T00:20:00Z,-150,110
Sam LaPorta,receptions,4.5,betmgm,Detroit Lions @ Carolina Panthers,2026-10-05T00:20:00Z,100,-135
Chuba Hubbard,receptions,2.5,betmgm,Detroit Lions @ Carolina Panthers,2026-10-05T00:20:00Z,-150,110
Jahmyr Gibbs,receptions,4.5,betmgm,Detroit Lions @ Carolina Panthers,2026-10-05T00:20:00Z,-111,-120
Bryce Young,rush_yds,11.5,betmgm,Detroit Lions @ Carolina Panthers,2026-10-05T00:20:00Z,-115,-115
Chuba Hubbard,rush_yds,62.5,betmgm,Detroit Lions @ Carolina Panthers,2026-10-05T00:20:00Z,-140,105
AJ Dillon,rush_yds,12.5,betmgm,Detroit Lions @ Carolina Panthers,2026-10-05T00:20:00Z,-120,-110
Jahmyr Gibbs,rush_yds,97.5,betmgm,Detroit Lions @ Carolina Panthers,2026-10-05T00:20:00Z,-115,-115
